0.99999,0.000691548,-0.00102325,0,0.000691649,-0.99999,9.8804e-05,0,-0.00102319,-9.95126e-05,-0.999999,0,0.300422,-4.61047e-05,0.299723,1
0.99999,0.000687462,-0.00101916,0,0.000687563,-0.99999,9.81648e-05,0,-0.0010191,-9.88664e-05,-0.999999,0,0.300423,-4.69357e-05,0.299725,1
0.99999,0.000684544,-0.00102135,0,0.000684643,-0.99999,9.67795e-05,0,-0.00102129,-9.74796e-05,-0.999999,0,0.300422,-4.79463e-05,0.299723,1
0.99999,0.000690237,-0.00101916,0,0.000690336,-0.99999,9.74091e-05,0,-0.0010191,-9.81135e-05,-0.999999,0,0.300423,-4.75964e-05,0.299724,1
0.99999,0.000693005,-0.00102421,0,0.000693103,-0.99999,9.62304e-05,0,-0.00102415,-9.69411e-05,-0.999999,0,0.300421,-4.69168e-05,0.299723,1
0.99999,0.000688797,-0.00102083,0,0.000688898,-0.99999,9.87917e-05,0,-0.00102077,-9.94958e-05,-0.999999,0,0.300421,-4.77526e-05,0.299724,1
0.99999,0.000691514,-0.00102719,0,0.000691614,-0.99999,9.69785e-05,0,-0.00102713,-9.76898e-05,-0.999999,0,0.300421,-4.74567e-05,0.299722,1
0.99999,0.000692726,-0.00101739,0,0.000692826,-0.99999,9.86164e-05,0,-0.00101733,-9.93222e-05,-0.999999,0,0.300423,-4.75126e-05,0.299725,1
0.99999,0.000687552,-0.00101848,0,0.000687654,-0.99999,0.000100036,0,-0.00101842,-0.000100737,-0.999999,0,0.300423,-4.86063e-05,0.299724,1
0.99999,0.000689001,-0.00101418,0,0.000689101,-0.99999,9.89573e-05,0,-0.00101412,-9.96571e-05,-0.999999,0,0.300424,-4.84648e-05,0.299726,1
0.99999,0.000681878,-0.00102041,0,0.000681972,-0.99999,9.11525e-05,0,-0.00102036,-9.18493e-05,-0.999999,0,0.300423,-5.20715e-05,0.299723,1
0.99999,0.000664023,-0.00101396,0,0.00066411,-0.99999,8.48244e-05,0,-0.00101392,-8.54985e-05,-0.999999,0,0.300424,-5.71255e-05,0.299726,1
0.99999,0.000637056,-0.00101571,0,0.000637134,-0.99999,7.65511e-05,0,-0.00101567,-7.7199e-05,-0.999999,0,0.300425,-6.51261e-05,0.299726,1
0.99999,0.000617579,-0.00102025,0,0.00061765,-0.99999,6.92503e-05,0,-0.00102022,-6.9881e-05,-0.999999,0,0.300426,-7.32208e-05,0.299725,1
0.99999,0.000585489,-0.00102751,0,0.000585548,-0.99999,5.79163e-05,0,-0.00102749,-5.85185e-05,-0.999999,0,0.300427,-8.46299e-05,0.299725,1
0.99999,0.000547714,-0.00102299,0,0.000547753,-0.99999,3.80872e-05,0,-0.00102298,-3.86479e-05,-0.999999,0,0.300431,-9.46623e-05,0.299728,1
0.99999,0.00051046,-0.0010311,0,0.000510477,-0.99999,1.60472e-05,0,-0.0010311,-1.65737e-05,-0.999999,0,0.300431,-0.000104955,0.299726,1
0.99999,0.000466298,-0.00102311,0,0.00046629,-0.99999,-8.81121e-06,0,-0.00102312,8.33421e-06,-0.999999,0,0.300436,-0.000116882,0.29973,1
0.99999,0.000422604,-0.00102487,0,0.00042257,-0.99999,-3.33316e-05,0,-0.00102489,3.28989e-05,-0.999999,0,0.300437,-0.000128586,0.299731,1
0.99999,0.000383762,-0.00102679,0,0.000383708,-0.99999,-5.34154e-05,0,-0.00102682,5.30219e-05,-0.999999,0,0.300439,-0.000140733,0.299732,1
0.99999,0.00035572,-0.00103421,0,0.00035565,-0.99999,-6.75224e-05,0,-0.00103425,6.71552e-05,-0.999999,0,0.300441,-0.000151293,0.299731,1
0.99999,0.000325544,-0.00103743,0,0.000325453,-0.99999,-8.78259e-05,0,-0.00103747,8.7489e-05,-0.999999,0,0.300446,-0.000163442,0.299734,1
0.99999,0.000302321,-0.00104063,0,0.000302218,-0.99999,-9.94426e-05,0,-0.00104067,9.9129e-05,-0.999999,0,0.300449,-0.000174502,0.299734,1
0.99999,0.00027042,-0.00103896,0,0.00027031,-0.99999,-0.000106457,0,-0.001039,0.000106177,-0.999999,0,0.300454,-0.000188431,0.299737,1
0.99999,0.000250109,-0.00104131,0,0.000249994,-0.99999,-0.000110682,0,-0.00104135,0.000110423,-0.999999,0,0.300457,-0.000202116,0.29974,1
0.99999,0.000236144,-0.00103909,0,0.000236028,-0.99999,-0.000111688,0,-0.00103913,0.000111444,-0.999999,0,0.300462,-0.000217978,0.299742,1
0.99999,0.000218271,-0.00104096,0,0.000218159,-0.99999,-0.000106798,0,-0.00104099,0.000106572,-0.999999,0,0.300465,-0.000237151,0.299744,1
0.99999,0.000210291,-0.00103871,0,0.000210183,-0.99999,-0.000103964,0,-0.00103874,0.000103747,-0.999999,0,0.30047,-0.000257167,0.299748,1
0.99999,0.000200766,-0.00103503,0,0.000200664,-0.99999,-9.88639e-05,0,-0.00103506,9.86571e-05,-0.999999,0,0.300475,-0.000277745,0.299752,1
0.99999,0.000189167,-0.00103142,0,0.000189063,-0.99999,-0.000100199,0,-0.00103145,0.000100005,-0.999999,0,0.300481,-0.000302095,0.299756,1
0.99999,0.000190148,-0.00102457,0,0.000190046,-0.99999,-9.99573e-05,0,-0.0010246,9.97635e-05,-0.999999,0,0.300488,-0.000327385,0.299763,1
0.99999,0.000189844,-0.00102187,0,0.00018974,-0.99999,-0.00010145,0,-0.0010219,0.000101257,-0.999999,0,0.300495,-0.000355144,0.299767,1
0.99999,0.000197185,-0.00101921,0,0.000197081,-0.99999,-0.00010262,0,-0.00101924,0.00010242,-0.999999,0,0.300501,-0.000384611,0.299772,1
0.99999,0.000204423,-0.00101204,0,0.000204317,-0.99999,-0.000105716,0,-0.00101207,0.00010551,-0.999999,0,0.30051,-0.000415204,0.299779,1
0.99999,0.00021013,-0.00101063,0,0.000210025,-0.99999,-0.000104315,0,-0.00101066,0.000104104,-0.999999,0,0.300517,-0.000447477,0.299784,1
0.99999,0.000234063,-0.00100542,0,0.000233964,-0.99999,-9.82058e-05,0,-0.00100545,9.79714e-05,-0.999999,0,0.300525,-0.000481219,0.29979,1
0.99999,0.000254654,-0.00099814,0,0.000254553,-0.99999,-0.000101064,0,-0.000998175,0.000100811,-0.999999,0,0.300535,-0.000515458,0.299799,1
0.99999,0.000279998,-0.000998789,0,0.000279907,-0.99999,-9.18988e-05,0,-0.000998824,9.16201e-05,-0.999999,0,0.300543,-0.000550828,0.299804,1
0.99999,0.00032081,-0.000994636,0,0.000320727,-0.99999,-8.32646e-05,0,-0.000994672,8.29464e-05,-1,0,0.300553,-0.000586366,0.299811,1
0.99999,0.000346555,-0.000989846,0,0.000346481,-0.99999,-7.50902e-05,0,-0.000989882,7.47479e-05,-1,0,0.300563,-0.000624912,0.299818,1
0.99999,0.00038522,-0.000979653,0,0.000385159,-0.99999,-6.24755e-05,0,-0.000979687,6.20987e-05,-1,0,0.300574,-0.000662601,0.299827,1
0.99999,0.000412893,-0.000977716,0,0.000412841,-0.99999,-5.36631e-05,0,-0.000977747,5.326e-05,-1,0,0.300584,-0.000705185,0.299834,1
0.99999,0.000439868,-0.000966435,0,0.000439826,-0.99999,-4.29943e-05,0,-0.000966463,4.25696e-05,-1,0,0.300597,-0.000749327,0.299845,1
0.99999,0.000464188,-0.000962687,0,0.00046415,-0.99999,-3.92184e-05,0,-0.000962715,3.87719e-05,-1,0,0.300607,-0.000793041,0.299853,1
0.99999,0.000485969,-0.000958872,0,0.000485938,-0.99999,-3.23995e-05,0,-0.000958897,3.19338e-05,-1,0,0.300619,-0.000838779,0.299862,1
0.99999,0.000506001,-0.000952881,0,0.000505974,-0.99999,-2.82772e-05,0,-0.000952904,2.77954e-05,-1,0,0.300631,-0.000885483,0.299871,1
0.99999,0.000524297,-0.000943505,0,0.000524274,-0.99999,-2.38091e-05,0,-0.000943527,2.33146e-05,-1,0,0.300645,-0.000933942,0.299883,1
0.99999,0.000539209,-0.00094129,0,0.000539185,-0.99999,-2.59368e-05,0,-0.000941313,2.54295e-05,-1,0,0.300657,-0.000984092,0.299892,1
0.99999,0.000547658,-0.000934575,0,0.000547637,-0.99999,-2.22475e-05,0,-0.000934597,2.17359e-05,-1,0,0.30067,-0.00103588,0.299903,1
0.99999,0.000560651,-0.000925389,0,0.000560631,-0.99999,-2.21018e-05,0,-0.000925411,2.15832e-05,-1,0,0.300685,-0.0010869,0.299916,1
0.99999,0.000570337,-0.000929236,0,0.000570319,-0.99999,-1.92728e-05,0,-0.000929256,1.8743e-05,-1,0,0.300697,-0.00114061,0.299923,1
0.99999,0.000577113,-0.000912457,0,0.000577095,-0.99999,-1.96027e-05,0,-0.000912477,1.90763e-05,-1,0,0.300713,-0.00119556,0.299937,1
0.99999,0.000589548,-0.000911402,0,0.000589533,-0.99999,-1.73252e-05,0,-0.000911421,1.6788e-05,-1,0,0.300726,-0.00124976,0.299948,1
0.99999,0.000597334,-0.000906043,0,0.00059732,-0.99999,-1.52203e-05,0,-0.00090606,1.46792e-05,-1,0,0.300741,-0.00130709,0.29996,1
0.99999,0.000606849,-0.000902001,0,0.000606838,-0.99999,-1.24799e-05,0,-0.000902017,1.19327e-05,-1,0,0.300756,-0.00136484,0.299972,1
0.99999,0.000615747,-0.000903225,0,0.000615743,-0.99999,-5.61636e-06,0,-0.000903237,5.06024e-06,-1,0,0.300771,-0.00142529,0.299983,1
0.99999,0.000616011,-0.000893574,0,0.00061601,-0.99999,-1.84662e-06,0,-0.000893584,1.29618e-06,-1,0,0.300787,-0.00148872,0.299997,1
0.99999,0.000620385,-0.000890645,0,0.000620385,-0.99999,-3.36506e-07,0,-0.000890654,-2.16044e-07,-1,0,0.300801,-0.00155124,0.300009,1
0.99999,0.00063726,-0.000885957,0,0.000637267,-0.99999,7.94632e-06,0,-0.000885961,-8.511e-06,-1,0,0.300817,-0.0016141,0.300024,1
0.99999,0.000640541,-0.000878571,0,0.000640547,-0.99999,6.22011e-06,0,-0.000878576,-6.78294e-06,-1,0,0.300835,-0.00167934,0.30004,1
0.99999,0.00064978,-0.000876577,0,0.000649785,-0.99999,5.22577e-06,0,-0.000876582,-5.79542e-06,-1,0,0.300851,-0.00174618,0.300054,1
0.99999,0.000650625,-0.000870952,0,0.000650628,-0.99999,2.84289e-06,0,-0.000870959,-3.40959e-06,-1,0,0.300869,-0.00181482,0.300071,1
0.99999,0.000657481,-0.000875113,0,0.000657484,-0.99999,3.20391e-06,0,-0.000875119,-3.77932e-06,-1,0,0.300885,-0.00188291,0.300084,1
0.99999,0.000662219,-0.000883814,0,0.000662218,-0.99999,-1.78029e-06,0,-0.000883824,1.19502e-06,-1,0,0.300901,-0.0019551,0.300095,1
0.99999,0.000670932,-0.000886257,0,0.000670927,-0.99999,-6.53263e-06,0,-0.000886269,5.93806e-06,-1,0,0.300918,-0.00202721,0.30011,1
0.99999,0.000681979,-0.000892644,0,0.000681976,-0.99999,-3.72646e-06,0,-0.000892655,3.11772e-06,-1,0,0.300935,-0.00209878,0.300124,1
0.99999,0.000682313,-0.00089643,0,0.000682307,-0.99999,-7.66698e-06,0,-0.000896444,7.0554e-06,-1,0,0.300951,-0.00217655,0.300137,1
0.99999,0.00069643,-0.000893102,0,0.000696425,-0.99999,-6.10306e-06,0,-0.000893115,5.48112e-06,-1,0,0.30097,-0.0022511,0.300154,1
0.99999,0.000701821,-0.000898717,0,0.000701811,-0.99999,-1.11275e-05,0,-0.000898733,1.04968e-05,-1,0,0.300987,-0.00232682,0.300168,1
0.99999,0.000703684,-0.000888028,0,0.000703669,-0.99999,-1.81872e-05,0,-0.000888049,1.75625e-05,-1,0,0.301048,-0.0025666,0.300222,1
0.99999,0.000705574,-0.000878963,0,0.000705554,-0.99999,-2.38342e-05,0,-0.000878988,2.32142e-05,-1,0,0.30107,-0.00264716,0.300242,1
0.99999,0.000702763,-0.000873119,0,0.000702742,-0.99999,-2.35236e-05,0,-0.000873144,2.29102e-05,-1,0,0.301091,-0.00272819,0.30026,1
0.99999,0.000695807,-0.000867412,0,0.00069579,-0.99999,-2.09302e-05,0,-0.000867434,2.03269e-05,-1,0,0.301111,-0.00281435,0.300278,1
0.99999,0.000672042,-0.000861227,0,0.000672017,-0.99999,-2.87072e-05,0,-0.000861255,2.81287e-05,-1,0,0.301133,-0.00290344,0.300297,1
0.99999,0.000658432,-0.000879618,0,0.000658395,-0.99999,-4.24992e-05,0,-0.000879654,4.19204e-05,-1,0,0.301155,-0.00299137,0.300308,1
0.99999,0.000670549,-0.000891385,0,0.000670512,-0.99999,-4.25956e-05,0,-0.000891421,4.19983e-05,-1,0,0.301178,-0.00307654,0.300322,1
0.99999,0.000688597,-0.000884213,0,0.000688567,-0.99999,-3.44516e-05,0,-0.000884245,3.3843e-05,-1,0,0.301201,-0.00316193,0.300343,1
0.99999,0.000671968,-0.000880626,0,0.000671928,-0.99999,-4.57534e-05,0,-0.000880665,4.51621e-05,-1,0,0.301222,-0.00325591,0.300367,1
0.99999,0.000633653,-0.000876043,0,0.000633598,-0.99999,-6.37192e-05,0,-0.000876092,6.31647e-05,-1,0,0.301243,-0.0033555,0.30039,1
0.99999,0.000600376,-0.000854189,0,0.000600311,-0.99999,-7.71953e-05,0,-0.000854244,7.66833e-05,-1,0,0.301266,-0.00345204,0.300416,1
0.99999,0.000599783,-0.000841626,0,0.000599721,-0.99999,-7.3801e-05,0,-0.000841678,7.32969e-05,-1,0,0.301288,-0.00354489,0.300437,1
0.99999,0.000636055,-0.000836752,0,0.000635998,-0.99999,-6.84998e-05,0,-0.000836803,6.79683e-05,-1,0,0.30131,-0.00362903,0.300457,1
0.99999,0.00065054,-0.00083958,0,0.000650495,-0.99999,-5.38238e-05,0,-0.000839623,5.32781e-05,-1,0,0.301335,-0.00372708,0.300477,1
0.99999,0.000614723,-0.000839376,0,0.000614682,-0.99999,-4.97726e-05,0,-0.000839414,4.92571e-05,-1,0,0.30136,-0.00383476,0.300499,1
0.99999,0.000583046,-0.000873662,0,0.000582997,-0.99999,-5.66632e-05,0,-0.000873703,5.61543e-05,-1,0,0.301382,-0.0039405,0.300508,1
0.99999,0.000593505,-0.000856372,0,0.000593474,-0.99999,-3.66151e-05,0,-0.000856402,3.61072e-05,-1,0,0.301415,-0.00404325,0.300531,1
0.99999,0.000647687,-0.000840963,0,0.000647655,-0.99999,-3.78309e-05,0,-0.000840995,3.72866e-05,-1,0,0.301452,-0.00413961,0.300561,1
0.99999,0.000656271,-0.000861373,0,0.000656214,-0.99999,-6.60683e-05,0,-0.000861424,6.55037e-05,-1,0,0.301474,-0.00423662,0.300581,1
0.99999,0.000604077,-0.000867467,0,0.000604011,-0.99999,-7.59487e-05,0,-0.000867521,7.54254e-05,-1,0,0.301496,-0.00434942,0.300603,1
0.99999,0.000561332,-0.000811872,0,0.000561275,-0.99999,-7.03725e-05,0,-0.000811919,6.99174e-05,-1,0,0.301529,-0.00446681,0.300644,1
0.99999,0.000547092,-0.000817476,0,0.000547024,-0.99999,-8.31878e-05,0,-0.000817529,8.27414e-05,-1,0,0.301547,-0.00458201,0.30066,1
0.99999,0.000568614,-0.000803609,0,0.000568537,-0.99999,-9.69804e-05,0,-0.000803672,9.65243e-05,-1,0,0.301573,-0.00469115,0.300681,1
0.99999,0.000590676,-0.000775542,0,0.000590607,-0.99999,-8.92701e-05,0,-0.000775602,8.88128e-05,-1,0,0.30161,-0.00480191,0.300714,1
0.99999,0.000553927,-0.000812973,0,0.000553843,-0.99999,-0.00010391,0,-0.000813039,0.000103461,-1,0,0.30163,-0.00491464,0.30073,1
0.99999,0.000520331,-0.000849318,0,0.000520225,-0.99999,-0.000125483,0,-0.000849391,0.000125042,-1,0,0.301654,-0.00503048,0.300745,1
0.99999,0.000520559,-0.000832376,0,0.000520457,-0.99999,-0.000122702,0,-0.000832448,0.000122269,-1,0,0.301692,-0.00515198,0.300772,1
0.99999,0.000534118,-0.000840678,0,0.000534024,-0.99999,-0.000111749,0,-0.000840745,0.000111301,-1,0,0.301721,-0.00527051,0.30079,1
0.99999,0.000575719,-0.000849108,0,0.000575622,-0.99999,-0.000115223,0,-0.000849182,0.000114736,-1,0,0.301747,-0.0053785,0.30081,1
0.99999,0.000561421,-0.000856546,0,0.000561316,-0.99999,-0.000122987,0,-0.000856623,0.000122508,-1,0,0.301775,-0.00549675,0.300837,1
0.99999,0.000534769,-0.000870795,0,0.000534656,-0.99999,-0.000129599,0,-0.000870872,0.000129135,-1,0,0.3018,-0.0056156,0.300863,1
0.99999,0.000539,-0.000882616,0,0.000538876,-0.99999,-0.000140698,0,-0.0008827,0.000140224,-1,0,0.301828,-0.0057353,0.300885,1
0.99999,0.000565827,-0.000896588,0,0.000565706,-0.99999,-0.00013483,0,-0.000896673,0.000134324,-1,0,0.301859,-0.00585587,0.300904,1
0.99999,0.00056825,-0.00089542,0,0.000568149,-0.99999,-0.00011289,0,-0.000895493,0.000112382,-1,0,0.301895,-0.00598675,0.300929,1
0.99999,0.000538054,-0.000907331,0,0.000537946,-0.99999,-0.000119316,0,-0.000907404,0.000118829,-1,0,0.301926,-0.00611676,0.300953,1
0.99999,0.000509489,-0.000953791,0,0.000509355,-0.99999,-0.000141399,0,-0.000953872,0.000140915,-1,0,0.301949,-0.0062424,0.300969,1
0.99999,0.000503123,-0.000946593,0,0.00050298,-0.99999,-0.000151116,0,-0.000946678,0.000150641,-1,0,0.301984,-0.00637074,0.301003,1
0.99999,0.000529516,-0.000930155,0,0.000529368,-0.99999,-0.000159681,0,-0.000930249,0.00015919,-1,0,0.302018,-0.00649328,0.301034,1
0.99999,0.000536092,-0.000918473,0,0.000535942,-0.99999,-0.000163352,0,-0.000918569,0.000162861,-1,0,0.302047,-0.0066197,0.301061,1
0.99999,0.000522468,-0.000889153,0,0.000522335,-0.99999,-0.000149769,0,-0.00088924,0.000149306,-1,0,0.302085,-0.00675729,0.301096,1
0.99999,0.000524116,-0.0008975,0,0.00052398,-0.99999,-0.000150966,0,-0.000897588,0.000150497,-1,0,0.302114,-0.00688906,0.30112,1
0.99999,0.00053903,-0.000925614,0,0.00053888,-0.99999,-0.000162149,0,-0.00092571,0.000161652,-1,0,0.30214,-0.00701513,0.30114,1
0.99999,0.000562613,-0.00090812,0,0.000562466,-0.99999,-0.000161828,0,-0.000908219,0.000161319,-1,0,0.302179,-0.0071436,0.301177,1
0.99999,0.000566657,-0.000903358,0,0.000566506,-0.99999,-0.00016735,0,-0.000903461,0.00016684,-1,0,0.302216,-0.00727617,0.301209,1
0.99999,0.000578207,-0.000919902,0,0.00057804,-0.99999,-0.00018157,0,-0.000920016,0.00018104,-1,0,0.302243,-0.00740712,0.301232,1
0.99999,0.000580842,-0.000908684,0,0.000580679,-0.99999,-0.000179151,0,-0.000908797,0.000178625,-1,0,0.302277,-0.00754419,0.301261,1
0.99999,0.000600515,-0.000879016,0,0.000600367,-0.99999,-0.000168811,0,-0.000879126,0.000168285,-1,0,0.302313,-0.00768595,0.301297,1
0.99999,0.000627103,-0.000873027,0,0.000626949,-0.99999,-0.000176666,0,-0.000873146,0.000176121,-1,0,0.302346,-0.00782371,0.301326,1
0.99999,0.000635606,-0.000870786,0,0.000635449,-0.99999,-0.000180592,0,-0.000870909,0.00018004,-1,0,0.302378,-0.007959,0.301354,1
0.99999,0.000638379,-0.000855986,0,0.000638231,-0.99999,-0.000174003,0,-0.000856106,0.000173458,-1,0,0.302417,-0.00810188,0.301388,1
0.99999,0.000655758,-0.000859476,0,0.000655607,-0.99999,-0.000176153,0,-0.0008596,0.000175591,-1,0,0.302453,-0.00824244,0.301415,1
0.99999,0.000680189,-0.000871364,0,0.000680028,-0.99999,-0.000184786,0,-0.000871498,0.000184195,-1,0,0.302487,-0.00838601,0.30144,1
0.99999,0.000703641,-0.000878809,0,0.000703476,-0.99999,-0.000188686,0,-0.00087895,0.00018807,-1,0,0.302524,-0.00853265,0.301471,1
0.99999,0.000702887,-0.00088225,0,0.000702721,-0.99999,-0.000188707,0,-0.000882391,0.000188088,-1,0,0.302559,-0.00867807,0.3015,1
0.99999,0.00071848,-0.000875899,0,0.000718314,-0.99999,-0.000189587,0,-0.000876043,0.000188959,-1,0,0.302595,-0.00882437,0.301531,1
0.99999,0.000734677,-0.000887553,0,0.000734503,-0.99999,-0.000196423,0,-0.000887706,0.000195772,-1,0,0.30263,-0.00897643,0.301558,1
0.99999,0.000752918,-0.000895471,0,0.000752741,-0.99999,-0.000197936,0,-0.000895629,0.000197264,-1,0,0.302666,-0.00912561,0.301586,1
0.99999,0.000728909,-0.000900723,0,0.000728725,-0.99999,-0.00020413,0,-0.000900881,0.000203475,-1,0,0.302704,-0.00928291,0.301615,1
0.99999,0.000718861,-0.000932845,0,0.000718672,-0.99999,-0.000203331,0,-0.000933,0.000202663,-1,0,0.302739,-0.00943504,0.301637,1
0.99999,0.000703756,-0.000957385,0,0.000703557,-0.99999,-0.000209144,0,-0.000957542,0.000208472,-1,0,0.302776,-0.00959238,0.301665,1
0.99999,0.000702469,-0.000972308,0,0.000702264,-0.99999,-0.000211595,0,-0.000972466,0.000210914,-1,0,0.302814,-0.00975254,0.301694,1
0.99999,0.000686802,-0.000990267,0,0.000686587,-0.99999,-0.000216489,0,-0.000990425,0.000215811,-0.999999,0,0.30285,-0.00991338,0.301719,1
0.99999,0.000660313,-0.00099738,0,0.000660102,-0.99999,-0.000212246,0,-0.00099753,0.000211589,-0.999999,0,0.302886,-0.0100759,0.301748,1
0.99999,0.000626345,-0.00100069,0,0.000626134,-0.99999,-0.00021144,0,-0.00100083,0.000210815,-0.999999,0,0.302923,-0.0102404,0.301779,1
0.99999,0.000607569,-0.00100495,0,0.000607346,-0.99999,-0.000221944,0,-0.00100509,0.000221336,-0.999999,0,0.302961,-0.0104067,0.301813,1
0.99999,0.000586873,-0.00101261,0,0.000586643,-0.99999,-0.000227221,0,-0.00101275,0.000226629,-0.999999,0,0.302998,-0.0105727,0.301847,1
0.99999,0.000566615,-0.00102056,0,0.000566384,-0.99999,-0.000226629,0,-0.00102069,0.000226053,-0.999999,0,0.303035,-0.0107393,0.301878,1
0.99999,0.000533987,-0.00102677,0,0.000533752,-0.99999,-0.000228984,0,-0.0010269,0.000228438,-0.999999,0,0.303073,-0.0109125,0.301911,1
0.99999,0.00049099,-0.00103397,0,0.000490753,-0.99999,-0.000229948,0,-0.00103409,0.000229443,-0.999999,0,0.303111,-0.0110873,0.301942,1
0.99999,0.000481993,-0.00102941,0,0.000481757,-0.99999,-0.00023008,0,-0.00102953,0.000229587,-0.999999,0,0.303152,-0.011258,0.30198,1
0.99999,0.000460393,-0.0010158,0,0.000460153,-0.99999,-0.000237301,0,-0.00101592,0.000236836,-0.999999,0,0.303194,-0.0114315,0.302019,1
0.99999,0.000431008,-0.00102265,0,0.000430756,-0.99999,-0.000246334,0,-0.00102276,0.000245896,-0.999999,0,0.303229,-0.0116018,0.302051,1
0.99999,0.000419359,-0.00100818,0,0.000419117,-0.99999,-0.000239464,0,-0.00100829,0.000239043,-0.999999,0,0.303271,-0.0117766,0.302089,1
0.99999,0.000396888,-0.000983343,0,0.000396659,-0.99999,-0.00023336,0,-0.000983445,0.000232972,-0.999999,0,0.303315,-0.0119547,0.302134,1
0.99999,0.000391434,-0.000994252,0,0.000391202,-0.99999,-0.000232783,0,-0.000994352,0.000232396,-0.999999,0,0.303354,-0.0121253,0.302168,1
0.99999,0.00039807,-0.000997987,0,0.000397844,-0.99999,-0.000226551,0,-0.000998087,0.000226156,-0.999999,0,0.303396,-0.0122982,0.302204,1
0.99999,0.000393305,-0.00100074,0,0.000393085,-0.99999,-0.000219685,0,-0.00100084,0.000219294,-0.999999,0,0.303437,-0.0124732,0.302241,1
0.99999,0.000392873,-0.000991371,0,0.000392654,-0.99999,-0.000221077,0,-0.000991468,0.00022069,-0.999999,0,0.303481,-0.0126479,0.302282,1
0.99999,0.000394286,-0.000978457,0,0.00039407,-0.99999,-0.0002215,0,-0.000978554,0.000221116,-0.999999,0,0.303525,-0.0128264,0.302323,1
0.99999,0.000392687,-0.000978538,0,0.000392476,-0.99999,-0.000215702,0,-0.000978632,0.00021532,-0.999999,0,0.303568,-0.0130043,0.302358,1
0.99999,0.000399708,-0.000979151,0,0.000399504,-0.99999,-0.000208755,0,-0.000979244,0.000208365,-0.999999,0,0.30361,-0.0131853,0.302395,1
0.99999,0.000384151,-0.000978941,0,0.00038394,-0.99999,-0.000215448,0,-0.000979033,0.000215074,-0.999999,0,0.303653,-0.0133672,0.302432,1
0.99999,0.000375554,-0.000966505,0,0.000375343,-0.99999,-0.000218802,0,-0.000966597,0.000218441,-1,0,0.3037,-0.0135509,0.302476,1
0.99999,0.000372303,-0.000963615,0,0.000372087,-0.99999,-0.000224477,0,-0.000963708,0.00022412,-1,0,0.303745,-0.0137346,0.302515,1
0.99999,0.00036582,-0.000962822,0,0.000365597,-0.99999,-0.000231463,0,-0.000962916,0.000231113,-1,0,0.303792,-0.0139169,0.302553,1
0.99999,0.000369106,-0.000953416,0,0.000368882,-0.99999,-0.000235446,0,-0.000953512,0.000235096,-1,0,0.303841,-0.0141019,0.302595,1
0.99999,0.000355666,-0.000949513,0,0.000355444,-0.99999,-0.000233355,0,-0.000949605,0.00023302,-1,0,0.303889,-0.0142919,0.302636,1
0.99999,0.000352718,-0.000952743,0,0.000352497,-0.99999,-0.000232344,0,-0.000952834,0.00023201,-1,0,0.303937,-0.0144809,0.302675,1
0.99999,0.000361398,-0.000956536,0,0.00036117,-0.99999,-0.00023839,0,-0.000956631,0.000238047,-1,0,0.303983,-0.014667,0.302713,1
0.99999,0.000378087,-0.000953681,0,0.000377857,-0.99999,-0.000242044,0,-0.000953781,0.000241686,-1,0,0.304033,-0.0148539,0.302755,1
0.99999,0.000387247,-0.00095619,0,0.000387013,-0.99999,-0.000244959,0,-0.000956294,0.000244591,-1,0,0.304079,-0.0150447,0.302795,1
0.99999,0.00040025,-0.000952525,0,0.000400017,-0.99999,-0.000244536,0,-0.000952632,0.000244158,-1,0,0.304127,-0.0152347,0.302836,1
0.99999,0.000406176,-0.00095132,0,0.000405948,-0.99999,-0.000240316,0,-0.000951427,0.000239932,-1,0,0.304176,-0.0154281,0.302877,1
0.99999,0.000431823,-0.000933505,0,0.000431601,-0.99999,-0.000238009,0,-0.000933617,0.000237609,-1,0,0.304229,-0.0156239,0.302926,1
0.99999,0.000454222,-0.000945946,0,0.000453996,-0.99999,-0.000238399,0,-0.000946063,0.000237972,-1,0,0.304276,-0.0158168,0.302963,1
0.99999,0.000480088,-0.000946055,0,0.000479862,-0.99999,-0.000238861,0,-0.000946179,0.000238409,-1,0,0.304324,-0.0160097,0.303005,1
0.99999,0.000492811,-0.000929287,0,0.000492592,-0.99999,-0.000236727,0,-0.000929413,0.000236271,-1,0,0.304376,-0.0162076,0.303053,1
0.99999,0.000502903,-0.000921759,0,0.000502681,-0.99999,-0.000241744,0,-0.000921889,0.000241283,-1,0,0.304425,-0.0164047,0.303097,1
0.99999,0.00052124,-0.000920105,0,0.000521013,-0.99999,-0.000246715,0,-0.000920242,0.000246237,-1,0,0.304475,-0.0166014,0.303141,1
0.99999,0.00055397,-0.00088104,0,0.000553755,-0.99999,-0.000244711,0,-0.000881184,0.000244225,-1,0,0.304582,-0.0169978,0.303239,1
0.99999,0.000569649,-0.00087047,0,0.000569435,-0.99999,-0.000246143,0,-0.000870618,0.00024565,-1,0,0.304634,-0.0171982,0.303288,1
0.99999,0.000582434,-0.000877752,0,0.000582221,-0.99999,-0.000242901,0,-0.000877902,0.000242392,-1,0,0.304684,-0.0173994,0.303331,1
0.99999,0.000582613,-0.000856853,0,0.00058241,-0.99999,-0.000238093,0,-0.000857,0.000237596,-1,0,0.304739,-0.0176068,0.303383,1
0.99999,0.000585965,-0.000848974,0,0.000585763,-0.99999,-0.000237796,0,-0.000849121,0.000237301,-1,0,0.304793,-0.0178134,0.30343,1
0.99999,0.000598911,-0.00084071,0,0.000598713,-0.99999,-0.000235224,0,-0.000840859,0.000234723,-1,0,0.304847,-0.0180188,0.303477,1
0.99999,0.00059878,-0.000822726,0,0.000598588,-0.99999,-0.000232901,0,-0.000822873,0.000232411,-1,0,0.304903,-0.0182306,0.30353,1
0.99999,0.00059541,-0.000803458,0,0.000595221,-0.99999,-0.000234642,0,-0.000803605,0.000234166,-1,0,0.304959,-0.0184418,0.303581,1
0.99999,0.000587519,-0.000796662,0,0.000587331,-0.99999,-0.000236071,0,-0.000796808,0.000235605,-1,0,0.305012,-0.0186593,0.303628,1
0.99999,0.000575124,-0.000785311,0,0.000574933,-0.99999,-0.00024298,0,-0.000785459,0.000242531,-1,0,0.305064,-0.0188808,0.303678,1
0.99999,0.000568663,-0.000759722,0,0.000568479,-0.99999,-0.000242542,0,-0.000759867,0.000242113,-1,0,0.305123,-0.0191003,0.303734,1
0.99999,0.000540501,-0.000736642,0,0.000540319,-0.99999,-0.000246695,0,-0.000736783,0.000246299,-1,0,0.305179,-0.0193277,0.303789,1
0.99999,0.00052389,-0.000739461,0,0.000523705,-0.99999,-0.000250493,0,-0.000739599,0.000250108,-1,0,0.305232,-0.0195506,0.303836,1
0.99999,0.000504291,-0.000721536,0,0.000504108,-0.99999,-0.000254461,0,-0.000721671,0.000254099,-1,0,0.30529,-0.0197794,0.30389,1
0.99999,0.000506566,-0.000701098,0,0.000506386,-0.99999,-0.000256408,0,-0.000701235,0.000256056,-1,0,0.305348,-0.0200081,0.303944,1
0.99999,0.000497599,-0.00070864,0,0.000497416,-0.99999,-0.000258558,0,-0.000708775,0.000258208,-1,0,0.3054,-0.020235,0.303986,1
0.99999,0.000485046,-0.000685596,0,0.00048487,-0.99999,-0.000257588,0,-0.000685727,0.000257258,-1,0,0.30546,-0.0204697,0.304043,1
0.99999,0.000498663,-0.000677776,0,0.000498491,-0.99999,-0.000253075,0,-0.000677909,0.00025274,-1,0,0.305516,-0.0206973,0.304094,1
0.99999,0.000506598,-0.000663044,0,0.00050643,-0.99999,-0.000254514,0,-0.000663179,0.00025418,-1,0,0.305573,-0.0209299,0.304147,1
0.99999,0.000517561,-0.000646054,0,0.000517402,-0.99999,-0.000247159,0,-0.000646188,0.000246827,-1,0,0.305634,-0.0211636,0.304201,1
0.99999,0.00053181,-0.000636972,0,0.000531653,-0.99999,-0.000245726,0,-0.000637108,0.00024539,-1,0,0.305693,-0.0213948,0.304253,1
0.99999,0.00054704,-0.000633705,0,0.000546885,-0.99999,-0.000245572,0,-0.000633846,0.000245228,-1,0,0.305749,-0.0216309,0.304303,1
0.99999,0.000569093,-0.000621992,0,0.00056894,-0.99999,-0.000246242,0,-0.000622138,0.00024589,-1,0,0.305808,-0.0218677,0.304355,1
0.99999,0.000579806,-0.000609574,0,0.000579658,-0.99999,-0.000243959,0,-0.000609721,0.000243608,-1,0,0.305868,-0.0221048,0.304409,1
0.99999,0.000583548,-0.000602407,0,0.000583398,-0.99999,-0.000248819,0,-0.000602558,0.00024847,-1,0,0.305926,-0.0223422,0.304461,1
0.99999,0.000591839,-0.000591706,0,0.000591689,-0.99999,-0.000253467,0,-0.000591861,0.00025312,-1,0,0.305987,-0.0225769,0.304515,1
0.99999,0.000596546,-0.000578634,0,0.0005964,-0.99999,-0.000252404,0,-0.00057879,0.000252061,-1,0,0.306048,-0.0228165,0.30457,1
0.99999,0.000590316,-0.000572684,0,0.000590167,-0.99999,-0.000259864,0,-0.000572842,0.000259528,-1,0,0.306107,-0.0230568,0.304621,1
0.99999,0.000583648,-0.000554276,0,0.0005835,-0.99999,-0.000267438,0,-0.000554438,0.000267117,-1,0,0.30617,-0.0232959,0.304678,1
0.99999,0.000584011,-0.000547466,0,0.000583866,-0.99999,-0.000263455,0,-0.000547625,0.000263137,-1,0,0.306232,-0.0235394,0.304731,1
0.99999,0.00057979,-0.000549504,0,0.000579645,-0.99999,-0.000265048,0,-0.000549663,0.000264731,-1,0,0.306291,-0.0237795,0.304783,1
0.99999,0.000577677,-0.000540491,0,0.000577533,-0.99999,-0.000266278,0,-0.00054065,0.000265968,-1,0,0.306354,-0.02402,0.304839,1
0.99999,0.000573433,-0.000531218,0,0.000573292,-0.99999,-0.000265808,0,-0.000531376,0.000265506,-1,0,0.306418,-0.0242637,0.304895,1
0.99999,0.000571837,-0.000536337,0,0.000571695,-0.99999,-0.000264653,0,-0.000536493,0.000264349,-1,0,0.306479,-0.0245028,0.304947,1
0.99999,0.000571873,-0.000526888,0,0.000571736,-0.99999,-0.000258418,0,-0.000527041,0.000258119,-1,0,0.306542,-0.0247473,0.305004,1
0.99999,0.000555505,-0.000537459,0,0.000555368,-0.99999,-0.00025597,0,-0.000537607,0.000255674,-1,0,0.306603,-0.0249931,0.305053,1
0.99999,0.000572438,-0.000537079,0,0.000572304,-0.99999,-0.000249136,0,-0.000537227,0.000248831,-1,0,0.306665,-0.0252338,0.305106,1
0.99999,0.000568566,-0.000530623,0,0.000568435,-0.99999,-0.000247541,0,-0.000530769,0.000247242,-1,0,0.306728,-0.0254799,0.305161,1
0.99999,0.000574588,-0.000548157,0,0.000574449,-0.99999,-0.000253642,0,-0.000548307,0.00025333,-1,0,0.306788,-0.0257225,0.30521,1
0.99999,0.000583349,-0.000557817,0,0.000583211,-0.99999,-0.00024694,0,-0.000557966,0.000246617,-1,0,0.306851,-0.0259672,0.305262,1
0.99999,0.000579911,-0.000554257,0,0.000579776,-0.99999,-0.00024373,0,-0.000554403,0.000243411,-1,0,0.306913,-0.0262174,0.305314,1
0.99999,0.000592547,-0.000574834,0,0.000592405,-0.99999,-0.000247719,0,-0.000574986,0.000247381,-1,0,0.306973,-0.026464,0.305362,1
0.99999,0.000588386,-0.000571543,0,0.000588247,-0.99999,-0.00024224,0,-0.00057169,0.000241906,-1,0,0.307037,-0.0267169,0.305418,1
0.99999,0.00059857,-0.000597963,0,0.000598418,-0.99999,-0.000253164,0,-0.00059812,0.000252808,-1,0,0.307096,-0.0269668,0.305463,1
0.99999,0.000602459,-0.0006178,0,0.0006023,-0.99999,-0.000257122,0,-0.000617961,0.000256753,-1,0,0.307157,-0.0272198,0.305514,1
0.99999,0.000610909,-0.000626133,0,0.00061075,-0.99999,-0.00025455,0,-0.000626294,0.00025417,-1,0,0.307218,-0.0274789,0.305565,1
0.99999,0.00061663,-0.000641332,0,0.000616461,-0.99999,-0.000264111,0,-0.000641501,0.000263718,-1,0,0.307279,-0.0277375,0.305616,1
0.99999,0.000605424,-0.000653744,0,0.00060525,-0.99999,-0.000265224,0,-0.000653911,0.000264831,-1,0,0.30734,-0.0280036,0.305667,1
0.99999,0.0005945,-0.000662967,0,0.000594321,-0.99999,-0.000269152,0,-0.000663134,0.000268761,-1,0,0.307402,-0.0282721,0.305718,1
0.99999,0.000584626,-0.000677477,0,0.000584436,-0.99999,-0.000280698,0,-0.000677648,0.000280305,-1,0,0.307464,-0.028543,0.30577,1
0.99999,0.000589119,-0.00069492,0,0.000588922,-0.99999,-0.000283659,0,-0.000695094,0.000283252,-1,0,0.307524,-0.0288159,0.305822,1
0.99999,0.000584471,-0.000717915,0,0.000584266,-0.99999,-0.000284393,0,-0.000718088,0.000283976,-1,0,0.307585,-0.0290862,0.305871,1
0.99999,0.000573431,-0.000741687,0,0.000573218,-0.99999,-0.000288278,0,-0.000741859,0.000287856,-1,0,0.307646,-0.0293613,0.305921,1
0.99999,0.000547525,-0.000765656,0,0.000547309,-0.99999,-0.000282944,0,-0.000765818,0.000282527,-1,0,0.307704,-0.029639,0.305969,1
0.99999,0.000552709,-0.000791015,0,0.000552487,-0.99999,-0.00028109,0,-0.000791178,0.000280656,-1,0,0.307765,-0.0299142,0.306019,1
0.99999,0.000566543,-0.000804128,0,0.000566327,-0.99999,-0.000269287,0,-0.000804289,0.000268835,-1,0,0.307828,-0.0301874,0.306073,1
0.99999,0.000564011,-0.000827945,0,0.00056379,-0.99999,-0.000266804,0,-0.000828104,0.000266339,-1,0,0.30789,-0.0304619,0.306123,1
0.99999,0.000562353,-0.000852284,0,0.000562129,-0.99999,-0.000263119,0,-0.00085244,0.000262642,-1,0,0.307953,-0.0307398,0.306175,1
0.99999,0.000541668,-0.000877489,0,0.000541438,-0.99999,-0.000261994,0,-0.00087764,0.000261521,-1,0,0.308013,-0.0310235,0.306224,1
0.99999,0.000529673,-0.000884525,0,0.000529442,-0.99999,-0.000261474,0,-0.000884672,0.000261008,-1,0,0.308079,-0.0313062,0.306282,1
0.99999,0.000504813,-0.000893847,0,0.000504576,-0.99999,-0.000265326,0,-0.000893989,0.000264878,-1,0,0.308142,-0.0315927,0.306336,1
0.99999,0.000502697,-0.00091768,0,0.000502448,-0.99999,-0.000271959,0,-0.000917825,0.0002715,-1,0,0.308205,-0.0318734,0.306386,1
0.99999,0.000489983,-0.000932158,0,0.000489723,-0.99999,-0.000279554,0,-0.000932304,0.0002791,-1,0,0.308271,-0.0321594,0.306441,1
0.99999,0.000475774,-0.000936767,0,0.000475505,-0.99999,-0.00028685,0,-0.000936913,0.000286407,-1,0,0.308338,-0.0324498,0.3065,1
0.99999,0.000455338,-0.000962276,0,0.000455053,-0.99999,-0.00029554,0,-0.00096242,0.000295105,-0.999999,0,0.308404,-0.0327368,0.306551,1
0.99999,0.00045578,-0.000974493,0,0.000455492,-0.99999,-0.000295849,0,-0.000974637,0.000295408,-0.999999,0,0.308471,-0.0330254,0.306608,1
0.99999,0.000473583,-0.00098151,0,0.000473297,-0.99999,-0.000291502,0,-0.000981657,0.00029104,-0.999999,0,0.308541,-0.0333066,0.306667,1
0.99999,0.000487793,-0.000998061,0,0.000487502,-0.99999,-0.000291343,0,-0.000998213,0.000290859,-0.999999,0,0.308608,-0.0335935,0.306722,1
0.99999,0.000521026,-0.00100969,0,0.000520744,-0.99999,-0.000279532,0,-0.00100984,0.000279009,-0.999999,0,0.308677,-0.0338794,0.306781,1
0.99999,0.000544636,-0.00102845,0,0.000544363,-0.99999,-0.000266045,0,-0.0010286,0.000265488,-0.999999,0,0.308744,-0.0341617,0.306835,1
0.99999,0.000578412,-0.00103968,0,0.000578144,-0.99999,-0.000257994,0,-0.00103984,0.000257396,-0.999999,0,0.308814,-0.0344501,0.306892,1
0.99999,0.00061367,-0.00104923,0,0.000613407,-0.99999,-0.000250753,0,-0.00104939,0.000250112,-0.999999,0,0.308885,-0.034738,0.306951,1
0.99999,0.000669712,-0.00105049,0,0.000669462,-0.99999,-0.000238348,0,-0.00105066,0.000237647,-0.999999,0,0.308959,-0.0350226,0.307012,1
0.99999,0.000701917,-0.00104975,0,0.000701669,-0.99999,-0.000236573,0,-0.00104993,0.000235838,-0.999999,0,0.309032,-0.0353115,0.307075,1
0.99999,0.000724242,-0.00105858,0,0.00072399,-0.99999,-0.000238862,0,-0.00105876,0.000238098,-0.999999,0,0.309103,-0.0356001,0.307134,1
0.99999,0.000752117,-0.00105386,0,0.000751861,-0.99999,-0.000242575,0,-0.00105406,0.000241785,-0.999999,0,0.309179,-0.0358946,0.307199,1
0.99999,0.000758248,-0.00106063,0,0.000757989,-0.99999,-0.000244028,0,-0.00106082,0.000243226,-0.999999,0,0.30925,-0.0361945,0.307257,1
0.99999,0.000764592,-0.00105378,0,0.00076433,-0.99999,-0.000248844,0,-0.00105398,0.000248041,-0.999999,0,0.309328,-0.0364888,0.307322,1
0.99999,0.00077212,-0.00105882,0,0.000771845,-0.99999,-0.000260507,0,-0.00105903,0.000259692,-0.999999,0,0.309401,-0.036789,0.307383,1
0.99999,0.000754481,-0.00106173,0,0.000754198,-0.99999,-0.00026703,0,-0.00106194,0.000266232,-0.999999,0,0.309476,-0.0370922,0.307447,1
0.99999,0.000733909,-0.00106528,0,0.00073362,-0.99999,-0.000271608,0,-0.00106549,0.000270828,-0.999999,0,0.309549,-0.0373995,0.307508,1
0.99999,0.000720475,-0.00106483,0,0.000720183,-0.99999,-0.000273866,0,-0.00106504,0.000273102,-0.999999,0,0.309623,-0.0377094,0.307573,1
0.99999,0.000705678,-0.00106874,0,0.000705386,-0.99999,-0.000274033,0,-0.00106894,0.000273281,-0.999999,0,0.309698,-0.0380152,0.307637,1
0.99999,0.00068777,-0.00106867,0,0.000687478,-0.99999,-0.000273996,0,-0.00106887,0.000273264,-0.999999,0,0.309773,-0.0383276,0.307704,1
0.99999,0.000669759,-0.00106736,0,0.000669471,-0.99999,-0.000270158,0,-0.00106756,0.000269446,-0.999999,0,0.309849,-0.038636,0.30777,1
0.99999,0.000658994,-0.00105072,0,0.000658718,-0.99999,-0.000263683,0,-0.0010509,0.000262993,-0.999999,0,0.309929,-0.0389492,0.307843,1
0.99999,0.000651325,-0.00103225,0,0.000651056,-0.99999,-0.000260446,0,-0.00103243,0.000259776,-0.999999,0,0.310008,-0.0392626,0.307915,1
0.99999,0.000630718,-0.00102159,0,0.000630459,-0.99999,-0.000253612,0,-0.00102176,0.000252971,-0.999999,0,0.310087,-0.0395762,0.307985,1
0.99999,0.00061313,-0.00101919,0,0.000612866,-0.99999,-0.000259083,0,-0.00101936,0.00025846,-0.999999,0,0.310166,-0.0398934,0.308052,1
0.99999,0.000577555,-0.000997478,0,0.000577304,-0.99999,-0.000252545,0,-0.000997633,0.000251971,-0.999999,0,0.310245,-0.0402142,0.308125,1
0.99999,0.00055246,-0.00100113,0,0.000552198,-0.99999,-0.000262358,0,-0.00100128,0.000261807,-0.999999,0,0.310324,-0.0405336,0.308192,1
0.99999,0.000523935,-0.000970471,0,0.000523672,-0.99999,-0.000271199,0,-0.000970622,0.000270693,-0.999999,0,0.310406,-0.0408586,0.308271,1
0.99999,0.000489362,-0.000976335,0,0.000489085,-0.99999,-0.000283804,0,-0.000976483,0.000283329,-0.999999,0,0.310483,-0.0411817,0.308335,1
0.99999,0.000471419,-0.000963027,0,0.000471143,-0.99999,-0.00028699,0,-0.000963171,0.000286539,-0.999999,0,0.310563,-0.0415071,0.308407,1
0.99999,0.00046406,-0.000964791,0,0.000463773,-0.99999,-0.000297651,0,-0.000964938,0.000297206,-0.999999,0,0.310639,-0.0418303,0.308474,1
0.99999,0.000475116,-0.000936325,0,0.000474839,-0.99999,-0.000295867,0,-0.000936474,0.000295425,-1,0,0.310724,-0.0421488,0.308554,1
0.99999,0.000484958,-0.000917211,0,0.000484691,-0.99999,-0.000290867,0,-0.000917361,0.000290425,-1,0,0.310807,-0.04247,0.30863,1
0.99999,0.000510511,-0.000896377,0,0.000510257,-0.99999,-0.000282526,0,-0.00089653,0.000282071,-1,0,0.310892,-0.0427846,0.308709,1
0.99999,0.000523976,-0.000885835,0,0.000523732,-0.99999,-0.00027577,0,-0.000885988,0.000275308,-1,0,0.310975,-0.0431066,0.308782,1
0.99999,0.000551992,-0.000846004,0,0.000551774,-0.99999,-0.000258012,0,-0.000846154,0.000257547,-1,0,0.311063,-0.0434301,0.308867,1
0.99999,0.000582388,-0.000825834,0,0.000582187,-0.99999,-0.000243893,0,-0.000825983,0.000243415,-1,0,0.311148,-0.0437498,0.308942,1
0.99999,0.000620436,-0.000800727,0,0.000620251,-0.99999,-0.000231038,0,-0.000800878,0.000230543,-1,0,0.311235,-0.0440697,0.309021,1
0.99999,0.000647424,-0.000787537,0,0.000647247,-0.99999,-0.00022471,0,-0.00078769,0.000224202,-1,0,0.311322,-0.0443888,0.309097,1
0.99999,0.000660248,-0.000768035,0,0.000660077,-0.99999,-0.000222842,0,-0.000768189,0.000222337,-1,0,0.311409,-0.0447168,0.309177,1
0.99999,0.000657278,-0.000735894,0,0.000657106,-0.99999,-0.000233562,0,-0.000736054,0.000233081,-1,0,0.311498,-0.0450498,0.309262,1
0.99999,0.000669455,-0.000726045,0,0.00066928,-0.99999,-0.00024034,0,-0.000726213,0.000239856,-1,0,0.311583,-0.0453792,0.309336,1
0.99999,0.000665491,-0.000709527,0,0.000665319,-0.99999,-0.000242884,0,-0.000709695,0.000242415,-1,0,0.311672,-0.0457174,0.309415,1
0.99999,0.00064499,-0.000712657,0,0.000644804,-0.99999,-0.000261349,0,-0.000712832,0.000260892,-1,0,0.31175,-0.0460544,0.309485,1
0.99999,0.000643796,-0.000705439,0,0.000643606,-0.99999,-0.000269647,0,-0.000705619,0.000269196,-1,0,0.311835,-0.0463942,0.309563,1
0.99999,0.000654143,-0.000683486,0,0.000653957,-0.99999,-0.000271115,0,-0.000683669,0.00027067,-1,0,0.311921,-0.0467366,0.309645,1
0.99999,0.000676105,-0.000690133,0,0.00067592,-0.99999,-0.000268991,0,-0.000690322,0.000268527,-1,0,0.312002,-0.0470729,0.309715,1
0.99999,0.00068756,-0.000696303,0,0.000687376,-0.99999,-0.000263629,0,-0.000696491,0.000263152,-1,0,0.312084,-0.0474189,0.309786,1
0.99999,0.000716756,-0.000697309,0,0.000716577,-0.99999,-0.000256642,0,-0.0006975,0.000256145,-1,0,0.312164,-0.0477641,0.309858,1
0.99999,0.000760251,-0.000713563,0,0.000760081,-0.99999,-0.000238613,0,-0.000713751,0.000238073,-1,0,0.312246,-0.0481045,0.309927,1
0.99999,0.000793162,-0.000706134,0,0.000793003,-0.99999,-0.000225241,0,-0.000706319,0.000224683,-1,0,0.312331,-0.0484518,0.310004,1
0.99999,0.000829586,-0.000729304,0,0.000829429,-0.99999,-0.000214946,0,-0.000729489,0.000214343,-1,0,0.31241,-0.0487972,0.310069,1
0.99999,0.00083772,-0.000715151,0,0.00083757,-0.99999,-0.000209303,0,-0.000715333,0.000208706,-1,0,0.312494,-0.0491514,0.310146,1
0.99999,0.000834096,-0.000717603,0,0.000833947,-0.99999,-0.00020807,0,-0.000717783,0.000207473,-1,0,0.312574,-0.0495108,0.310218,1
0.99999,0.000829064,-0.000739481,0,0.000828901,-0.99999,-0.000220416,0,-0.000739671,0.000219805,-1,0,0.312653,-0.0498631,0.310284,1
0.99999,0.000818956,-0.000747704,0,0.000818781,-0.99999,-0.000233912,0,-0.000747902,0.000233302,-1,0,0.312734,-0.0502211,0.310355,1
0.99999,0.000781619,-0.000760523,0,0.00078143,-0.99999,-0.000247879,0,-0.000760724,0.000247287,-1,0,0.312816,-0.0505798,0.310425,1
0.99999,0.000749028,-0.000765722,0,0.000748823,-0.99999,-0.000269101,0,-0.000765931,0.00026853,-1,0,0.3129,-0.0509425,0.310498,1
0.99999,0.000714943,-0.000769423,0,0.000714727,-0.99999,-0.000281567,0,-0.000769631,0.00028102,-1,0,0.312983,-0.0513058,0.310572,1
0.99999,0.00070276,-0.00078835,0,0.000702537,-0.99999,-0.000281957,0,-0.000788556,0.000281406,-1,0,0.313066,-0.05166,0.310641,1
0.99999,0.000700771,-0.000802515,0,0.000700549,-0.99999,-0.000277242,0,-0.000802717,0.000276682,-1,0,0.313151,-0.0520153,0.310714,1
0.99999,0.00070812,-0.000831219,0,0.000707896,-0.99999,-0.0002698,0,-0.000831417,0.000269214,-1,0,0.313233,-0.0523691,0.310781,1
0.99999,0.000708585,-0.000843944,0,0.000708372,-0.99999,-0.00025231,0,-0.000844131,0.000251714,-1,0,0.313322,-0.0527211,0.310855,1
0.99999,0.000722006,-0.00086362,0,0.000721806,-0.99999,-0.000231295,0,-0.000863795,0.000230673,-1,0,0.313409,-0.0530748,0.310924,1
0.99999,0.000725741,-0.000886576,0,0.00072554,-0.99999,-0.000226988,0,-0.000886749,0.000226346,-1,0,0.313496,-0.0534252,0.310994,1
0.99999,0.000739627,-0.000908629,0,0.000739431,-0.99999,-0.000216672,0,-0.000908798,0.000216002,-1,0,0.313583,-0.0537835,0.311065,1
0.99999,0.000704302,-0.000912373,0,0.000704102,-0.99999,-0.000219428,0,-0.000912536,0.000218788,-1,0,0.313673,-0.0541527,0.311143,1
0.99999,0.000695354,-0.00093594,0,0.000695139,-0.99999,-0.000229372,0,-0.000936108,0.000228723,-1,0,0.313759,-0.0545141,0.311212,1
0.99999,0.000660143,-0.000929229,0,0.000659913,-0.99999,-0.000247885,0,-0.000929401,0.000247274,-1,0,0.31385,-0.0548868,0.311291,1
0.99999,0.000646144,-0.000940674,0,0.000645895,-0.99999,-0.000264298,0,-0.000940853,0.000263692,-1,0,0.313939,-0.0552549,0.311366,1
0.99999,0.000612724,-0.000948355,0,0.00061245,-0.99999,-0.000288525,0,-0.000948541,0.000287947,-1,0,0.314029,-0.0556337,0.311442,1
0.99999,0.000588522,-0.000947861,0,0.000588225,-0.99999,-0.000313819,0,-0.000948055,0.000313265,-1,0,0.314117,-0.0560112,0.31152,1
0.99999,0.000570601,-0.000958232,0,0.000570291,-0.99999,-0.000324441,0,-0.000958427,0.000323897,-0.999999,0,0.314208,-0.0563862,0.311595,1
0.99999,0.00032459,-0.000983917,0,0.000324233,-0.99999,-0.000362761,0,-0.000984044,0.000362445,-0.999999,0,0.314294,-0.0567624,0.311671,1
0.99999,0.00045635,-0.00108109,0,0.000455879,-0.99999,-0.000436142,0,-0.0010813,0.000435653,-0.999999,0,0.314361,-0.0571314,0.311744,1
0.99999,0.000501126,-0.00104785,0,0.00050063,-0.99999,-0.000472842,0,-0.0010481,0.000472321,-0.999999,0,0.314465,-0.0574931,0.311834,1
0.99999,0.000514569,-0.0010074,0,0.000514204,-0.99999,-0.000362524,0,-0.0010076,0.00036201,-0.999999,0,0.314563,-0.0578964,0.311914,1
0.99999,0.000437133,-0.00104008,0,0.000436746,-0.99999,-0.000372752,0,-0.00104025,0.000372301,-0.999999,0,0.314642,-0.0582592,0.311978,1
0.99999,0.000451645,-0.00104604,0,0.000451235,-0.99999,-0.00039133,0,-0.00104623,0.000390861,-0.999999,0,0.314736,-0.0586424,0.312078,1
0.99999,0.000454581,-0.00104081,0,0.000454231,-0.99999,-0.000335962,0,-0.00104097,0.000335493,-0.999999,0,0.314829,-0.0590365,0.312164,1
0.99999,0.000567113,-0.000997925,0,0.000566748,-0.99999,-0.00036591,0,-0.000998142,0.000365348,-0.999999,0,0.314929,-0.059404,0.312232,1
0.99999,0.00059879,-0.000864051,0,0.000598563,-0.99999,-0.000262804,0,-0.000864217,0.000262289,-1,0,0.315055,-0.0598054,0.312339,1
0.99999,0.000531165,-0.000864236,0,0.000530919,-0.99999,-0.000284363,0,-0.000864395,0.000283907,-1,0,0.315145,-0.0601895,0.312423,1
0.99999,0.000497592,-0.000997265,0,0.000497245,-0.99999,-0.000348025,0,-0.000997447,0.000347532,-0.999999,0,0.315203,-0.060571,0.312494,1
0.99999,0.000578458,-0.000946488,0,0.000578152,-0.99999,-0.000324278,0,-0.000946684,0.000323734,-0.999999,0,0.315309,-0.0609649,0.312604,1
0.99999,0.000659886,-0.000884046,0,0.000659631,-0.99999,-0.00028941,0,-0.000884246,0.000288829,-1,0,0.315419,-0.0613452,0.312699,1
0.99999,0.000727584,-0.00087411,0,0.000727333,-0.99999,-0.000287126,0,-0.000874327,0.000286493,-1,0,0.315518,-0.0617205,0.312783,1
0.99999,0.000717599,-0.000892872,0,0.000717351,-0.99999,-0.00027764,0,-0.00089308,0.000277002,-1,0,0.315613,-0.0621092,0.312876,1
0.99999,0.000784007,-0.000934048,0,0.000783734,-0.99999,-0.000292484,0,-0.000934286,0.000291754,-1,0,0.315708,-0.0624896,0.31296,1
0.99999,0.000857722,-0.000892949,0,0.000857471,-0.99999,-0.000281973,0,-0.000893199,0.00028121,-1,0,0.315816,-0.0628747,0.313055,1
0.99999,0.000917845,-0.000810094,0,0.000917685,-0.99999,-0.000198393,0,-0.000810284,0.000197651,-1,0,0.315936,-0.0632693,0.313149,1
0.99999,0.000974075,-0.000790837,0,0.000973915,-0.99999,-0.000202007,0,-0.000791041,0.000201239,-1,0,0.316038,-0.0636596,0.313232,1
0.99999,0.000934529,-0.000806185,0,0.000934346,-0.99999,-0.000228143,0,-0.000806405,0.000227392,-1,0,0.316131,-0.0640552,0.313317,1
0.99999,0.000936119,-0.000786834,0,0.000935935,-0.99999,-0.000234514,0,-0.000787061,0.00023378,-1,0,0.316238,-0.0644512,0.313415,1
0.99999,0.000952212,-0.000774249,0,0.000952034,-0.99999,-0.000230458,0,-0.000774475,0.000229723,-1,0,0.316338,-0.0648465,0.313498,1
0.99999,0.000962687,-0.000763817,0,0.00096251,-0.99999,-0.000232377,0,-0.000764048,0.000231644,-1,0,0.316442,-0.0652465,0.313586,1
0.99999,0.000973134,-0.000793137,0,0.000972938,-0.99999,-0.000247027,0,-0.000793384,0.000246257,-1,0,0.316534,-0.0656464,0.313669,1
0.99999,0.000938982,-0.000846872,0,0.000938751,-0.99999,-0.000272207,0,-0.000847135,0.000271414,-1,0,0.316618,-0.0660471,0.313747,1
0.99999,0.000918358,-0.000862921,0,0.00091813,-0.99999,-0.000264575,0,-0.000863171,0.000263785,-1,0,0.316715,-0.0664432,0.313831,1
0.99999,0.000944929,-0.000876653,0,0.000944703,-0.99999,-0.00025834,0,-0.000876906,0.000257514,-1,0,0.316809,-0.0668456,0.313916,1
0.99999,0.000946309,-0.000899296,0,0.000946089,-0.99999,-0.000244457,0,-0.000899535,0.000243609,-1,0,0.316902,-0.0672523,0.313999,1
0.99999,0.00094162,-0.000910968,0,0.00094141,-0.99999,-0.000230513,0,-0.000911193,0.000229657,-1,0,0.316997,-0.0676622,0.31408,1
0.99999,0.000898013,-0.000904649,0,0.0008978,-0.99999,-0.000235922,0,-0.000904869,0.000235112,-1,0,0.317092,-0.0680762,0.314161,1
0.99999,0.000837208,-0.00093247,0,0.000836992,-0.99999,-0.000231446,0,-0.000932672,0.000230667,-1,0,0.317186,-0.0684911,0.314231,1
0.99999,0.000839543,-0.000940178,0,0.000839308,-0.99999,-0.000250214,0,-0.000940396,0.000249428,-1,0,0.317283,-0.0689085,0.314314,1
0.99999,0.00082667,-0.000961601,0,0.000826411,-0.99999,-0.000270084,0,-0.000961833,0.000269291,-1,0,0.317377,-0.0693248,0.314392,1
0.99999,0.000763117,-0.000955623,0,0.000762861,-0.99999,-0.000268274,0,-0.000955836,0.000267547,-1,0,0.317475,-0.0697528,0.31448,1
0.99999,0.000723625,-0.000978361,0,0.000723337,-0.99999,-0.000295249,0,-0.000978584,0.000294544,-0.999999,0,0.317569,-0.0701712,0.314559,1
0.99999,0.00072781,-0.00102914,0,0.000727491,-0.99999,-0.000310873,0,-0.00102937,0.000310127,-0.999999,0,0.317666,-0.0705811,0.314635,1
0.99999,0.00076807,-0.00106027,0,0.000767746,-0.99999,-0.000305879,0,-0.00106052,0.000305067,-0.999999,0,0.317765,-0.0709968,0.314718,1
0.999989,0.00079095,-0.0011056,0,0.000790613,-0.99999,-0.000305186,0,-0.00110585,0.000304315,-0.999999,0,0.317857,-0.0714065,0.314793,1
0.999989,0.000796487,-0.00114031,0,0.00079616,-0.99999,-0.000286741,0,-0.00114055,0.000285836,-0.999999,0,0.317957,-0.0718208,0.314871,1
0.999989,0.000816456,-0.00117496,0,0.000816123,-0.99999,-0.000283571,0,-0.0011752,0.000282615,-0.999999,0,0.318056,-0.0722375,0.314952,1
0.999989,0.000850634,-0.00120817,0,0.000850289,-0.99999,-0.000286015,0,-0.00120842,0.00028499,-0.999999,0,0.318159,-0.0726482,0.315037,1
0.999989,0.000850856,-0.00123143,0,0.000850511,-0.99999,-0.000280943,0,-0.00123168,0.000279898,-0.999999,0,0.318261,-0.0730738,0.315117,1
0.999989,0.000841455,-0.00124525,0,0.000841107,-0.99999,-0.000280109,0,-0.0012455,0.000279064,-0.999999,0,0.318362,-0.0735032,0.315196,1
0.999989,0.000811044,-0.00126011,0,0.000810665,-0.99999,-0.000301442,0,-0.00126037,0.000300423,-0.999999,0,0.318464,-0.0739329,0.31528,1
0.999989,0.000794557,-0.00127423,0,0.00079414,-0.99999,-0.000327643,0,-0.0012745,0.000326633,-0.999999,0,0.318563,-0.0743647,0.315367,1
0.999989,0.000773592,-0.00127276,0,0.000773139,-0.99999,-0.000356714,0,-0.00127305,0.000355733,-0.999999,0,0.318669,-0.074797,0.315457,1
0.999989,0.000769019,-0.00124364,0,0.000768564,-0.99999,-0.000366322,0,-0.00124393,0.000365369,-0.999999,0,0.318779,-0.0752339,0.315559,1
0.999989,0.000776386,-0.00123961,0,0.000775917,-0.99999,-0.000378402,0,-0.00123992,0.000377444,-0.999999,0,0.318882,-0.0756744,0.315653,1
0.999989,0.000816261,-0.00124765,0,0.00081579,-0.99999,-0.000377717,0,-0.00124797,0.000376702,-0.999999,0,0.318988,-0.0761049,0.315746,1
0.999989,0.000856078,-0.00125033,0,0.000855619,-0.99999,-0.00036716,0,-0.00125066,0.000366094,-0.999999,0,0.319097,-0.0765397,0.315844,1
0.999989,0.00088278,-0.00126255,0,0.000882324,-0.99999,-0.000361656,0,-0.00126288,0.000360545,-0.999999,0,0.319199,-0.0769696,0.315933,1
0.999989,0.000923025,-0.00124245,0,0.000922618,-0.99999,-0.000328019,0,-0.00124276,0.000326875,-0.999999,0,0.319312,-0.0774081,0.316035,1
0.999989,0.00092989,-0.00121069,0,0.000929522,-0.99999,-0.000304222,0,-0.00121099,0.000303099,-0.999999,0,0.319423,-0.0778614,0.316142,1
0.999989,0.000920802,-0.0011903,0,0.000920448,-0.99999,-0.000297913,0,-0.00119058,0.00029682,-0.999999,0,0.319532,-0.0783059,0.316241,1
0.999989,0.000889553,-0.00114715,0,0.000889213,-0.99999,-0.000296797,0,-0.00114742,0.000295779,-0.999999,0,0.31965,-0.0787542,0.316345,1
0.999989,0.000830579,-0.00110662,0,0.000830247,-0.99999,-0.000300965,0,-0.00110688,0.000300049,-0.999999,0,0.319762,-0.0792063,0.31645,1
0.999989,0.000804828,-0.00106799,0,0.000804495,-0.99999,-0.000312709,0,-0.00106826,0.000311852,-0.999999,0,0.319879,-0.0796555,0.316555,1
0.99999,0.000784241,-0.00101584,0,0.000783915,-0.99999,-0.000321713,0,-0.0010161,0.000320919,-0.999999,0,0.319999,-0.0801055,0.316666,1
0.99999,0.000782165,-0.0010016,0,0.00078185,-0.99999,-0.000314628,0,-0.00100186,0.000313848,-0.999999,0,0.320118,-0.0805438,0.316766,1
0.99999,0.000783458,-0.00100594,0,0.000783145,-0.99999,-0.000311705,0,-0.0010062,0.00031092,-0.999999,0,0.320238,-0.0809848,0.316866,1
0.99999,0.000807719,-0.00102559,0,0.0008074,-0.99999,-0.000311372,0,-0.00102585,0.000310546,-0.999999,0,0.320349,-0.0814223,0.31696,1
0.999989,0.000820313,-0.00104038,0,0.000820002,-0.99999,-0.000299203,0,-0.00104063,0.000298352,-0.999999,0,0.320464,-0.0818601,0.317056,1
0.999989,0.000828346,-0.00103089,0,0.000828062,-0.99999,-0.000275669,0,-0.00103113,0.000274818,-0.999999,0,0.320577,-0.0823052,0.317156,1
0.999989,0.000835744,-0.00105829,0,0.00083545,-0.99999,-0.000278208,0,-0.00105853,0.000277326,-0.999999,0,0.320683,-0.0827457,0.317239,1
0.999989,0.000839832,-0.00106274,0,0.000839532,-0.99999,-0.000282457,0,-0.00106298,0.000281567,-0.999999,0,0.320793,-0.0831943,0.317333,1
0.999989,0.000825634,-0.00107574,0,0.000825314,-0.99999,-0.000297786,0,-0.001076,0.000296901,-0.999999,0,0.320899,-0.0836488,0.317426,1
0.999989,0.000788759,-0.00109389,0,0.000788408,-0.99999,-0.000321272,0,-0.00109415,0.000320413,-0.999999,0,0.321004,-0.0841013,0.31751,1
0.999989,0.000751106,-0.00110308,0,0.000750728,-0.99999,-0.000343291,0,-0.00110335,0.000342466,-0.999999,0,0.321111,-0.084565,0.3176,1
0.999989,0.000740582,-0.0011111,0,0.000740178,-0.99999,-0.000364421,0,-0.00111138,0.000363602,-0.999999,0,0.321215,-0.085019,0.317691,1
0.999989,0.000736643,-0.00112234,0,0.00073622,-0.99999,-0.000377408,0,-0.00112262,0.000376585,-0.999999,0,0.321322,-0.0854766,0.317785,1
0.999989,0.000743839,-0.00112196,0,0.000743417,-0.99999,-0.000376678,0,-0.00112226,0.000375847,-0.999999,0,0.321431,-0.0859363,0.317884,1
0.999989,0.000752844,-0.00116133,0,0.0007524,-0.99999,-0.000383203,0,-0.00116163,0.000382332,-0.999999,0,0.321535,-0.0863899,0.31797,1
0.999989,0.000783106,-0.00119032,0,0.000782665,-0.99999,-0.000371099,0,-0.00119062,0.000370171,-0.999999,0,0.321644,-0.0868516,0.318063,1
0.999989,0.000805517,-0.0012233,0,0.000805078,-0.99999,-0.000358797,0,-0.0012236,0.000357815,-0.999999,0,0.321749,-0.0873141,0.318152,1
0.999989,0.000823342,-0.00126401,0,0.000822894,-0.99999,-0.000354438,0,-0.00126431,0.000353401,-0.999999,0,0.321854,-0.0877808,0.318237,1
0.999989,0.000820293,-0.0012695,0,0.000819844,-0.99999,-0.000354044,0,-0.0012698,0.000353006,-0.999999,0,0.321966,-0.0882533,0.318335,1
0.999989,0.000796657,-0.00129493,0,0.000796176,-0.99999,-0.000371972,0,-0.00129524,0.000370944,-0.999999,0,0.322073,-0.0887304,0.318425,1
0.999989,0.000766305,-0.00131394,0,0.000765785,-0.99999,-0.000395754,0,-0.00131426,0.000394751,-0.999999,0,0.322184,-0.0892089,0.318515,1
0.999989,0.000755921,-0.00132439,0,0.000755365,-0.99999,-0.000420246,0,-0.00132472,0.000419249,-0.999999,0,0.322294,-0.0896886,0.318603,1
0.999989,0.000767187,-0.00133429,0,0.000766611,-0.99999,-0.000432149,0,-0.00133463,0.000431129,-0.999999,0,0.322408,-0.090158,0.318695,1
0.999989,0.000784897,-0.0013176,0,0.000784326,-0.99999,-0.000433349,0,-0.00131795,0.000432319,-0.999999,0,0.322525,-0.0906313,0.318801,1
0.999989,0.000837961,-0.00133005,0,0.000837383,-0.99999,-0.000434953,0,-0.00133042,0.000433843,-0.999999,0,0.322638,-0.0910901,0.3189,1
0.999989,0.000881499,-0.00131336,0,0.000880952,-0.99999,-0.000416947,0,-0.00131374,0.000415794,-0.999999,0,0.322756,-0.0915626,0.319011,1
0.999989,0.000937879,-0.00127964,0,0.000937379,-0.99999,-0.00039108,0,-0.00128002,0.000389884,-0.999999,0,0.322879,-0.0920297,0.319128,1
0.999989,0.000974604,-0.00126953,0,0.000974125,-0.99999,-0.000377799,0,-0.00126991,0.000376565,-0.999999,0,0.323001,-0.0924971,0.319238,1
0.999989,0.000972161,-0.00126115,0,0.000971698,-0.99999,-0.000367656,0,-0.00126152,0.000366434,-0.999999,0,0.32312,-0.09298,0.319347,1
0.999989,0.000924547,-0.0012403,0,0.000924089,-0.99999,-0.00037023,0,-0.00124065,0.000369086,-0.999999,0,0.323236,-0.0934694,0.319456,1
0.999989,0.000915084,-0.00119569,0,0.000914638,-0.99999,-0.000373502,0,-0.00119605,0.000372412,-0.999999,0,0.323364,-0.0939565,0.31957,1
0.999989,0.000873196,-0.00115185,0,0.000872762,-0.99999,-0.000377762,0,-0.00115219,0.00037676,-0.999999,0,0.323489,-0.094453,0.319685,1
0.999989,0.00084607,-0.00112595,0,0.000845624,-0.99999,-0.000397137,0,-0.0011263,0.000396188,-0.999999,0,0.323615,-0.0949392,0.319793,1
0.999989,0.000772461,-0.00108818,0,0.000772017,-0.99999,-0.000408716,0,-0.00108851,0.000407879,-0.999999,0,0.323742,-0.0954422,0.319909,1
0.99999,0.000740369,-0.00106117,0,0.000739938,-0.99999,-0.000407321,0,-0.00106148,0.000406539,-0.999999,0,0.323867,-0.0959363,0.32002,1
0.99999,0.000733612,-0.00104612,0,0.000733198,-0.99999,-0.000396094,0,-0.00104642,0.00039533,-0.999999,0,0.323996,-0.0964206,0.320131,1
0.99999,0.000760669,-0.00103088,0,0.000760286,-0.99999,-0.000371551,0,-0.00103117,0.00037077,-0.999999,0,0.324124,-0.0969088,0.320246,1
0.99999,0.000776583,-0.00105354,0,0.000776214,-0.99999,-0.000350948,0,-0.00105382,0.000350134,-0.999999,0,0.324245,-0.0973898,0.320348,1
0.99999,0.000762597,-0.00107683,0,0.000762244,-0.99999,-0.000327378,0,-0.00107709,0.00032656,-0.999999,0,0.324363,-0.0978886,0.32045,1
0.99999,0.000758986,-0.00107951,0,0.00075865,-0.99999,-0.000311135,0,-0.00107976,0.000310319,-0.999999,0,0.324481,-0.0983899,0.320558,1
0.99999,0.00072832,-0.00108654,0,0.00072798,-0.99999,-0.000313068,0,-0.00108678,0.000312279,-0.999999,0,0.324596,-0.0988889,0.320657,1
0.99999,0.000695359,-0.00107185,0,0.000695015,-0.99999,-0.000321326,0,-0.00107208,0.000320583,-0.999999,0,0.324712,-0.0993936,0.320763,1
0.99999,0.000645374,-0.00109472,0,0.000644983,-0.99999,-0.00035731,0,-0.00109496,0.000356607,-0.999999,0,0.324823,-0.0998884,0.320851,1
0.99999,0.000629035,-0.00108742,0,0.000628631,-0.99999,-0.000371855,0,-0.00108766,0.000371175,-0.999999,0,0.324941,-0.100388,0.320953,1
0.99999,0.000618126,-0.00109198,0,0.000617709,-0.99999,-0.00038228,0,-0.00109222,0.000381609,-0.999999,0,0.325056,-0.100888,0.321055,1
0.99999,0.000650192,-0.00112651,0,0.000649753,-0.99999,-0.000390416,0,-0.00112678,0.000389687,-0.999999,0,0.325172,-0.101374,0.321148,1
0.999989,0.000690609,-0.00115801,0,0.000690163,-0.99999,-0.000385436,0,-0.00115829,0.000384641,-0.999999,0,0.325293,-0.101863,0.321247,1
0.999989,0.000708982,-0.00121135,0,0.000708519,-0.99999,-0.000382528,0,-0.00121163,0.000381673,-0.999999,0,0.325408,-0.102351,0.32134,1
0.999989,0.000757557,-0.00126661,0,0.000757072,-0.99999,-0.00038324,0,-0.00126692,0.000382284,-0.999999,0,0.325525,-0.102837,0.321432,1
0.999989,0.000774784,-0.00128196,0,0.000774299,-0.99999,-0.000378475,0,-0.00128226,0.000377485,-0.999999,0,0.325644,-0.103341,0.321537,1
0.999989,0.000811888,-0.00132671,0,0.000811373,-0.99999,-0.000388092,0,-0.00132704,0.000387019,-0.999999,0,0.325762,-0.103836,0.321628,1
0.999989,0.000806759,-0.0013935,0,0.000806174,-0.99999,-0.000420383,0,-0.00139385,0.000419263,-0.999999,0,0.326,-0.104858,0.321817,1
0.999989,0.000794768,-0.00141993,0,0.000794126,-0.99999,-0.000452684,0,-0.0014203,0.00045156,-0.999999,0,0.32612,-0.105371,0.321911,1
0.999989,0.000800695,-0.00140339,0,0.000800042,-0.99999,-0.000465243,0,-0.00140377,0.000464124,-0.999999,0,0.326246,-0.105885,0.322022,1
0.999989,0.000830862,-0.00138775,0,0.000830226,-0.99999,-0.000458845,0,-0.00138814,0.000457697,-0.999999,0,0.326371,-0.106391,0.322134,1
0.999989,0.00087317,-0.00135807,0,0.000872579,-0.99999,-0.000435633,0,-0.00135846,0.000434451,-0.999999,0,0.326502,-0.106903,0.322256,1
0.999989,0.000924488,-0.00133899,0,0.000923938,-0.99999,-0.000411119,0,-0.00133938,0.000409886,-0.999999,0,0.326628,-0.107414,0.322377,1
0.999989,0.000955352,-0.00132649,0,0.000954857,-0.99999,-0.000374436,0,-0.00132686,0.000373173,-0.999999,0,0.326756,-0.107925,0.322495,1
0.999989,0.000971001,-0.00132759,0,0.000970541,-0.99999,-0.000347394,0,-0.00132793,0.000346108,-0.999999,0,0.32688,-0.108445,0.322608,1
0.999989,0.000971989,-0.00130989,0,0.000971557,-0.99999,-0.000330472,0,-0.00131023,0.000329202,-0.999999,0,0.327006,-0.108965,0.322729,1
0.999989,0.000951836,-0.00128009,0,0.000951423,-0.99999,-0.000323171,0,-0.00128041,0.000321956,-0.999999,0,0.327139,-0.109493,0.322854,1
0.999989,0.00091515,-0.00123148,0,0.000914762,-0.99999,-0.000315373,0,-0.00123178,0.000314249,-0.999999,0,0.327278,-0.110026,0.322985,1
0.999989,0.000850577,-0.00120552,0,0.000850186,-0.99999,-0.000324682,0,-0.0012058,0.00032366,-0.999999,0,0.327417,-0.110557,0.323101,1
0.999989,0.000812538,-0.00118761,0,0.000812145,-0.99999,-0.000331782,0,-0.00118789,0.000330821,-0.999999,0,0.327559,-0.111089,0.323215,1
0.999989,0.000777518,-0.00117518,0,0.000777128,-0.99999,-0.000331793,0,-0.00117544,0.000330883,-0.999999,0,0.327697,-0.111616,0.323327,1
0.999989,0.000803026,-0.00117067,0,0.000802642,-0.99999,-0.000328083,0,-0.00117095,0.000327146,-0.999999,0,0.327839,-0.112131,0.323439,1
0.999989,0.000835574,-0.00115651,0,0.000835211,-0.99999,-0.000314483,0,-0.00115678,0.00031352,-0.999999,0,0.327976,-0.112645,0.32356,1
0.999989,0.000869342,-0.00117153,0,0.000868996,-0.99999,-0.000296147,0,-0.0011718,0.000295132,-0.999999,0,0.328106,-0.113153,0.323669,1
0.999989,0.000881495,-0.00118044,0,0.000881168,-0.99999,-0.000276925,0,-0.0011807,0.000275887,-0.999999,0,0.328234,-0.113686,0.323784,1
0.999989,0.000877854,-0.0011994,0,0.000877529,-0.99999,-0.000271486,0,-0.00119965,0.000270436,-0.999999,0,0.328352,-0.114219,0.323891,1
0.999989,0.000879422,-0.00121685,0,0.000879091,-0.99999,-0.000271895,0,-0.0012171,0.000270828,-0.999999,0,0.328475,-0.114744,0.323997,1
0.999989,0.000858994,-0.00121482,0,0.000858661,-0.99999,-0.000274182,0,-0.00121506,0.000273141,-0.999999,0,0.328598,-0.115279,0.324111,1
0.999989,0.000833207,-0.00121643,0,0.00083285,-0.99999,-0.000294361,0,-0.00121668,0.00029335,-0.999999,0,0.32872,-0.115813,0.324221,1
0.999989,0.000806491,-0.00121064,0,0.000806109,-0.99999,-0.000315503,0,-0.00121091,0.000314529,-0.999999,0,0.328842,-0.116358,0.32433,1
0.999989,0.000786306,-0.00119681,0,0.000785943,-0.99999,-0.000303403,0,-0.00119706,0.000302465,-0.999999,0,0.328963,-0.116911,0.324444,1
0.999989,0.00079709,-0.00121837,0,0.000796736,-0.99999,-0.000290295,0,-0.00121861,0.000289326,-0.999999,0,0.329085,-0.11745,0.324545,1
0.999989,0.000827275,-0.00124866,0,0.000826914,-0.99999,-0.000289661,0,-0.00124891,0.000288631,-0.999999,0,0.329213,-0.117989,0.32465,1
0.999989,0.000855488,-0.00130748,0,0.000855098,-0.99999,-0.000298662,0,-0.00130775,0.000297546,-0.999999,0,0.329337,-0.118517,0.324748,1
0.999989,0.000867681,-0.00134143,0,0.000867284,-0.99999,-0.000296564,0,-0.0013417,0.000295403,-0.999999,0,0.329471,-0.119058,0.324858,1
0.999989,0.000890358,-0.00136181,0,0.000889944,-0.99999,-0.000304557,0,-0.00136209,0.000303347,-0.999999,0,0.3296,-0.119607,0.324968,1
0.999989,0.000883126,-0.0014044,0,0.000882691,-0.99999,-0.000309879,0,-0.00140468,0.000308642,-0.999999,0,0.329725,-0.120153,0.325069,1
0.999989,0.000882578,-0.00138496,0,0.000882162,-0.99999,-0.00030089,0,-0.00138524,0.000299671,-0.999999,0,0.329988,-0.121263,0.325303,1
0.999989,0.000935466,-0.00136193,0,0.000935073,-0.99999,-0.000289457,0,-0.00136222,0.000288186,-0.999999,0,0.330133,-0.121809,0.325428,1
0.999989,0.000973133,-0.00132157,0,0.000972774,-0.99999,-0.000272642,0,-0.00132185,0.000271359,-0.999999,0,0.330275,-0.122354,0.325564,1
0.999989,0.0010075,-0.00131453,0,0.00100716,-0.99999,-0.000257108,0,-0.0013148,0.000255786,-0.999999,0,0.330414,-0.122889,0.325685,1
0.999989,0.00104897,-0.0012772,0,0.00104869,-0.99999,-0.000221593,0,-0.00127744,0.000220256,-0.999999,0,0.330565,-0.123438,0.325819,1
0.999989,0.00108948,-0.00125131,0,0.00108922,-0.99999,-0.00020297,0,-0.00125154,0.000201608,-0.999999,0,0.330713,-0.123983,0.325952,1
0.999989,0.00111287,-0.00124624,0,0.00111264,-0.99999,-0.000187409,0,-0.00124646,0.000186024,-0.999999,0,0.330859,-0.124531,0.326076,1
0.999989,0.00112857,-0.00120068,0,0.00112838,-0.99999,-0.000159368,0,-0.00120087,0.000158014,-0.999999,0,0.331014,-0.12509,0.326216,1
0.999989,0.00112255,-0.00120359,0,0.00112235,-0.99999,-0.000165402,0,-0.00120379,0.000164052,-0.999999,0,0.331156,-0.125638,0.32633,1
0.999989,0.00108451,-0.00118882,0,0.00108431,-0.99999,-0.000173469,0,-0.00118901,0.000172181,-0.999999,0,0.331295,-0.126202,0.326451,1
0.999989,0.00104154,-0.00111506,0,0.00104136,-0.99999,-0.00016719,0,-0.00111525,0.00016603,-0.999999,0,0.331439,-0.126778,0.326593,1
0.999989,0.00100124,-0.00110889,0,0.00100104,-0.99999,-0.00018236,0,-0.00110909,0.000181252,-0.999999,0,0.331569,-0.127337,0.326706,1
0.999989,0.00098686,-0.00110241,0,0.000986669,-0.99999,-0.00017407,0,-0.00110259,0.000172983,-0.999999,0,0.331705,-0.127899,0.326823,1
0.999989,0.000997715,-0.00111276,0,0.000997529,-0.99999,-0.000167952,0,-0.00111294,0.000166844,-0.999999,0,0.331839,-0.128451,0.32694,1
0.999989,0.0010029,-0.0011435,0,0.00100271,-0.99999,-0.000164838,0,-0.00114367,0.000163693,-0.999999,0,0.331971,-0.129006,0.327054,1
0.999989,0.00103697,-0.00115971,0,0.0010368,-0.99999,-0.00014732,0,-0.00115988,0.000146119,-0.999999,0,0.332103,-0.129565,0.32717,1
0.999989,0.00103595,-0.00120591,0,0.00103578,-0.99999,-0.000140147,0,-0.00120607,0.000138899,-0.999999,0,0.332233,-0.130128,0.327277,1
0.999989,0.00103148,-0.00123215,0,0.00103132,-0.99999,-0.000136841,0,-0.0012323,0.000135572,-0.999999,0,0.332363,-0.130698,0.32739,1
0.999989,0.00101771,-0.00125063,0,0.00101753,-0.99999,-0.000147475,0,-0.00125079,0.000146203,-0.999999,0,0.332487,-0.131271,0.327496,1
0.999989,0.000988943,-0.00124925,0,0.000988756,-0.99999,-0.000150118,0,-0.00124941,0.000148884,-0.999999,0,0.33262,-0.131847,0.327612,1
0.999989,0.000976213,-0.00125922,0,0.000976017,-0.99999,-0.000156156,0,-0.00125939,0.000154928,-0.999999,0,0.332756,-0.132424,0.327724,1
0.999989,0.000970589,-0.00130711,0,0.000970341,-0.99999,-0.000189917,0,-0.0013073,0.00018865,-0.999999,0,0.332892,-0.132992,0.327819,1
0.999989,0.000983216,-0.00132745,0,0.000982962,-0.99999,-0.000192421,0,-0.00132765,0.000191118,-0.999999,0,0.333037,-0.133564,0.327933,1
0.999989,0.000993439,-0.00133729,0,0.000993188,-0.99999,-0.000188563,0,-0.00133749,0.000187237,-0.999999,0,0.333177,-0.134133,0.328052,1
0.999989,0.00102675,-0.00133938,0,0.00102649,-0.99999,-0.000192494,0,-0.00133959,0.000191121,-0.999999,0,0.333324,-0.134696,0.328177,1
0.999989,0.00104928,-0.00132389,0,0.00104904,-0.99999,-0.000182537,0,-0.00132409,0.000181149,-0.999999,0,0.333471,-0.135268,0.32831,1
0.999989,0.00107665,-0.00131186,0,0.00107644,-0.99999,-0.000163985,0,-0.00131205,0.000162574,-0.999999,0,0.333618,-0.135839,0.328439,1
0.999989,0.00107734,-0.00128667,0,0.00107714,-0.99999,-0.0001595,0,-0.00128685,0.000158116,-0.999999,0,0.33376,-0.13642,0.32857,1
0.999989,0.00107438,-0.00120189,0,0.00107422,-0.99999,-0.000133354,0,-0.00120204,0.000132064,-0.999999,0,0.333911,-0.137015,0.328724,1
0.999989,0.00107445,-0.00118145,0,0.00107428,-0.99999,-0.000143836,0,-0.00118162,0.000142568,-0.999999,0,0.334059,-0.137601,0.328853,1
0.999989,0.00106298,-0.00114249,0,0.00106282,-0.99999,-0.000143477,0,-0.00114266,0.000142264,-0.999999,0,0.334216,-0.138203,0.32899,1
0.999989,0.00103274,-0.0011237,0,0.00103257,-0.99999,-0.000150234,0,-0.00112387,0.000149075,-0.999999,0,0.334369,-0.138803,0.329116,1
0.999989,0.00106084,-0.00110845,0,0.00106068,-0.99999,-0.000145675,0,-0.00110861,0.0001445,-0.999999,0,0.334526,-0.139391,0.329243,1
0.999989,0.00109748,-0.00108498,0,0.00109736,-0.99999,-0.000115574,0,-0.00108512,0.000114384,-0.999999,0,0.334679,-0.139985,0.329375,1
0.999989,0.001129,-0.00109907,0,0.00112888,-0.99999,-0.000103922,0,-0.0010992,0.000102683,-0.999999,0,0.334823,-0.140564,0.329492,1
0.999989,0.00113697,-0.00110094,0,0.00113689,-0.99999,-7.74953e-05,0,-0.00110103,7.62443e-05,-0.999999,0,0.334963,-0.141158,0.329617,1
0.999989,0.00108695,-0.00111501,0,0.00108688,-0.99999,-6.31084e-05,0,-0.00111508,6.18971e-05,-0.999999,0,0.335094,-0.141757,0.329736,1
0.999989,0.00107759,-0.00114283,0,0.0010775,-0.99999,-8.51544e-05,0,-0.00114293,8.39237e-05,-0.999999,0,0.33523,-0.142346,0.329855,1
0.999989,0.00103824,-0.0011447,0,0.00103812,-0.99999,-0.000106583,0,-0.00114482,0.000105395,-0.999999,0,0.335367,-0.14294,0.329985,1
0.999989,0.000998057,-0.00118141,0,0.000997897,-0.99999,-0.000136169,0,-0.00118156,0.000134991,-0.999999,0,0.335507,-0.143532,0.330096,1
0.999989,0.00095183,-0.00119478,0,0.000951638,-0.99999,-0.000161209,0,-0.00119494,0.000160074,-0.999999,0,0.335648,-0.14413,0.330212,1
0.999989,0.000913502,-0.00120173,0,0.000913296,-0.99999,-0.000172158,0,-0.0012019,0.000171062,-0.999999,0,0.335784,-0.144733,0.330327,1
0.999989,0.000930121,-0.00119859,0,0.000929936,-0.99999,-0.000155189,0,-0.00119875,0.000154076,-0.999999,0,0.335931,-0.145322,0.330448,1
0.999989,0.000957684,-0.00118183,0,0.000957532,-0.99999,-0.000129337,0,-0.00118197,0.000128207,-0.999999,0,0.336083,-0.145914,0.330578,1
0.999989,0.00100073,-0.00120568,0,0.00100058,-0.99999,-0.000125691,0,-0.00120581,0.000124486,-0.999999,0,0.336234,-0.146495,0.330693,1
0.999989,0.00102689,-0.00121416,0,0.00102674,-0.99999,-0.000118029,0,-0.00121429,0.000116783,-0.999999,0,0.336385,-0.147088,0.330819,1
0.999989,0.00103866,-0.00117495,0,0.00103855,-0.99999,-9.54016e-05,0,-0.00117506,9.41821e-05,-0.999999,0,0.336538,-0.147691,0.330966,1
0.999989,0.0010271,-0.00115369,0,0.00102699,-0.99999,-9.93319e-05,0,-0.0011538,9.81479e-05,-0.999999,0,0.336689,-0.148289,0.331098,1
0.999989,0.000976907,-0.00107606,0,0.000976814,-0.99999,-8.70976e-05,0,-0.00107615,8.60472e-05,-0.999999,0,0.336991,-0.149518,0.331379,1
0.999989,0.000977876,-0.00102076,0,0.0009778,-0.99999,-7.4388e-05,0,-0.00102084,7.33905e-05,-0.999999,0,0.33715,-0.150134,0.331527,1
0.999989,0.00100239,-0.000958749,0,0.00100234,-0.99999,-5.47836e-05,0,-0.000958813,5.38231e-05,-1,0,0.337314,-0.150751,0.331682,1
0.999989,0.00102668,-0.000940292,0,0.00102664,-0.99999,-3.54166e-05,0,-0.000940337,3.44516e-05,-1,0,0.337476,-0.15136,0.331817,1
0.999989,0.00106742,-0.000928288,0,0.00106741,-0.99999,-1.46579e-05,0,-0.000928312,1.36672e-05,-1,0,0.337643,-0.151977,0.331952,1
0.999989,0.00110761,-0.000924142,0,0.00110762,-0.99999,9.85272e-06,0,-0.000924139,-1.08764e-05,-1,0,0.337795,-0.152592,0.332081,1
0.999989,0.0011246,-0.000924283,0,0.00112463,-0.99999,3.09932e-05,0,-0.000924257,-3.2033e-05,-1,0,0.337949,-0.153209,0.332211,1
0.999989,0.00112499,-0.000898221,0,0.00112504,-0.99999,5.38237e-05,0,-0.000898168,-5.48347e-05,-1,0,0.338096,-0.153834,0.332351,1
0.999989,0.00114134,-0.000911727,0,0.00114138,-0.99999,4.06243e-05,0,-0.000911689,-4.16653e-05,-1,0,0.338237,-0.154449,0.332471,1
0.999989,0.00114021,-0.000930647,0,0.00114023,-0.99999,2.10915e-05,0,-0.000930631,-2.21528e-05,-1,0,0.33838,-0.15507,0.33259,1
0.999989,0.00114379,-0.000941984,0,0.0011438,-0.99999,6.39021e-06,0,-0.000941985,-7.46772e-06,-1,0,0.338523,-0.155696,0.332716,1
0.999989,0.0011213,-0.000991432,0,0.00112126,-0.99999,-3.286e-05,0,-0.000991478,3.17486e-05,-1,0,0.338669,-0.156312,0.332827,1
0.999989,0.00114108,-0.00103337,0,0.00114103,-0.99999,-4.88738e-05,0,-0.00103344,4.76951e-05,-0.999999,0,0.338817,-0.15693,0.332943,1
0.999989,0.0011862,-0.00108497,0,0.00118614,-0.99999,-5.36701e-05,0,-0.00108504,5.23836e-05,-0.999999,0,0.338968,-0.157532,0.333057,1
0.999989,0.00122491,-0.00112243,0,0.00122485,-0.99999,-5.52944e-05,0,-0.00112251,5.392e-05,-0.999999,0,0.339119,-0.158146,0.333178,1
0.999989,0.00125365,-0.00113486,0,0.0012536,-0.99999,-4.25198e-05,0,-0.00113492,4.10975e-05,-0.999999,0,0.339267,-0.158763,0.333309,1
0.999989,0.00124377,-0.0011673,0,0.00124372,-0.99999,-4.44991e-05,0,-0.00116737,4.30476e-05,-0.999999,0,0.339416,-0.159384,0.333427,1
0.999989,0.00122138,-0.00116169,0,0.00122134,-0.99999,-3.52537e-05,0,-0.00116175,3.38351e-05,-0.999999,0,0.339568,-0.160019,0.333562,1
0.999989,0.00117147,-0.00113763,0,0.00117141,-0.99999,-5.09806e-05,0,-0.0011377,4.96484e-05,-0.999999,0,0.339717,-0.160651,0.333701,1
0.999989,0.00114115,-0.0011111,0,0.00114109,-0.99999,-5.91688e-05,0,-0.00111118,5.79014e-05,-0.999999,0,0.339879,-0.161285,0.333844,1
0.999989,0.00107313,-0.00107622,0,0.00107305,-0.99999,-6.8431e-05,0,-0.0010763,6.72768e-05,-0.999999,0,0.340032,-0.16193,0.333994,1
0.999989,0.00102996,-0.0010525,0,0.00102988,-0.99999,-8.03584e-05,0,-0.00105259,7.92751e-05,-0.999999,0,0.340189,-0.162566,0.334137,1
0.999989,0.00100389,-0.000996853,0,0.00100383,-0.99999,-6.53388e-05,0,-0.000996928,6.43387e-05,-1,0,0.340353,-0.163213,0.334298,1
0.999989,0.00100281,-0.000935583,0,0.00100278,-0.99999,-2.5931e-05,0,-0.000935617,2.4993e-05,-1,0,0.340517,-0.163856,0.33446,1
0.999989,0.00102987,-0.000905517,0,0.00102988,-0.99999,9.32156e-06,0,-0.000905516,-1.02542e-05,-1,0,0.340692,-0.164493,0.334609,1
0.999989,0.00102252,-0.000872551,0,0.00102256,-0.99999,4.94969e-05,0,-0.000872508,-5.03896e-05,-1,0,0.340857,-0.165143,0.334757,1
0.999989,0.0010093,-0.000887359,0,0.00100936,-0.99999,6.12613e-05,0,-0.000887306,-6.21575e-05,-1,0,0.34101,-0.165787,0.334882,1
0.999989,0.00100979,-0.000891887,0,0.00100985,-0.99999,6.36707e-05,0,-0.000891831,-6.4572e-05,-1,0,0.341163,-0.166434,0.335007,1
0.999989,0.0009943,-0.000877334,0,0.000994359,-0.99999,6.70307e-05,0,-0.000877276,-6.79037e-05,-1,0,0.341311,-0.167087,0.335141,1
0.999989,0.000966104,-0.000913503,0,0.000966142,-0.99999,4.12648e-05,0,-0.000913472,-4.21478e-05,-1,0,0.341457,-0.167729,0.335256,1
0.999989,0.000947588,-0.000938623,0,0.000947601,-0.99999,1.3712e-05,0,-0.000938618,-1.46016e-05,-1,0,0.341608,-0.168376,0.335381,1
0.999989,0.000953414,-0.000977716,0,0.000953401,-0.99999,-1.34746e-05,0,-0.000977738,1.25426e-05,-1,0,0.341762,-0.169011,0.335504,1
0.999989,0.000969642,-0.00103269,0,0.000969611,-0.99999,-3.06322e-05,0,-0.00103273,2.96312e-05,-0.999999,0,0.341922,-0.169648,0.335625,1
0.999989,0.00102571,-0.00104426,0,0.00102569,-0.99999,-2.733e-05,0,-0.0010443,2.62591e-05,-0.999999,0,0.342085,-0.170282,0.335763,1
0.999989,0.00106856,-0.00107872,0,0.00106853,-0.99999,-2.63282e-05,0,-0.00107876,2.51758e-05,-0.999999,0,0.342246,-0.170913,0.335891,1
0.999989,0.00108518,-0.00110356,0,0.00108515,-0.99999,-2.64994e-05,0,-0.0011036,2.5302e-05,-0.999999,0,0.342402,-0.171558,0.336018,1
0.999989,0.00109984,-0.00112065,0,0.00109982,-0.99999,-2.11976e-05,0,-0.00112069,1.99652e-05,-0.999999,0,0.342553,-0.172205,0.336144,1
0.999989,0.00114135,-0.00108514,0,0.00114135,-0.99999,1.17916e-06,0,-0.00108515,-2.41772e-06,-0.999999,0,0.342723,-0.172859,0.336294,1
0.999989,0.00111909,-0.000925806,0,0.00111911,-0.99999,2.0146e-05,0,-0.000925792,-2.11822e-05,-1,0,0.343212,-0.174846,0.336766,1
0.999989,0.00112189,-0.000880019,0,0.00112191,-0.99999,1.48742e-05,0,-0.00088001,-1.58616e-05,-1,0,0.34338,-0.175505,0.336925,1
0.999989,0.00114134,-0.000821819,0,0.00114138,-0.99999,4.73663e-05,0,-0.000821773,-4.83048e-05,-1,0,0.34356,-0.176165,0.337095,1
0.999989,0.00116179,-0.000763289,0,0.00116186,-0.99999,8.83596e-05,0,-0.000763194,-8.92472e-05,-1,0,0.343744,-0.176833,0.337263,1
0.999989,0.00120121,-0.000789782,0,0.00120129,-0.99999,9.61843e-05,0,-0.000789674,-9.71339e-05,-1,0,0.343913,-0.177481,0.337394,1
0.999989,0.00117295,-0.000803883,0,0.00117304,-0.99999,0.000110666,0,-0.00080376,-0.00011161,-1,0,0.344068,-0.178147,0.337525,1
0.999989,0.00114706,-0.000783828,0,0.00114717,-0.99999,0.000141997,0,-0.000783672,-0.000142897,-1,0,0.344223,-0.178831,0.337667,1
0.999989,0.00112834,-0.000831492,0,0.00112844,-0.99999,0.000119357,0,-0.000831365,-0.000120296,-1,0,0.344368,-0.179487,0.337777,1
0.999989,0.00107441,-0.000846975,0,0.0010745,-0.99999,0.000104437,0,-0.000846871,-0.000105348,-1,0,0.344521,-0.180161,0.337905,1
0.999989,0.00103309,-0.000867283,0,0.00103315,-0.99999,7.35824e-05,0,-0.000867214,-7.44791e-05,-1,0,0.344677,-0.180823,0.338035,1
0.999989,0.000994059,-0.000918701,0,0.000994083,-0.99999,2.55059e-05,0,-0.000918684,-2.64194e-05,-1,0,0.344835,-0.181486,0.338155,1
0.999989,0.000991582,-0.000940397,0,0.000991593,-0.99999,1.0812e-05,0,-0.000940395,-1.17446e-05,-1,0,0.345003,-0.182156,0.338292,1
0.999989,0.00101672,-0.000994008,0,0.00101672,-0.99999,-6.78141e-06,0,-0.000994024,5.77083e-06,-1,0,0.345167,-0.18281,0.33842,1
0.999989,0.00105349,-0.00103697,0,0.00105346,-0.99999,-2.11915e-05,0,-0.001037,2.00992e-05,-0.999999,0,0.345331,-0.183469,0.338552,1
0.999989,0.00105751,-0.00106212,0,0.0010575,-0.99999,-1.13127e-05,0,-0.00106214,1.01896e-05,-0.999999,0,0.345491,-0.184138,0.33869,1
0.999989,0.00107759,-0.00109341,0,0.00107758,-0.99999,-1.4858e-05,0,-0.00109343,1.36799e-05,-0.999999,0,0.345651,-0.184807,0.338823,1
0.999989,0.00107456,-0.00103286,0,0.00107458,-0.99999,1.4402e-05,0,-0.00103285,-1.55121e-05,-0.999999,0,0.345819,-0.185491,0.338988,1
0.999989,0.00107112,-0.00100968,0,0.00107113,-0.99999,1.1562e-05,0,-0.00100968,-1.26437e-05,-0.999999,0,0.345982,-0.186164,0.339133,1
0.999989,0.00103931,-0.00096506,0,0.00103932,-0.99999,1.2258e-05,0,-0.000965056,-1.32611e-05,-1,0,0.346152,-0.186858,0.339297,1
0.999989,0.000996105,-0.000911694,0,0.00099611,-0.99999,4.75278e-06,0,-0.000911698,-5.66099e-06,-1,0,0.34632,-0.187551,0.339466,1
0.99999,0.000990624,-0.00083539,0,0.00099064,-0.99999,1.83996e-05,0,-0.00083538,-1.92273e-05,-1,0,0.346503,-0.188243,0.339645,1
0.99999,0.000983355,-0.000763138,0,0.000983395,-0.99999,5.27553e-05,0,-0.000763093,-5.35063e-05,-1,0,0.346682,-0.188939,0.339825,1
0.99999,0.0010208,-0.000789878,0,0.00102084,-0.99999,5.13969e-05,0,-0.000789833,-5.22037e-05,-1,0,0.346855,-0.189615,0.339958,1
0.999989,0.00106032,-0.000832761,0,0.00106037,-0.99999,5.06463e-05,0,-0.000832714,-5.15298e-05,-1,0,0.347018,-0.1903,0.340082,1
0.999989,0.00107343,-0.000861718,0,0.0010735,-0.99999,7.28582e-05,0,-0.000861648,-7.37839e-05,-1,0,0.347175,-0.19099,0.340217,1
0.999989,0.00108363,-0.000912571,0,0.00108368,-0.99999,5.82966e-05,0,-0.000912516,-5.92861e-05,-1,0,0.347322,-0.191674,0.340339,1
0.999989,0.0010932,-0.000941638,0,0.00109323,-0.99999,3.44354e-05,0,-0.000941609,-3.54651e-05,-1,0,0.347475,-0.192365,0.34047,1
0.999989,0.00108007,-0.000940983,0,0.00108008,-0.99999,1.88616e-05,0,-0.000940971,-1.98782e-05,-1,0,0.347633,-0.193054,0.340616,1
0.999989,0.00105646,-0.000964689,0,0.00105644,-0.99999,-1.70428e-05,0,-0.000964716,1.60238e-05,-1,0,0.347794,-0.193749,0.34075,1
0.999989,0.00103626,-0.000944624,0,0.00103624,-0.99999,-2.23858e-05,0,-0.000944656,2.14071e-05,-1,0,0.347965,-0.19445,0.340906,1
0.999989,0.00103512,-0.000985647,0,0.00103507,-0.99999,-4.70451e-05,0,-0.000985705,4.60253e-05,-1,0,0.348136,-0.195137,0.341038,1
0.999989,0.00106468,-0.00101951,0,0.00106462,-0.99999,-5.27693e-05,0,-0.00101958,5.16843e-05,-0.999999,0,0.348312,-0.195826,0.341178,1
0.999989,0.00108968,-0.00104179,0,0.00108964,-0.99999,-4.12e-05,0,-0.00104185,4.00652e-05,-0.999999,0,0.348484,-0.196514,0.341319,1
0.999989,0.00114072,-0.00105988,0,0.00114069,-0.99999,-3.09758e-05,0,-0.00105992,2.9767e-05,-0.999999,0,0.348667,-0.197197,0.341464,1
0.999989,0.0011522,-0.000999305,0,0.00115222,-0.99999,2.07816e-05,0,-0.00099929,-2.19332e-05,-1,0,0.348844,-0.197893,0.341642,1
0.999989,0.00115332,-0.000941426,0,0.00115338,-0.99999,5.78587e-05,0,-0.000941368,-5.89451e-05,-1,0,0.349025,-0.198583,0.341816,1
0.999989,0.0011425,-0.000865532,0,0.00114257,-0.99999,7.8258e-05,0,-0.000865451,-7.92476e-05,-1,0,0.34921,-0.199286,0.341998,1
0.999989,0.00109873,-0.000795361,0,0.00109881,-0.99999,9.8531e-05,0,-0.00079526,-9.94058e-05,-1,0,0.349385,-0.199994,0.342173,1
0.99999,0.00105787,-0.000745753,0,0.00105795,-0.99999,0.000104509,0,-0.000745649,-0.000105299,-1,0,0.349566,-0.200699,0.342338,1
0.99999,0.00103426,-0.000736064,0,0.00103433,-0.99999,9.08893e-05,0,-0.000735976,-9.16515e-05,-1,0,0.349744,-0.201406,0.342491,1
0.999989,0.00102641,-0.000848323,0,0.00102644,-0.99999,2.68752e-05,0,-0.000848303,-2.77462e-05,-1,0,0.349904,-0.202092,0.342587,1
0.999989,0.00104255,-0.000904581,0,0.00104256,-0.99999,1.12706e-05,0,-0.000904577,-1.22138e-05,-1,0,0.350072,-0.202784,0.342715,1
0.999989,0.00108187,-0.000942296,0,0.00108187,-0.99999,5.8282e-06,0,-0.000942298,-6.84772e-06,-1,0,0.350236,-0.203469,0.342852,1
0.999989,0.00110296,-0.000971843,0,0.00110298,-0.99999,1.26421e-05,0,-0.000971838,-1.37141e-05,-1,0,0.350394,-0.204142,0.342991,1
0.999989,0.00112031,-0.000947891,0,0.00112035,-0.99999,3.93108e-05,0,-0.000947855,-4.03732e-05,-1,0,0.35056,-0.204835,0.343155,1
0.999989,0.00113781,-0.000932755,0,0.00113786,-0.99999,5.18656e-05,0,-0.000932704,-5.29274e-05,-1,0,0.350723,-0.205513,0.343314,1
0.999989,0.00113134,-0.000913357,0,0.00113138,-0.99999,4.53071e-05,0,-0.000913314,-4.63409e-05,-1,0,0.350894,-0.206202,0.343473,1
0.999989,0.00112837,-0.00087953,0,0.00112842,-0.99999,5.64992e-05,0,-0.000879474,-5.74922e-05,-1,0,0.351071,-0.206898,0.343644,1
0.999989,0.00111312,-0.000911853,0,0.00111314,-0.99999,3.11793e-05,0,-0.000911826,-3.21946e-05,-1,0,0.351238,-0.207582,0.343782,1
0.999989,0.00111815,-0.000913735,0,0.00111819,-0.99999,3.98373e-05,0,-0.000913698,-4.08594e-05,-1,0,0.351412,-0.208284,0.343927,1
0.999989,0.00112658,-0.000906544,0,0.00112665,-0.99999,7.63962e-05,0,-0.000906466,-7.74183e-05,-1,0,0.351583,-0.208982,0.344078,1
0.999989,0.00116539,-0.000878992,0,0.0011655,-0.99999,0.000125159,0,-0.000878854,-0.000126184,-1,0,0.351764,-0.209664,0.344243,1
0.999989,0.00117205,-0.000762651,0,0.00117221,-0.99999,0.000207585,0,-0.000762415,-0.000208481,-1,0,0.35195,-0.210358,0.344444,1
0.999989,0.00121375,-0.000693126,0,0.00121393,-0.99999,0.00024751,0,-0.000692832,-0.000248354,-1,0,0.352131,-0.211031,0.344616,1
0.999989,0.00120595,-0.000619545,0,0.00120613,-0.99999,0.000281786,0,-0.000619211,-0.000282536,-1,0,0.352307,-0.211714,0.344788,1
0.999989,0.00121124,-0.000559079,0,0.00121141,-0.99999,0.00030601,0,-0.000558714,-0.00030669,-1,0,0.352473,-0.212397,0.34495,1
0.999989,0.00122478,-0.000546946,0,0.00122494,-0.99999,0.000300787,0,-0.000546582,-0.00030146,-1,0,0.352638,-0.213074,0.345093,1
0.999989,0.00120952,-0.000560576,0,0.00120968,-0.99999,0.000285132,0,-0.000560236,-0.000285813,-1,0,0.352803,-0.213763,0.345228,1
0.999989,0.00117645,-0.000635168,0,0.00117659,-0.99999,0.000222342,0,-0.000634912,-0.000223091,-1,0,0.352963,-0.21445,0.345328,1
0.999989,0.00113736,-0.000689569,0,0.00113747,-0.99999,0.000165439,0,-0.000689387,-0.000166224,-1,0,0.353121,-0.215139,0.345438,1
0.99999,0.00111359,-0.000671786,0,0.00111369,-0.99999,0.000153901,0,-0.000671621,-0.000154651,-1,0,0.353282,-0.215828,0.345581,1
0.99999,0.0010742,-0.000639998,0,0.0010743,-0.99999,0.000154355,0,-0.000639838,-0.000155044,-1,0,0.353443,-0.216504,0.345727,1
0.99999,0.00105942,-0.000607474,0,0.00105952,-0.99999,0.000163596,0,-0.000607306,-0.000164241,-1,0,0.353605,-0.217182,0.345874,1
0.99999,0.00105206,-0.000568635,0,0.00105218,-0.99999,0.00019429,0,-0.000568436,-0.00019489,-1,0,0.353766,-0.217855,0.346028,1
0.99999,0.00103714,-0.000549887,0,0.00103726,-0.99999,0.000208714,0,-0.000549676,-0.000209286,-1,0,0.353941,-0.218521,0.346181,1
0.99999,0.00100296,-0.000544342,0,0.00100308,-0.99999,0.000217361,0,-0.000544129,-0.000217909,-1,0,0.354109,-0.219195,0.346332,1
0.99999,0.000975613,-0.000567597,0,0.000975724,-0.99999,0.000194167,0,-0.000567413,-0.000194723,-1,0,0.354278,-0.219864,0.346464,1
0.99999,0.000926533,-0.000571686,0,0.000926636,-0.99999,0.000180612,0,-0.000571524,-0.000181143,-1,0,0.354451,-0.220545,0.346604,1
0.99999,0.000869252,-0.000584751,0,0.00086935,-0.99999,0.000166659,0,-0.000584611,-0.000167169,-1,0,0.35461,-0.221226,0.346735,1
0.99999,0.000816483,-0.000552055,0,0.000816586,-0.99999,0.000186059,0,-0.000551908,-0.000186511,-1,0,0.354775,-0.221904,0.346881,1
0.99999,0.000776808,-0.000476804,0,0.000776919,-0.99999,0.000232522,0,-0.000476628,-0.000232895,-1,0,0.354932,-0.222583,0.347046,1
0.99999,0.0007791,-0.000472301,0,0.000779219,-0.99999,0.000251536,0,-0.000472109,-0.000251907,-1,0,0.355082,-0.223234,0.347183,1
0.99999,0.000776121,-0.000488846,0,0.000776241,-0.99999,0.000244797,0,-0.000488661,-0.000245179,-1,0,0.35523,-0.223889,0.347315,1
0.99999,0.000791229,-0.000501848,0,0.000791346,-0.99999,0.000234263,0,-0.000501668,-0.000234662,-1,0,0.355384,-0.224537,0.347454,1
0.99999,0.000810965,-0.000593225,0,0.00081106,-0.99999,0.0001604,0,-0.0005931,-0.000160882,-1,0,0.355539,-0.225166,0.347559,1
0.99999,0.000820327,-0.000651576,0,0.000820403,-0.99999,0.0001157,0,-0.000651487,-0.000116236,-1,0,0.355699,-0.225812,0.34768,1
0.99999,0.000841691,-0.000749657,0,0.000841725,-0.99999,4.40917e-05,0,-0.000749627,-4.47231e-05,-1,0,0.355859,-0.226448,0.347777,1
0.99999,0.000842999,-0.000803961,0,0.000843001,-0.99999,2.6504e-06,0,-0.000803966,-3.32817e-06,-1,0,0.35601,-0.227098,0.347888,1
0.99999,0.000846433,-0.000765242,0,0.000846458,-0.99999,3.21008e-05,0,-0.000765222,-3.27489e-05,-1,0,0.356166,-0.227758,0.348037,1
0.99999,0.000812789,-0.000740688,0,0.000812818,-0.99999,3.90382e-05,0,-0.000740663,-3.96406e-05,-1,0,0.356308,-0.228418,0.348175,1
0.99999,0.000787371,-0.000704576,0,0.000787411,-0.99999,5.58149e-05,0,-0.000704538,-5.63702e-05,-1,0,0.356454,-0.229081,0.348318,1
0.99999,0.00075995,-0.000682502,0,0.000759988,-0.99999,5.57803e-05,0,-0.000682466,-5.62995e-05,-1,0,0.356601,-0.229738,0.348463,1
0.99999,0.000746381,-0.000693409,0,0.000746399,-0.99999,2.63825e-05,0,-0.000693396,-2.69003e-05,-1,0,0.35676,-0.230388,0.348603,1
0.99999,0.000744809,-0.000680264,0,0.00074482,-0.99999,1.55096e-05,0,-0.000680258,-1.60165e-05,-1,0,0.356928,-0.231034,0.348756,1
0.99999,0.00075249,-0.000705284,0,0.00075248,-0.99999,-1.37268e-05,0,-0.000705301,1.31962e-05,-1,0,0.357096,-0.231677,0.348889,1
0.99999,0.000759049,-0.000715453,0,0.00075905,-0.99999,1.20847e-06,0,-0.000715458,-1.75156e-06,-1,0,0.357257,-0.232326,0.349022,1
0.99999,0.000768629,-0.000733282,0,0.000768649,-0.99999,2.76905e-05,0,-0.000733267,-2.82544e-05,-1,0,0.357398,-0.232981,0.349147,1
0.99999,0.000745123,-0.000750849,0,0.000745161,-0.99999,4.97683e-05,0,-0.000750819,-5.03283e-05,-1,0,0.357532,-0.233633,0.34927,1
0.99999,0.000734209,-0.000762658,0,0.000734257,-0.99999,6.20667e-05,0,-0.000762619,-6.26272e-05,-1,0,0.357661,-0.234279,0.349395,1
0.99999,0.000703183,-0.000798327,0,0.000703213,-0.99999,3.68486e-05,0,-0.000798308,-3.74104e-05,-1,0,0.357793,-0.23492,0.349511,1
0.99999,0.000667025,-0.000841327,0,0.000667006,-0.99999,-2.25843e-05,0,-0.00084135,2.20233e-05,-1,0,0.357931,-0.23556,0.349627,1
0.99999,0.000613345,-0.000855998,0,0.000613286,-0.99999,-6.8932e-05,0,-0.000856048,6.84076e-05,-1,0,0.358075,-0.236204,0.349754,1
0.99999,0.000575787,-0.000882013,0,0.000575683,-0.99999,-0.000117913,0,-0.000882089,0.000117406,-1,0,0.358225,-0.23684,0.349877,1
0.99999,0.000559085,-0.000884366,0,0.000558969,-0.99999,-0.000131713,0,-0.000884448,0.00013122,-1,0,0.35838,-0.237475,0.350015,1
0.99999,0.000548772,-0.000947765,0,0.000548616,-0.99999,-0.000164908,0,-0.000947864,0.000164389,-1,0,0.35853,-0.238101,0.35012,1
0.99999,0.000574948,-0.000962739,0,0.000574813,-0.99999,-0.000139859,0,-0.000962829,0.000139307,-1,0,0.358687,-0.238731,0.350251,1
0.99999,0.000576517,-0.000957267,0,0.000576413,-0.99999,-0.000108936,0,-0.000957339,0.000108386,-1,0,0.358838,-0.239363,0.350387,1
0.99999,0.00060257,-0.000944857,0,0.000602505,-0.99999,-6.9906e-05,0,-0.000944908,6.93373e-05,-1,0,0.358994,-0.23998,0.350526,1
0.99999,0.000610303,-0.000915005,0,0.000610265,-0.99999,-4.10605e-05,0,-0.000915039,4.05024e-05,-1,0,0.359156,-0.240606,0.350674,1
0.99999,0.000594684,-0.000884171,0,0.000594662,-0.99999,-2.55924e-05,0,-0.000884194,2.50669e-05,-1,0,0.359312,-0.24123,0.350825,1
0.99999,0.000559104,-0.000847317,0,0.000559078,-0.99999,-3.08436e-05,0,-0.000847342,3.03701e-05,-1,0,0.359481,-0.241851,0.350977,1
0.99999,0.000537034,-0.000785211,0,0.000537021,-0.99999,-1.59207e-05,0,-0.000785227,1.54991e-05,-1,0,0.359651,-0.242481,0.351137,1
0.99999,0.000492964,-0.000790179,0,0.000492941,-0.99999,-2.93039e-05,0,-0.000790201,2.89147e-05,-1,0,0.3598,-0.243107,0.351259,1
0.99999,0.000448143,-0.00079803,0,0.000448121,-0.99999,-2.68798e-05,0,-0.00079805,2.65224e-05,-1,0,0.35994,-0.243742,0.351377,1
0.99999,0.000407066,-0.000822568,0,0.00040705,-0.99999,-1.96403e-05,0,-0.000822584,1.93057e-05,-1,0,0.360068,-0.244379,0.351489,1
0.99999,0.000378691,-0.000911567,0,0.000378633,-0.99999,-6.36736e-05,0,-0.0009116,6.3329e-05,-1,0,0.360194,-0.244996,0.351574,1
0.99999,0.000354895,-0.000936498,0,0.000354832,-0.99999,-6.81926e-05,0,-0.000936531,6.78609e-05,-1,0,0.360331,-0.245618,0.351694,1
0.99999,0.000334927,-0.000996056,0,0.000334812,-0.99999,-0.00011535,0,-0.000996104,0.000115018,-0.999999,0,0.360466,-0.246221,0.351801,1
0.99999,0.000327831,-0.00102985,0,0.00032767,-0.99999,-0.000155929,0,-0.00102991,0.000155593,-0.999999,0,0.360608,-0.246825,0.351917,1
0.99999,0.000337673,-0.00101202,0,0.000337521,-0.99999,-0.000149877,0,-0.00101208,0.000149537,-0.999999,0,0.360762,-0.247438,0.352059,1
0.99999,0.000345098,-0.00102686,0,0.000344922,-0.99999,-0.00017119,0,-0.00102693,0.000170838,-0.999999,0,0.360907,-0.248036,0.352183,1
0.99999,0.000340086,-0.00102937,0,0.000339914,-0.99999,-0.00016751,0,-0.00102944,0.000167162,-0.999999,0,0.361054,-0.248654,0.35231,1
0.99999,0.000359196,-0.00103775,0,0.000359025,-0.99999,-0.00016489,0,-0.00103781,0.000164519,-0.999999,0,0.361204,-0.249262,0.352436,1
0.99999,0.00034945,-0.00107961,0,0.000349249,-0.99999,-0.000186287,0,-0.00107969,0.000185912,-0.999999,0,0.361347,-0.249877,0.352546,1
0.99999,0.000355866,-0.00105601,0,0.000355703,-0.99999,-0.00015456,0,-0.00105608,0.000154186,-0.999999,0,0.361497,-0.250495,0.352687,1
0.99999,0.000361641,-0.0010611,0,0.000361468,-0.99999,-0.000163369,0,-0.00106117,0.000162987,-0.999999,0,0.361647,-0.251102,0.35281,1
0.99999,0.000359121,-0.00102607,0,0.000358976,-0.99999,-0.0001415,0,-0.00102613,0.000141133,-0.999999,0,0.3618,-0.251713,0.352956,1
0.99999,0.000356887,-0.000970774,0,0.000356784,-0.99999,-0.000105834,0,-0.000970821,0.000105489,-1,0,0.361953,-0.252318,0.353112,1
0.99999,0.000401803,-0.000939169,0,0.000401722,-0.99999,-8.6766e-05,0,-0.000939213,8.63895e-05,-1,0,0.362113,-0.252907,0.353261,1
0.99999,0.000434703,-0.000918865,0,0.000434643,-0.99999,-6.54815e-05,0,-0.000918903,6.50828e-05,-1,0,0.362267,-0.253495,0.353398,1
0.99999,0.000475328,-0.000959762,0,0.00047526,-0.99999,-7.10942e-05,0,-0.000959805,7.06387e-05,-1,0,0.362416,-0.254073,0.353506,1
0.99999,0.000528205,-0.00103256,0,0.000528111,-0.99999,-9.19462e-05,0,-0.00103262,9.14018e-05,-0.999999,0,0.362562,-0.254652,0.353602,1
0.99999,0.000571515,-0.00111833,0,0.000571367,-0.99999,-0.000132212,0,-0.00111842,0.000131574,-0.999999,0,0.362701,-0.255228,0.35369,1
0.999989,0.000611658,-0.00117848,0,0.000611462,-0.99999,-0.000167085,0,-0.00117859,0.000166366,-0.999999,0,0.362852,-0.255803,0.353793,1
0.999989,0.000629256,-0.00123457,0,0.000628985,-0.99999,-0.000219716,0,-0.00123472,0.000218942,-0.999999,0,0.362994,-0.256382,0.353891,1
0.999989,0.000644981,-0.00125782,0,0.000644681,-0.99999,-0.000238561,0,-0.00125799,0.000237752,-0.999999,0,0.363141,-0.256956,0.354002,1
0.999989,0.000672706,-0.00126437,0,0.000672377,-0.99999,-0.000260579,0,-0.00126455,0.000259731,-0.999999,0,0.363283,-0.257536,0.354118,1
0.999989,0.000669743,-0.00122978,0,0.000669443,-0.99999,-0.000244154,0,-0.00122996,0.000243333,-0.999999,0,0.363418,-0.258131,0.35426,1
0.999989,0.000678085,-0.00122185,0,0.000677788,-0.99999,-0.000243545,0,-0.00122203,0.000242719,-0.999999,0,0.363559,-0.258715,0.354387,1
0.999989,0.000690115,-0.0012115,0,0.000689823,-0.99999,-0.000240701,0,-0.00121168,0.000239868,-0.999999,0,0.363702,-0.259302,0.354521,1
0.999989,0.000710915,-0.00120302,0,0.000710624,-0.99999,-0.000241753,0,-0.0012032,0.0002409,-0.999999,0,0.363848,-0.259876,0.354658,1
0.999989,0.000725333,-0.00119865,0,0.000725043,-0.99999,-0.000242337,0,-0.00119884,0.00024147,-0.999999,0,0.363994,-0.260458,0.354796,1
0.999989,0.000746883,-0.00119331,0,0.000746603,-0.99999,-0.000235256,0,-0.0011935,0.000234367,-0.999999,0,0.364147,-0.261044,0.354931,1
0.999989,0.00074504,-0.0011866,0,0.000744774,-0.99999,-0.000224763,0,-0.00118678,0.000223882,-0.999999,0,0.364299,-0.261625,0.355062,1
0.999989,0.00074477,-0.00116911,0,0.000744532,-0.99999,-0.000203852,0,-0.00116927,0.000202983,-0.999999,0,0.364446,-0.26221,0.35519,1
0.999989,0.000748493,-0.00113606,0,0.000748304,-0.99999,-0.000166801,0,-0.0011362,0.000165952,-0.999999,0,0.364583,-0.26279,0.355323,1
0.999989,0.000748105,-0.001126,0,0.000747948,-0.99999,-0.000140071,0,-0.00112612,0.00013923,-0.999999,0,0.364718,-0.263366,0.355448,1
0.999989,0.000741888,-0.00114497,0,0.000741729,-0.99999,-0.000139215,0,-0.00114508,0.000138367,-0.999999,0,0.364843,-0.263937,0.355564,1
0.999989,0.000710991,-0.00119157,0,0.000710785,-0.99999,-0.000173412,0,-0.0011917,0.000172567,-0.999999,0,0.364969,-0.264507,0.355666,1
0.999989,0.000673923,-0.00127031,0,0.000673609,-0.99999,-0.000247439,0,-0.00127049,0.000246585,-0.999999,0,0.365097,-0.265073,0.355757,1
0.999989,0.000634563,-0.00130958,0,0.000634166,-0.99999,-0.000303851,0,-0.00130979,0.000303023,-0.999999,0,0.365231,-0.265642,0.355868,1
0.999989,0.000593342,-0.0013644,0,0.000592848,-0.99999,-0.000362515,0,-0.00136463,0.000361709,-0.999999,0,0.365365,-0.266209,0.355964,1
0.999989,0.000549816,-0.00137252,0,0.000549296,-0.99999,-0.000379033,0,-0.00137274,0.000378283,-0.999999,0,0.365496,-0.266785,0.356086,1
0.999989,0.00052161,-0.0013968,0,0.000521059,-0.99999,-0.000394668,0,-0.00139701,0.000393943,-0.999999,0,0.365623,-0.267354,0.356191,1
0.999989,0.000504877,-0.00141849,0,0.000504338,-0.99999,-0.000380693,0,-0.00141869,0.000379981,-0.999999,0,0.365754,-0.267929,0.356302,1
0.999989,0.000519003,-0.00137167,0,0.000518551,-0.99999,-0.000329543,0,-0.00137186,0.000328834,-0.999999,0,0.365895,-0.268498,0.356452,1
0.999989,0.000522345,-0.00139782,0,0.000521862,-0.99999,-0.000345863,0,-0.00139801,0.000345136,-0.999999,0,0.366027,-0.269047,0.35656,1
0.999989,0.000556672,-0.00137758,0,0.000556232,-0.99999,-0.000319129,0,-0.00137777,0.000318365,-0.999999,0,0.366175,-0.269601,0.356694,1
0.999989,0.00056469,-0.00136049,0,0.00056427,-0.99999,-0.000309328,0,-0.00136068,0.000308563,-0.999999,0,0.36632,-0.270154,0.356831,1
0.999989,0.000602745,-0.00133985,0,0.000602352,-0.99999,-0.00029399,0,-0.00134003,0.000293185,-0.999999,0,0.366474,-0.2707,0.356973,1
0.999989,0.000660236,-0.00127186,0,0.000659922,-0.99999,-0.000246543,0,-0.00127203,0.000245706,-0.999999,0,0.366634,-0.271255,0.357135,1
0.999989,0.000689722,-0.0012264,0,0.000689466,-0.99999,-0.000209207,0,-0.00122656,0.000208363,-0.999999,0,0.366789,-0.271808,0.357281,1
0.999989,0.000714376,-0.0012003,0,0.000714154,-0.99999,-0.000185664,0,-0.00120045,0.000184808,-0.999999,0,0.366931,-0.272368,0.357405,1
0.999989,0.000756662,-0.00119374,0,0.000756475,-0.99999,-0.000157075,0,-0.00119387,0.000156173,-0.999999,0,0.367065,-0.272929,0.35752,1
0.999989,0.000784183,-0.00121533,0,0.000783988,-0.99999,-0.000160988,0,-0.00121547,0.000160037,-0.999999,0,0.367193,-0.273478,0.357619,1
0.999989,0.000792634,-0.00121792,0,0.000792438,-0.99999,-0.00016144,0,-0.00121806,0.000160476,-0.999999,0,0.367322,-0.274034,0.357724,1
0.999989,0.000795353,-0.00123833,0,0.000795125,-0.99999,-0.000184882,0,-0.00123849,0.000183899,-0.999999,0,0.367451,-0.274588,0.357825,1
0.999989,0.000779874,-0.00125867,0,0.000779586,-0.99999,-0.000229272,0,-0.00125886,0.000228293,-0.999999,0,0.367578,-0.275138,0.357929,1
0.999989,0.000781715,-0.00124085,0,0.000781421,-0.99999,-0.00023727,0,-0.00124104,0.000236302,-0.999999,0,0.367715,-0.275691,0.358053,1
0.999989,0.000781398,-0.00124143,0,0.000781088,-0.99999,-0.00024985,0,-0.00124164,0.000248882,-0.999999,0,0.367852,-0.276238,0.358174,1
0.999989,0.00077643,-0.00122216,0,0.000776131,-0.99999,-0.000245077,0,-0.00122236,0.000244131,-0.999999,0,0.367981,-0.27679,0.358306,1
0.999989,0.000767203,-0.00121643,0,0.00076693,-0.99999,-0.000225223,0,-0.00121661,0.000224292,-0.999999,0,0.368111,-0.277339,0.358426,1
0.999989,0.000790998,-0.00118926,0,0.00079078,-0.99999,-0.000184043,0,-0.00118942,0.000183104,-0.999999,0,0.368251,-0.277897,0.358556,1
0.999989,0.0008137,-0.0011575,0,0.00081353,-0.99999,-0.000147351,0,-0.00115763,0.00014641,-0.999999,0,0.36839,-0.278441,0.35869,1
0.999989,0.000850435,-0.0011787,0,0.000850256,-0.99999,-0.000152417,0,-0.00117885,0.000151416,-0.999999,0,0.368526,-0.278976,0.358788,1
0.999989,0.000861704,-0.00116846,0,0.000861559,-0.99999,-0.000124715,0,-0.00116858,0.00012371,-0.999999,0,0.368671,-0.279529,0.358907,1
0.999989,0.000843309,-0.00115477,0,0.000843174,-0.99999,-0.000118126,0,-0.00115488,0.000117153,-0.999999,0,0.368805,-0.280073,0.359028,1
0.999989,0.000850168,-0.00111204,0,0.000850068,-0.99999,-9.06735e-05,0,-0.00111213,8.97289e-05,-0.999999,0,0.368949,-0.28062,0.359162,1
0.999989,0.000854958,-0.00102989,0,0.000854923,-0.99999,-3.39245e-05,0,-0.00102993,3.30443e-05,-0.999999,0,0.369095,-0.281172,0.359319,1
0.99999,0.000841602,-0.00100511,0,0.000841579,-0.99999,-2.36198e-05,0,-0.00100514,2.27741e-05,-0.999999,0,0.369228,-0.281705,0.359443,1
0.99999,0.00082501,-0.00096046,0,0.000825019,-0.99999,9.07127e-06,0,-0.000960461,-9.86376e-06,-1,0,0.369358,-0.28225,0.359574,1
0.99999,0.000807723,-0.000952886,0,0.000807743,-0.99999,2.03082e-05,0,-0.000952879,-2.10781e-05,-1,0,0.369474,-0.282789,0.35969,1
0.99999,0.000791129,-0.000973968,0,0.00079113,-0.99999,7.11336e-07,0,-0.000973976,-1.48189e-06,-1,0,0.369596,-0.283322,0.359792,1
0.99999,0.000800184,-0.000993547,0,0.000800162,-0.99999,-2.32067e-05,0,-0.000993575,2.24119e-05,-1,0,0.369728,-0.283847,0.359891,1
0.999989,0.000808365,-0.00104797,0,0.000808287,-0.99999,-7.5006e-05,0,-0.00104804,7.41596e-05,-0.999999,0,0.369863,-0.284372,0.359974,1
0.999989,0.0008287,-0.00108791,0,0.00082858,-0.99999,-0.000110798,0,-0.00108802,0.000109898,-0.999999,0,0.369999,-0.284891,0.360064,1
0.999989,0.00083638,-0.00107112,0,0.000836274,-0.99999,-9.90086e-05,0,-0.00107122,9.81137e-05,-0.999999,0,0.370134,-0.285425,0.360177,1
0.999989,0.00085468,-0.00104854,0,0.000854617,-0.99999,-6.04516e-05,0,-0.00104861,5.9556e-05,-0.999999,0,0.37027,-0.285951,0.360297,1
0.999989,0.000888954,-0.00102551,0,0.00088892,-0.99999,-3.3258e-05,0,-0.00102554,3.23466e-05,-0.999999,0,0.370402,-0.286465,0.360419,1
0.999989,0.000939049,-0.000977363,0,0.000939067,-0.99999,1.86584e-05,0,-0.000977355,-1.95764e-05,-1,0,0.370547,-0.286975,0.360557,1
0.999989,0.000961629,-0.000965422,0,0.00096165,-0.99999,2.12447e-05,0,-0.00096541,-2.21733e-05,-1,0,0.370689,-0.287486,0.360681,1
0.999989,0.000974846,-0.000938332,0,0.000974874,-0.99999,2.98737e-05,0,-0.000938311,-3.07888e-05,-1,0,0.370833,-0.287995,0.360812,1
0.999989,0.00100611,-0.000922421,0,0.00100614,-0.99999,3.6156e-05,0,-0.000922393,-3.70844e-05,-1,0,0.370983,-0.288505,0.360934,1
0.999989,0.00102573,-0.000903556,0,0.00102577,-0.99999,4.43779e-05,0,-0.000903518,-4.53051e-05,-1,0,0.371133,-0.289019,0.361058,1
0.999989,0.001004,-0.000890932,0,0.00100405,-0.99999,5.46139e-05,0,-0.000890886,-5.55089e-05,-1,0,0.371267,-0.289538,0.361175,1
0.999989,0.00101328,-0.000848935,0,0.00101336,-0.99999,9.70636e-05,0,-0.000848844,-9.79248e-05,-1,0,0.371413,-0.290067,0.361304,1
0.99999,0.00102111,-0.000810511,0,0.00102122,-0.99999,0.00013528,0,-0.000810381,-0.000136109,-1,0,0.371551,-0.29059,0.361428,1
0.99999,0.00100083,-0.000820879,0,0.00100094,-0.99999,0.000134713,0,-0.000820751,-0.000135535,-1,0,0.371672,-0.291104,0.361522,1
0.99999,0.00100056,-0.000823723,0,0.00100067,-0.99999,0.000138935,0,-0.000823592,-0.00013976,-1,0,0.371793,-0.291627,0.36162,1
0.99999,0.000970581,-0.000827324,0,0.000970688,-0.99999,0.000129107,0,-0.000827206,-0.000129911,-1,0,0.371906,-0.292143,0.361723,1
0.99999,0.000951579,-0.000860405,0,0.000951646,-0.99999,7.78519e-05,0,-0.000860339,-7.86714e-05,-1,0,0.372025,-0.292644,0.361816,1
0.99999,0.000930291,-0.000868304,0,0.000930337,-0.99999,5.1837e-05,0,-0.000868263,-5.26453e-05,-1,0,0.372149,-0.293153,0.361925,1
0.99999,0.000913297,-0.000905262,0,0.000913298,-0.99999,2.60222e-07,0,-0.00090527,-1.08701e-06,-1,0,0.372268,-0.293654,0.362016,1
0.99999,0.000885158,-0.000911193,0,0.000885152,-0.99999,-6.72945e-06,0,-0.000911208,5.92295e-06,-1,0,0.372391,-0.294168,0.362127,1
0.99999,0.000872207,-0.000867939,0,0.000872237,-0.99999,3.37388e-05,0,-0.000867918,-3.44961e-05,-1,0,0.372514,-0.294689,0.362259,1
0.99999,0.000870584,-0.000905768,0,0.000870611,-0.99999,2.94789e-05,0,-0.000905751,-3.02677e-05,-1,0,0.372632,-0.295195,0.362346,1
0.99999,0.000872034,-0.000873295,0,0.000872098,-0.99999,7.29695e-05,0,-0.000873239,-7.37317e-05,-1,0,0.372755,-0.295713,0.362467,1
0.99999,0.000855331,-0.000867777,0,0.0008554,-0.99999,7.92534e-05,0,-0.000867717,-7.99964e-05,-1,0,0.372876,-0.296221,0.362572,1
0.99999,0.000835253,-0.00084977,0,0.000835342,-0.99999,0.000103613,0,-0.000849691,-0.000104324,-1,0,0.372999,-0.296737,0.362686,1
0.99999,0.000822455,-0.000796781,0,0.000822567,-0.99999,0.000140024,0,-0.000796673,-0.000140681,-1,0,0.373122,-0.29725,0.362819,1
0.99999,0.000803435,-0.000775747,0,0.000803546,-0.99999,0.000142709,0,-0.000775639,-0.000143333,-1,0,0.373242,-0.297756,0.362936,1
0.99999,0.00078505,-0.000741216,0,0.000785169,-0.99999,0.000160753,0,-0.000741097,-0.000161337,-1,0,0.373368,-0.298263,0.363063,1
0.99999,0.000764221,-0.00070361,0,0.000764346,-0.99999,0.000177247,0,-0.000703481,-0.000177787,-1,0,0.373492,-0.298772,0.363191,1
0.99999,0.000766683,-0.000661595,0,0.000766816,-0.99999,0.000201045,0,-0.000661447,-0.000201554,-1,0,0.373621,-0.299276,0.363322,1
0.99999,0.000770259,-0.000636896,0,0.000770399,-0.99999,0.000219706,0,-0.000636732,-0.000220199,-1,0,0.373738,-0.29978,0.363441,1
0.99999,0.000773471,-0.000647592,0,0.000773618,-0.99999,0.000226609,0,-0.000647423,-0.000227112,-1,0,0.37385,-0.30028,0.363535,1
0.99999,0.00076773,-0.000693469,0,0.000767872,-0.99999,0.000204779,0,-0.000693318,-0.000205314,-1,0,0.37395,-0.300785,0.363611,1
0.99999,0.000763191,-0.000756276,0,0.000763316,-0.99999,0.000164883,0,-0.000756157,-0.000165462,-1,0,0.374047,-0.301276,0.363679,1
0.99999,0.000751247,-0.00083205,0,0.000751342,-0.99999,0.000114322,0,-0.000831972,-0.000114948,-1,0,0.374158,-0.301768,0.363743,1
0.99999,0.000758951,-0.000877944,0,0.000759015,-0.99999,7.25014e-05,0,-0.000877897,-7.31684e-05,-1,0,0.374271,-0.302255,0.363824,1
0.99999,0.000757548,-0.000960451,0,0.000757549,-0.99999,1.03034e-06,0,-0.000960459,-1.75796e-06,-1,0,0.374382,-0.302729,0.363884,1
0.99999,0.000754358,-0.000998489,0,0.000754336,-0.99999,-2.22001e-05,0,-0.000998516,2.14471e-05,-1,0,0.374492,-0.303216,0.363975,1
0.99999,0.000740637,-0.00099495,0,0.000740619,-0.99999,-1.8814e-05,0,-0.000994973,1.80773e-05,-1,0,0.374605,-0.303705,0.364089,1
0.99999,0.000745404,-0.00100906,0,0.000745369,-0.99999,-3.57202e-05,0,-0.00100909,3.49684e-05,-0.999999,0,0.374714,-0.304178,0.364192,1
0.99999,0.000762084,-0.000985732,0,0.00076207,-0.99999,-1.46654e-05,0,-0.000985752,1.39143e-05,-1,0,0.374829,-0.304651,0.364317,1
0.99999,0.000773043,-0.000967031,0,0.000773038,-0.99999,-5.51958e-06,0,-0.000967044,4.77206e-06,-1,0,0.374949,-0.30512,0.364437,1
0.99999,0.000766783,-0.000954688,0,0.000766785,-0.99999,1.48957e-06,0,-0.000954696,-2.22163e-06,-1,0,0.375069,-0.305598,0.36455,1
0.99999,0.000777441,-0.000918044,0,0.000777469,-0.99999,3.03282e-05,0,-0.000918029,-3.10422e-05,-1,0,0.375193,-0.306077,0.36467,1
0.99999,0.000784046,-0.00095573,0,0.000784054,-0.99999,7.84487e-06,0,-0.000955732,-8.5943e-06,-1,0,0.375319,-0.306551,0.36475,1
0.99999,0.000791477,-0.000954983,0,0.000791484,-0.99999,7.07806e-06,0,-0.000954986,-7.83399e-06,-1,0,0.375451,-0.307029,0.364851,1
0.99999,0.000794752,-0.000951149,0,0.000794762,-0.99999,1.00154e-05,0,-0.00095115,-1.07715e-05,-1,0,0.375571,-0.307505,0.364952,1
0.99999,0.000786115,-0.000914644,0,0.000786158,-0.99999,4.65307e-05,0,-0.000914616,-4.72502e-05,-1,0,0.375697,-0.307986,0.36507,1
0.99999,0.000776559,-0.000864874,0,0.000776637,-0.99999,8.9668e-05,0,-0.000864812,-9.03405e-05,-1,0,0.375815,-0.308465,0.365191,1
0.99999,0.000785646,-0.000854263,0,0.000785729,-0.99999,9.63131e-05,0,-0.000854196,-9.69852e-05,-1,0,0.375926,-0.308928,0.365289,1
0.99999,0.000785903,-0.000851146,0,0.000785987,-0.99999,9.79525e-05,0,-0.000851077,-9.86224e-05,-1,0,0.376039,-0.309397,0.365388,1
0.99999,0.00076536,-0.000874223,0,0.000765413,-0.99999,6.07153e-05,0,-0.000874185,-6.1385e-05,-1,0,0.376145,-0.309859,0.365472,1
0.99999,0.000758292,-0.000943041,0,0.000758289,-0.99999,-3.58497e-06,0,-0.000943053,2.86989e-06,-1,0,0.376251,-0.310312,0.365539,1
0.99999,0.000755372,-0.000985561,0,0.000755328,-0.99999,-4.48235e-05,0,-0.000985605,4.40795e-05,-1,0,0.376362,-0.310775,0.365621,1
0.99999,0.000750165,-0.00104112,0,0.000750069,-0.99999,-9.31376e-05,0,-0.0010412,9.23575e-05,-0.999999,0,0.376463,-0.311234,0.365692,1
0.99999,0.000725725,-0.00107753,0,0.000725612,-0.99999,-0.000105587,0,-0.00107762,0.000104806,-0.999999,0,0.376565,-0.31171,0.36577,1
0.99999,0.00070742,-0.00107354,0,0.000707329,-0.99999,-8.5234e-05,0,-0.00107361,8.44754e-05,-0.999999,0,0.376663,-0.312193,0.36587,1
0.99999,0.000690069,-0.00108581,0,0.000689975,-0.99999,-8.69178e-05,0,-0.00108588,8.61693e-05,-0.999999,0,0.376762,-0.312661,0.365956,1
0.99999,0.000684588,-0.00108956,0,0.000684491,-0.99999,-8.91114e-05,0,-0.00108964,8.83664e-05,-0.999999,0,0.376864,-0.313132,0.366042,1
0.99999,0.000670081,-0.00107212,0,0.000669995,-0.99999,-8.11471e-05,0,-0.00107219,8.04294e-05,-0.999999,0,0.37697,-0.313602,0.366144,1
0.99999,0.000660634,-0.00106327,0,0.000660537,-0.99999,-9.1958e-05,0,-0.00106335,9.12565e-05,-0.999999,0,0.377077,-0.314063,0.366242,1
0.99999,0.00065135,-0.0010101,0,0.000651287,-0.99999,-6.27659e-05,0,-0.00101015,6.21086e-05,-0.999999,0,0.377191,-0.314531,0.36637,1
0.99999,0.000642682,-0.00101795,0,0.000642596,-0.99999,-8.49946e-05,0,-0.00101801,8.43412e-05,-0.999999,0,0.377297,-0.314977,0.366467,1
0.99999,0.000647824,-0.000985405,0,0.000647768,-0.99999,-5.7684e-05,0,-0.000985452,5.70462e-05,-1,0,0.377412,-0.315437,0.366585,1
0.99999,0.000647546,-0.000959604,0,0.000647513,-0.99999,-3.48954e-05,0,-0.000959636,3.42743e-05,-1,0,0.377524,-0.315892,0.366698,1
0.99999,0.000648612,-0.000911455,0,0.000648623,-0.99999,1.15144e-05,0,-0.000911456,-1.21057e-05,-1,0,0.377643,-0.316351,0.366824,1
0.99999,0.000631534,-0.00085146,0,0.000631589,-0.99999,6.41709e-05,0,-0.000851427,-6.47093e-05,-1,0,0.377759,-0.316813,0.366949,1
0.99999,0.000636843,-0.000834858,0,0.00063692,-0.99999,9.13914e-05,0,-0.000834807,-9.19239e-05,-1,0,0.377872,-0.317265,0.367047,1
0.99999,0.000615321,-0.000860606,0,0.000615385,-0.99999,7.37648e-05,0,-0.000860568,-7.42951e-05,-1,0,0.377977,-0.317723,0.36712,1
0.99999,0.000604518,-0.000898847,0,0.000604563,-0.99999,5.01205e-05,0,-0.000898825,-5.06644e-05,-1,0,0.378076,-0.318167,0.367186,1
0.99999,0.000581442,-0.000933247,0,0.000581466,-0.99999,2.47998e-05,0,-0.000933242,-2.53427e-05,-1,0,0.378177,-0.318614,0.36726,1
0.99999,0.00055682,-0.000988743,0,0.000556803,-0.99999,-1.74459e-05,0,-0.000988762,1.68955e-05,-1,0,0.378273,-0.319057,0.367324,1
0.99999,0.000529199,-0.00104052,0,0.000529121,-0.99999,-7.5161e-05,0,-0.00104057,7.46111e-05,-0.999999,0,0.378368,-0.319493,0.36739,1
0.99999,0.000510916,-0.00106302,0,0.000510806,-0.99999,-0.000104113,0,-0.00106309,0.000103571,-0.999999,0,0.378468,-0.319929,0.367477,1
0.99999,0.000473651,-0.0010599,0,0.00047353,-0.99999,-0.000114964,0,-0.00105996,0.000114463,-0.999999,0,0.378568,-0.32037,0.367579,1
0.99999,0.000444671,-0.00107258,0,0.000444519,-0.99999,-0.000141694,0,-0.00107266,0.000141218,-0.999999,0,0.378666,-0.320801,0.367667,1
0.99999,0.000437809,-0.00107211,0,0.000437653,-0.99999,-0.000144932,0,-0.00107219,0.000144464,-0.999999,0,0.378773,-0.321238,0.367764,1
0.99999,0.000424293,-0.00107474,0,0.00042413,-0.99999,-0.000151932,0,-0.00107481,0.000151478,-0.999999,0,0.378875,-0.321669,0.36786,1
0.99999,0.000414967,-0.00105828,0,0.000414834,-0.99999,-0.000125579,0,-0.00105834,0.000125141,-0.999999,0,0.378983,-0.32211,0.367967,1
0.99999,0.000419896,-0.00104528,0,0.000419789,-0.99999,-0.000102995,0,-0.00104534,0.000102557,-0.999999,0,0.379094,-0.322547,0.368066,1
0.99999,0.000406682,-0.0010456,0,0.000406583,-0.99999,-9.48135e-05,0,-0.00104565,9.43892e-05,-0.999999,0,0.379203,-0.322985,0.368157,1
0.99999,0.00040853,-0.00105634,0,0.000408431,-0.99999,-9.42798e-05,0,-0.00105639,9.38492e-05,-0.999999,0,0.379311,-0.32342,0.368243,1
0.99999,0.000417142,-0.00106788,0,0.000417037,-0.99999,-9.81813e-05,0,-0.00106793,9.77368e-05,-0.999999,0,0.379423,-0.32385,0.368328,1
0.99999,0.000417258,-0.00106674,0,0.000417147,-0.99999,-0.000103877,0,-0.00106679,0.000103433,-0.999999,0,0.37954,-0.32428,0.36842,1
0.99999,0.000415665,-0.00101633,0,0.000415592,-0.99999,-7.24827e-05,0,-0.00101637,7.20609e-05,-0.999999,0,0.379658,-0.324716,0.368538,1
0.99999,0.000415473,-0.00099314,0,0.000415415,-0.99999,-5.8383e-05,0,-0.000993174,5.79709e-05,-1,0,0.379771,-0.32514,0.36864,1
0.99999,0.000430424,-0.000962726,0,0.000430383,-0.99999,-4.28299e-05,0,-0.000962754,4.2416e-05,-1,0,0.379884,-0.325564,0.368745,1
0.99999,0.000448408,-0.000932441,0,0.000448393,-0.99999,-1.67144e-05,0,-0.000932457,1.62965e-05,-1,0,0.37999,-0.325985,0.36885,1
0.99999,0.000468893,-0.000942289,0,0.000468875,-0.99999,-1.91194e-05,0,-0.000942306,1.86778e-05,-1,0,0.380095,-0.326396,0.368932,1
0.99999,0.000489408,-0.000949693,0,0.000489386,-0.99999,-2.32469e-05,0,-0.000949713,2.27824e-05,-1,0,0.380197,-0.326806,0.369018,1
0.99999,0.000515346,-0.000992607,0,0.000515291,-0.99999,-5.55722e-05,0,-0.000992645,5.50612e-05,-1,0,0.380297,-0.327212,0.369086,1
0.99999,0.000553704,-0.00103489,0,0.000553618,-0.99999,-8.34283e-05,0,-0.00103495,8.28561e-05,-0.999999,0,0.380405,-0.327623,0.369156,1
0.99999,0.000578607,-0.00106807,0,0.000578485,-0.99999,-0.000114587,0,-0.00106815,0.00011397,-0.999999,0,0.380507,-0.328029,0.369233,1
0.99999,0.000570873,-0.00111181,0,0.000570702,-0.99999,-0.00015358,0,-0.00111191,0.000152947,-0.999999,0,0.3806,-0.328445,0.3693,1
0.99999,0.000580253,-0.00114806,0,0.000580047,-0.99999,-0.000179395,0,-0.00114818,0.000178731,-0.999999,0,0.380701,-0.328863,0.369369,1
0.99999,0.000582171,-0.00116593,0,0.000581937,-0.99999,-0.00020087,0,-0.00116606,0.000200193,-0.999999,0,0.380793,-0.329278,0.369444,1
0.99999,0.000589038,-0.00115675,0,0.000588804,-0.99999,-0.000202856,0,-0.00115688,0.000202176,-0.999999,0,0.380892,-0.329697,0.369533,1
0.99999,0.000593309,-0.00113381,0,0.000593097,-0.99999,-0.00018676,0,-0.00113393,0.000186089,-0.999999,0,0.380989,-0.330114,0.369631,1
0.99999,0.000579812,-0.00111136,0,0.000579616,-0.99999,-0.000177253,0,-0.00111148,0.00017661,-0.999999,0,0.381083,-0.330529,0.369733,1
0.99999,0.00058455,-0.00109317,0,0.000584361,-0.99999,-0.000172446,0,-0.00109328,0.000171809,-0.999999,0,0.381182,-0.330943,0.36983,1
0.99999,0.000588156,-0.00106957,0,0.000587994,-0.99999,-0.000151554,0,-0.00106967,0.000150926,-0.999999,0,0.381282,-0.331359,0.369935,1
0.99999,0.000590618,-0.00106878,0,0.000590455,-0.99999,-0.000153173,0,-0.00106889,0.000152543,-0.999999,0,0.38138,-0.331766,0.370031,1
0.99999,0.000566251,-0.00103786,0,0.000566125,-0.99999,-0.000121432,0,-0.00103793,0.000120845,-0.999999,0,0.381475,-0.332183,0.370144,1
0.99999,0.000555775,-0.00101886,0,0.000555673,-0.99999,-0.000100616,0,-0.00101892,0.000100051,-0.999999,0,0.381572,-0.332599,0.370243,1
0.99999,0.000535781,-0.000978273,0,0.000535732,-0.99999,-4.96802e-05,0,-0.000978309,4.91565e-05,-1,0,0.381669,-0.333022,0.370353,1
0.99999,0.000511914,-0.00091602,0,0.00051193,-0.99999,1.78264e-05,0,-0.000916019,-1.82955e-05,-1,0,0.381767,-0.333449,0.370471,1
0.99999,0.000491396,-0.000917652,0,0.000491423,-0.99999,2.95052e-05,0,-0.000917646,-2.99564e-05,-1,0,0.381861,-0.333861,0.370551,1
0.99999,0.000469238,-0.000911333,0,0.000469272,-0.99999,3.6785e-05,0,-0.000911325,-3.7213e-05,-1,0,0.381954,-0.334272,0.370635,1
0.99999,0.000456439,-0.000950372,0,0.000456442,-0.99999,2.97085e-06,0,-0.00095038,-3.40467e-06,-1,0,0.382047,-0.334671,0.370692,1
0.99999,0.000432944,-0.0010045,0,0.000432894,-0.99999,-5.06531e-05,0,-0.00100454,5.02187e-05,-0.999999,0,0.382133,-0.335072,0.370743,1
0.99999,0.000427046,-0.00103995,0,0.00042695,-0.99999,-9.28322e-05,0,-0.00104,9.2389e-05,-0.999999,0,0.382224,-0.335463,0.370806,1
0.99999,0.000428338,-0.00109788,0,0.000428166,-0.99999,-0.000156298,0,-0.00109795,0.00015583,-0.999999,0,0.382315,-0.335844,0.370851,1
0.99999,0.000420865,-0.00113227,0,0.000420645,-0.99999,-0.000193828,0,-0.00113236,0.000193353,-0.999999,0,0.382406,-0.336231,0.370915,1
0.99999,0.000422237,-0.001151,0,0.000421995,-0.99999,-0.000210466,0,-0.0011511,0.000209982,-0.999999,0,0.382492,-0.336608,0.370991,1
0.99999,0.000427716,-0.00113804,0,0.000427493,-0.99999,-0.000196397,0,-0.00113813,0.000195912,-0.999999,0,0.382583,-0.336997,0.371087,1
0.99999,0.000434357,-0.00114079,0,0.000434138,-0.99999,-0.000192717,0,-0.00114089,0.000192224,-0.999999,0,0.382671,-0.33738,0.371173,1
0.99999,0.000428215,-0.0011459,0,0.000427992,-0.99999,-0.000194749,0,-0.001146,0.000194261,-0.999999,0,0.38276,-0.337766,0.37126,1
0.99999,0.000424624,-0.0011518,0,0.000424389,-0.99999,-0.000204154,0,-0.00115189,0.000203667,-0.999999,0,0.382852,-0.338153,0.371343,1
0.99999,0.00042954,-0.00112049,0,0.000429337,-0.99999,-0.000180757,0,-0.00112058,0.000180278,-0.999999,0,0.382954,-0.338543,0.371444,1
0.99999,0.000411248,-0.00111496,0,0.00041104,-0.99999,-0.000186397,0,-0.00111505,0.000185941,-0.999999,0,0.383048,-0.338933,0.371524,1
0.99999,0.000404808,-0.00108876,0,0.000404626,-0.99999,-0.000167187,0,-0.00108884,0.000166748,-0.999999,0,0.38315,-0.339324,0.371614,1
0.99999,0.000394237,-0.00110558,0,0.000394025,-0.99999,-0.00019158,0,-0.00110567,0.000191146,-0.999999,0,0.383247,-0.339707,0.371679,1
0.99999,0.000390803,-0.0011023,0,0.0003906,-0.99999,-0.000185007,0,-0.00110238,0.000184578,-0.999999,0,0.383342,-0.340093,0.37176,1
0.99999,0.000391697,-0.00106616,0,0.00039154,-0.99999,-0.000147004,0,-0.00106622,0.000146588,-0.999999,0,0.38344,-0.340483,0.371859,1
0.99999,0.000377615,-0.00106601,0,0.000377459,-0.99999,-0.000146359,0,-0.00106607,0.000145958,-0.999999,0,0.383532,-0.340866,0.371941,1
0.99999,0.000378382,-0.00101198,0,0.000378274,-0.99999,-0.000106731,0,-0.00101203,0.000106349,-0.999999,0,0.383635,-0.341251,0.37205,1
0.99999,0.000371826,-0.00097094,0,0.000371751,-0.99999,-7.7503e-05,0,-0.000970978,7.71428e-05,-1,0,0.383735,-0.341628,0.372151,1
0.99999,0.00037173,-0.000927782,0,0.000371693,-0.99999,-3.97634e-05,0,-0.000927806,3.94189e-05,-1,0,0.383835,-0.342007,0.37225,1
0.99999,0.000356783,-0.000894461,0,0.000356777,-0.99999,-7.37028e-06,0,-0.000894472,7.05122e-06,-1,0,0.383927,-0.342389,0.372343,1
0.99999,0.000365739,-0.000904962,0,0.000365738,-0.99999,-1.30687e-06,0,-0.000904971,9.75898e-07,-1,0,0.384017,-0.342754,0.372412,1
0.99999,0.000361562,-0.000915155,0,0.000361565,-0.99999,2.69846e-06,0,-0.000915163,-3.02938e-06,-1,0,0.384105,-0.343131,0.372484,1
0.99999,0.000352019,-0.000960313,0,0.000351995,-0.99999,-2.46209e-05,0,-0.000960331,2.42831e-05,-1,0,0.384181,-0.343496,0.372539,1
0.99999,0.000358209,-0.000985512,0,0.000358163,-0.99999,-4.66565e-05,0,-0.000985538,4.63039e-05,-1,0,0.38427,-0.343861,0.372603,1
0.99999,0.000358663,-0.00101012,0,0.000358587,-0.99999,-7.52528e-05,0,-0.00101016,7.48913e-05,-0.999999,0,0.384355,-0.344227,0.372665,1
0.99999,0.000364187,-0.00104318,0,0.000364058,-0.99999,-0.000123979,0,-0.00104323,0.000123601,-0.999999,0,0.384447,-0.344584,0.372716,1
0.99999,0.000360776,-0.00106034,0,0.000360603,-0.99999,-0.000162842,0,-0.00106041,0.000162462,-0.999999,0,0.384537,-0.344945,0.372773,1
0.99999,0.000359116,-0.00108006,0,0.00035891,-0.99999,-0.000190228,0,-0.00108013,0.000189842,-0.999999,0,0.384624,-0.345306,0.372829,1
0.99999,0.000373311,-0.00108799,0,0.000373089,-0.99999,-0.000203925,0,-0.00108808,0.000203521,-0.999999,0,0.384719,-0.345666,0.372895,1
0.99999,0.000403996,-0.00108271,0,0.000403779,-0.99999,-0.000200348,0,-0.0010828,0.000199913,-0.999999,0,0.384815,-0.346022,0.372975,1
0.99999,0.000420544,-0.00109897,0,0.000420311,-0.99999,-0.000212857,0,-0.00109907,0.000212397,-0.999999,0,0.384902,-0.346375,0.373044,1
0.99999,0.000449107,-0.00110426,0,0.000448875,-0.99999,-0.000210451,0,-0.00110436,0.000209957,-0.999999,0,0.384997,-0.346725,0.373123,1
0.99999,0.000474929,-0.0010847,0,0.000474728,-0.99999,-0.000185936,0,-0.0010848,0.000185422,-0.999999,0,0.385093,-0.347079,0.373215,1
0.99999,0.000498455,-0.00107763,0,0.000498269,-0.99999,-0.000172279,0,-0.00107773,0.000171744,-0.999999,0,0.385185,-0.347424,0.373298,1
0.99999,0.000517783,-0.00104441,0,0.000517651,-0.99999,-0.0001269,0,-0.00104449,0.00012636,-0.999999,0,0.38528,-0.347778,0.373399,1
0.99999,0.000522869,-0.00103651,0,0.000522748,-0.99999,-0.000116662,0,-0.00103658,0.000116121,-0.999999,0,0.385368,-0.348126,0.373479,1
0.99999,0.000508294,-0.0010181,0,0.000508197,-0.99999,-9.4614e-05,0,-0.00101815,9.40974e-05,-0.999999,0,0.385456,-0.348486,0.373568,1
0.99999,0.00050293,-0.000985127,0,0.000502867,-0.99999,-6.39635e-05,0,-0.000985168,6.34687e-05,-1,0,0.385549,-0.348846,0.373662,1
0.99999,0.000476383,-0.000955661,0,0.000476346,-0.99999,-3.86369e-05,0,-0.000955689,3.8182e-05,-1,0,0.385642,-0.349209,0.373752,1
0.99999,0.000451338,-0.000919032,0,0.000451318,-0.99999,-2.25649e-05,0,-0.000919051,2.21504e-05,-1,0,0.385735,-0.34957,0.373838,1
0.99999,0.000431263,-0.0008856,0,0.000431267,-0.99999,3.75656e-06,0,-0.000885607,-4.13854e-06,-1,0,0.385822,-0.349927,0.373924,1
0.99999,0.000399582,-0.000888232,0,0.000399577,-0.99999,-5.47079e-06,0,-0.000888243,5.11592e-06,-1,0,0.385907,-0.350285,0.373984,1
0.99999,0.000401451,-0.000889983,0,0.000401442,-0.99999,-1.06658e-05,0,-0.000889995,1.03086e-05,-1,0,0.385997,-0.350633,0.374047,1
0.99999,0.000386541,-0.000923781,0,0.000386499,-0.99999,-4.55521e-05,0,-0.000923808,4.51954e-05,-1,0,0.386076,-0.350974,0.374091,1
0.99999,0.000377571,-0.000976839,0,0.00037749,-0.99999,-8.35474e-05,0,-0.000976879,8.31794e-05,-1,0,0.386151,-0.351311,0.374131,1
0.99999,0.000372703,-0.00100469,0,0.000372607,-0.99999,-9.5478e-05,0,-0.00100473,9.51045e-05,-0.999999,0,0.386225,-0.351651,0.374194,1
0.99999,0.000370708,-0.00106632,0,0.00037055,-0.99999,-0.000149103,0,-0.00106639,0.000148709,-0.999999,0,0.386291,-0.351974,0.374241,1
0.99999,0.000366071,-0.00108698,0,0.0003659,-0.99999,-0.000157469,0,-0.00108705,0.000157072,-0.999999,0,0.38636,-0.352308,0.374312,1
0.99999,0.000353682,-0.00112762,0,0.000353466,-0.99999,-0.000192057,0,-0.0011277,0.000191661,-0.999999,0,0.386429,-0.352636,0.374371,1
0.99999,0.000334441,-0.00116096,0,0.000334186,-0.99999,-0.000219966,0,-0.00116104,0.00021958,-0.999999,0,0.386494,-0.35297,0.374433,1
0.99999,0.000314886,-0.00114606,0,0.000314639,-0.99999,-0.000214997,0,-0.00114614,0.000214638,-0.999999,0,0.386566,-0.353309,0.37452,1
0.99999,0.000293814,-0.00116306,0,0.000293547,-0.99999,-0.000229953,0,-0.00116314,0.000229614,-0.999999,0,0.386635,-0.353642,0.374587,1
0.99999,0.000267183,-0.0011579,0,0.000266924,-0.99999,-0.000223602,0,-0.00115797,0.000223295,-0.999999,0,0.386705,-0.353988,0.37466,1
0.99999,0.0002411,-0.00115997,0,0.000240834,-0.99999,-0.000228779,0,-0.00116003,0.000228502,-0.999999,0,0.38678,-0.354326,0.37473,1
0.99999,0.000229753,-0.00115871,0,0.00022949,-0.99999,-0.000227,0,-0.00115878,0.000226736,-0.999999,0,0.386859,-0.354668,0.374805,1
0.99999,0.000215253,-0.00114176,0,0.000215003,-0.99999,-0.000219636,0,-0.00114182,0.000219392,-0.999999,0,0.38694,-0.355007,0.374886,1
0.99999,0.000218863,-0.00114926,0,0.000218598,-0.99999,-0.000230508,0,-0.00114932,0.000230259,-0.999999,0,0.387021,-0.355333,0.374952,1
0.99999,0.00020492,-0.0011341,0,0.000204667,-0.99999,-0.000222964,0,-0.00113415,0.000222734,-0.999999,0,0.387104,-0.355667,0.37503,1
0.99999,0.000240623,-0.00111642,0,0.000240402,-0.99999,-0.000197953,0,-0.00111648,0.000197686,-0.999999,0,0.387353,-0.356635,0.375256,1
0.99999,0.000257443,-0.00111449,0,0.000257228,-0.99999,-0.000192753,0,-0.00111455,0.000192469,-0.999999,0,0.38744,-0.356951,0.375328,1
0.99999,0.000254846,-0.00109149,0,0.000254657,-0.99999,-0.000173548,0,-0.00109154,0.000173271,-0.999999,0,0.387524,-0.357277,0.375411,1
0.99999,0.000268814,-0.00105184,0,0.000268672,-0.99999,-0.000135691,0,-0.00105189,0.00013541,-0.999999,0,0.38761,-0.357601,0.375501,1
0.99999,0.000270262,-0.00103637,0,0.00027014,-0.99999,-0.000117597,0,-0.00103642,0.000117318,-0.999999,0,0.387689,-0.35792,0.375574,1
0.99999,0.000278571,-0.00100929,0,0.000278479,-0.99999,-9.15151e-05,0,-0.00100932,9.12348e-05,-0.999999,0,0.387771,-0.358237,0.375653,1
0.99999,0.000286867,-0.00101255,0,0.000286774,-0.99999,-9.19028e-05,0,-0.00101259,9.16132e-05,-0.999999,0,0.387849,-0.358547,0.375717,1
0.99999,0.00029722,-0.00104133,0,0.000297093,-0.99999,-0.000122202,0,-0.00104138,0.000121893,-0.999999,0,0.387927,-0.358854,0.375765,1
0.99999,0.000304401,-0.00104571,0,0.000304261,-0.99999,-0.000134149,0,-0.00104576,0.000133832,-0.999999,0,0.388006,-0.359166,0.375822,1
0.99999,0.000303089,-0.00108297,0,0.000302903,-0.99999,-0.000172316,0,-0.00108303,0.00017199,-0.999999,0,0.388081,-0.359472,0.375861,1
0.99999,0.000309772,-0.00110753,0,0.000309546,-0.99999,-0.000204365,0,-0.0011076,0.000204024,-0.999999,0,0.388159,-0.359777,0.375909,1
0.99999,0.000311786,-0.00113913,0,0.000311511,-0.99999,-0.000241587,0,-0.00113921,0.000241234,-0.999999,0,0.388233,-0.360076,0.375954,1
0.99999,0.000308737,-0.00114803,0,0.000308444,-0.99999,-0.000255757,0,-0.00114812,0.000255405,-0.999999,0,0.388309,-0.360381,0.376011,1
0.99999,0.000303755,-0.00114928,0,0.000303458,-0.99999,-0.000258701,0,-0.00114936,0.000258354,-0.999999,0,0.388381,-0.360689,0.37607,1
0.99999,0.000314525,-0.00117685,0,0.000314196,-0.99999,-0.000280125,0,-0.00117695,0.000279758,-0.999999,0,0.388451,-0.360992,0.376117,1
0.99999,0.000332232,-0.00117934,0,0.000331898,-0.99999,-0.000283965,0,-0.00117945,0.000283576,-0.999999,0,0.388531,-0.361292,0.376178,1
0.99999,0.000324672,-0.00117603,0,0.000324341,-0.99999,-0.000282001,0,-0.00117613,0.000281622,-0.999999,0,0.388603,-0.361593,0.376248,1
0.99999,0.000335951,-0.00116923,0,0.000335621,-0.99999,-0.000282343,0,-0.00116933,0.000281953,-0.999999,0,0.388679,-0.361892,0.376314,1
0.99999,0.000336278,-0.00114387,0,0.000335983,-0.99999,-0.000258327,0,-0.00114397,0.000257945,-0.999999,0,0.38875,-0.362198,0.376394,1
0.99999,0.000351254,-0.00113849,0,0.000350967,-0.99999,-0.000252433,0,-0.00113859,0.000252036,-0.999999,0,0.388824,-0.362493,0.376462,1
0.99999,0.000349988,-0.00110743,0,0.000349735,-0.99999,-0.000228423,0,-0.00110752,0.000228038,-0.999999,0,0.3889,-0.362797,0.376547,1
0.99999,0.000347736,-0.00105895,0,0.000347539,-0.99999,-0.000185782,0,-0.00105902,0.000185415,-0.999999,0,0.388976,-0.363104,0.37664,1
0.99999,0.000343253,-0.00103479,0,0.000343084,-0.99999,-0.000163587,0,-0.00103485,0.000163234,-0.999999,0,0.389048,-0.363407,0.376715,1
0.99999,0.000354155,-0.00101587,0,0.000354012,-0.99999,-0.000141659,0,-0.00101593,0.000141301,-0.999999,0,0.38912,-0.363711,0.376788,1
0.99999,0.00035428,-0.000994609,0,0.00035416,-0.99999,-0.000120243,0,-0.000994661,0.000119892,-0.999999,0,0.389195,-0.364014,0.376861,1
0.99999,0.000343673,-0.000979119,0,0.000343568,-0.99999,-0.000107143,0,-0.000979165,0.000106808,-1,0,0.389267,-0.364322,0.376929,1
0.99999,0.000339943,-0.000929204,0,0.000339883,-0.99999,-6.52677e-05,0,-0.000929235,6.49525e-05,-1,0,0.389344,-0.364631,0.377015,1
0.99999,0.000340012,-0.00090946,0,0.000339967,-0.99999,-4.96544e-05,0,-0.000909486,4.93457e-05,-1,0,0.389422,-0.364929,0.377082,1
0.99999,0.000349899,-0.000868411,0,0.000349893,-0.99999,-7.76446e-06,0,-0.000868422,7.46067e-06,-1,0,0.389501,-0.365232,0.377163,1
0.99999,0.00036693,-0.000846154,0,0.000366945,-0.99999,1.75879e-05,0,-0.000846156,-1.78985e-05,-1,0,0.389573,-0.365525,0.377234,1
0.99999,0.000360613,-0.000835244,0,0.000360639,-0.99999,3.19464e-05,0,-0.000835241,-3.2248e-05,-1,0,0.389645,-0.365818,0.377299,1
0.99999,0.000361006,-0.000837427,0,0.000361039,-0.99999,3.91521e-05,0,-0.000837421,-3.94549e-05,-1,0,0.389711,-0.366105,0.377359,1
0.99999,0.000371505,-0.000858664,0,0.00037153,-0.99999,2.86543e-05,0,-0.000858662,-2.89736e-05,-1,0,0.389778,-0.366382,0.377409,1
0.99999,0.000381331,-0.000894693,0,0.000381329,-0.99999,-2.4609e-06,0,-0.000894702,2.11974e-06,-1,0,0.389845,-0.366659,0.377448,1
0.99999,0.000386089,-0.000935491,0,0.000386054,-0.99999,-3.81629e-05,0,-0.000935515,3.78021e-05,-1,0,0.389908,-0.366929,0.377488,1
0.99999,0.000385243,-0.000982713,0,0.000385162,-0.99999,-8.32337e-05,0,-0.000982755,8.2856e-05,-1,0,0.389973,-0.367198,0.377522,1
0.99999,0.000387047,-0.00102619,0,0.000386924,-0.99999,-0.000119554,0,-0.00102625,0.000119158,-0.999999,0,0.390036,-0.367469,0.377556,1
0.99999,0.000386405,-0.00108773,0,0.000386221,-0.99999,-0.000169097,0,-0.0010878,0.000168678,-0.999999,0,0.390095,-0.367737,0.37758,1
0.99999,0.00038913,-0.00112965,0,0.000388904,-0.99999,-0.000200525,0,-0.00112974,0.000200088,-0.999999,0,0.390157,-0.368008,0.377615,1
0.99999,0.000383733,-0.00114708,0,0.000383489,-0.99999,-0.000212915,0,-0.00114717,0.000212477,-0.999999,0,0.390222,-0.36828,0.377667,1
0.99999,0.000373862,-0.00117766,0,0.000373575,-0.99999,-0.000243932,0,-0.00117777,0.000243494,-0.999999,0,0.390284,-0.368548,0.377709,1
0.99999,0.000384471,-0.00117189,0,0.000384191,-0.99999,-0.000239165,0,-0.00117199,0.000238716,-0.999999,0,0.390354,-0.368814,0.377773,1
0.99999,0.000391929,-0.00118864,0,0.000391622,-0.99999,-0.000258231,0,-0.00118875,0.000257768,-0.999999,0,0.390424,-0.369075,0.377825,1
0.99999,0.000387834,-0.00119628,0,0.000387511,-0.99999,-0.000270155,0,-0.0011964,0.000269694,-0.999999,0,0.390494,-0.369341,0.377882,1
0.99999,0.000402504,-0.00118406,0,0.000402188,-0.99999,-0.000267225,0,-0.00118418,0.000266752,-0.999999,0,0.390569,-0.369601,0.377948,1
0.99999,0.000414448,-0.0011845,0,0.00041414,-0.99999,-0.000260331,0,-0.00118462,0.000259843,-0.999999,0,0.390641,-0.369862,0.378006,1
0.99999,0.000438771,-0.00116695,0,0.000438496,-0.99999,-0.00023605,0,-0.00116706,0.00023554,-0.999999,0,0.390716,-0.370124,0.378075,1
0.99999,0.000453024,-0.00115723,0,0.000452776,-0.99999,-0.000214799,0,-0.00115734,0.000214276,-0.999999,0,0.390782,-0.370386,0.378142,1
0.99999,0.00045834,-0.00113914,0,0.000458122,-0.99999,-0.000191578,0,-0.00113924,0.000191058,-0.999999,0,0.390853,-0.370648,0.378212,1
0.99999,0.000462209,-0.00110488,0,0.000462037,-0.99999,-0.000156338,0,-0.00110496,0.000155828,-0.999999,0,0.390926,-0.370915,0.37829,1
0.99999,0.000478552,-0.00110287,0,0.00047838,-0.99999,-0.000156349,0,-0.00110295,0.000155823,-0.999999,0,0.391001,-0.37117,0.378344,1
0.99999,0.000480315,-0.0011098,0,0.000480128,-0.99999,-0.000169023,0,-0.00110989,0.000168491,-0.999999,0,0.391072,-0.371433,0.378389,1
0.99999,0.000480275,-0.001109,0,0.000480079,-0.99999,-0.000177057,0,-0.00110909,0.000176526,-0.999999,0,0.391143,-0.371693,0.378439,1
0.99999,0.000474399,-0.0011033,0,0.000474204,-0.99999,-0.000177261,0,-0.00110339,0.000176739,-0.999999,0,0.391214,-0.371954,0.378495,1
0.99999,0.000474212,-0.00107833,0,0.000474044,-0.99999,-0.00015581,0,-0.00107842,0.0001553,-0.999999,0,0.391282,-0.372215,0.378564,1
0.99999,0.000488475,-0.00105537,0,0.000488336,-0.99999,-0.000131803,0,-0.00105545,0.000131288,-0.999999,0,0.391353,-0.37247,0.378629,1
0.99999,0.000489591,-0.00102292,0,0.000489484,-0.99999,-0.000104569,0,-0.00102298,0.000104069,-0.999999,0,0.39142,-0.372729,0.3787,1
0.99999,0.000492783,-0.000988711,0,0.000492715,-0.99999,-6.8999e-05,0,-0.000988754,6.85124e-05,-1,0,0.391485,-0.372986,0.378775,1
0.99999,0.00049471,-0.000977385,0,0.00049465,-0.99999,-6.17251e-05,0,-0.000977424,6.12422e-05,-1,0,0.39155,-0.373234,0.378836,1
0.99999,0.000517896,-0.000971968,0,0.000517841,-0.99999,-5.59496e-05,0,-0.000972006,5.54468e-05,-1,0,0.391617,-0.373475,0.378895,1
0.99999,0.000521235,-0.000974015,0,0.000521181,-0.99999,-5.57009e-05,0,-0.000974053,5.51937e-05,-1,0,0.391674,-0.373717,0.378952,1
0.99999,0.00052122,-0.000991353,0,0.000521152,-0.99999,-6.87429e-05,0,-0.000991398,6.82269e-05,-1,0,0.39173,-0.373962,0.379001,1
0.99999,0.000520758,-0.00100988,0,0.000520677,-0.99999,-8.12375e-05,0,-0.00100993,8.07124e-05,-0.999999,0,0.391784,-0.374205,0.379049,1
0.99999,0.000522844,-0.0010542,0,0.000522718,-0.99999,-0.000120365,0,-0.00105428,0.000119815,-0.999999,0,0.391837,-0.374439,0.379082,1
0.99999,0.000517826,-0.00109933,0,0.000517654,-0.99999,-0.000156739,0,-0.00109942,0.000156171,-0.999999,0,0.391888,-0.374681,0.379114,1
0.99999,0.000508822,-0.00113434,0,0.000508601,-0.99999,-0.000194497,0,-0.00113445,0.000193922,-0.999999,0,0.391935,-0.374923,0.379146,1
0.99999,0.000492476,-0.00115981,0,0.000492217,-0.99999,-0.000223772,0,-0.00115993,0.000223203,-0.999999,0,0.391989,-0.375164,0.379182,1
0.99999,0.000488367,-0.00116959,0,0.000488088,-0.99999,-0.000238272,0,-0.00116972,0.000237703,-0.999999,0,0.392043,-0.375405,0.379229,1
0.99999,0.000471866,-0.00118953,0,0.000471548,-0.99999,-0.00026788,0,-0.00118967,0.000267322,-0.999999,0,0.392092,-0.375641,0.379271,1
0.99999,0.000475523,-0.00120851,0,0.00047517,-0.99999,-0.000292594,0,-0.00120866,0.000292022,-0.999999,0,0.392146,-0.375877,0.379313,1
0.99999,0.000457128,-0.00121715,0,0.000456761,-0.99999,-0.000301905,0,-0.0012173,0.000301352,-0.999999,0,0.392193,-0.376119,0.379361,1
0.99999,0.000460846,-0.00122067,0,0.000460475,-0.99999,-0.000304253,0,-0.00122082,0.000303694,-0.999999,0,0.392251,-0.376354,0.379414,1
0.99999,0.000464611,-0.00120907,0,0.000464257,-0.99999,-0.000292581,0,-0.00120921,0.000292022,-0.999999,0,0.392305,-0.376589,0.379476,1
0.99999,0.000466333,-0.00121743,0,0.000465972,-0.99999,-0.000296321,0,-0.00121758,0.000295756,-0.999999,0,0.392358,-0.376819,0.379528,1
0.99999,0.000468907,-0.00122191,0,0.000468543,-0.99999,-0.000298001,0,-0.00122207,0.000297431,-0.999999,0,0.392412,-0.377051,0.379581,1
0.99999,0.000477236,-0.0011989,0,0.000476911,-0.99999,-0.000271631,0,-0.00119905,0.000271062,-0.999999,0,0.392471,-0.377286,0.379645,1
0.99999,0.000469274,-0.00119757,0,0.000468956,-0.99999,-0.00026628,0,-0.00119771,0.000265721,-0.999999,0,0.392526,-0.37752,0.379697,1
0.99999,0.00046575,-0.00119064,0,0.00046544,-0.99999,-0.000260992,0,-0.00119078,0.00026044,-0.999999,0,0.392581,-0.377752,0.37975,1
0.99999,0.000456881,-0.00118389,0,0.000456581,-0.99999,-0.000254391,0,-0.00118402,0.000253853,-0.999999,0,0.392636,-0.377983,0.379802,1
0.99999,0.000441372,-0.0011889,0,0.000441066,-0.99999,-0.000257424,0,-0.00118902,0.000256902,-0.999999,0,0.39269,-0.378218,0.379844,1
0.99999,0.00044597,-0.00117166,0,0.000445687,-0.99999,-0.00024231,0,-0.00117178,0.00024179,-0.999999,0,0.392754,-0.378452,0.379898,1
0.99999,0.000435993,-0.00116099,0,0.000435713,-0.99999,-0.000241709,0,-0.0011611,0.000241205,-0.999999,0,0.392811,-0.378679,0.379945,1
0.99999,0.000438781,-0.00114024,0,0.000438529,-0.99999,-0.000220677,0,-0.00114035,0.000220179,-0.999999,0,0.392872,-0.378909,0.379999,1
0.99999,0.000429728,-0.00112408,0,0.000429492,-0.99999,-0.000209771,0,-0.00112418,0.00020929,-0.999999,0,0.392922,-0.379135,0.380053,1
0.99999,0.000440115,-0.00110088,0,0.000439906,-0.99999,-0.000190226,0,-0.00110097,0.000189743,-0.999999,0,0.39298,-0.379358,0.380112,1
0.99999,0.000442835,-0.00105939,0,0.000442678,-0.99999,-0.000148954,0,-0.00105947,0.000148486,-0.999999,0,0.39304,-0.379586,0.380182,1
0.99999,0.000443491,-0.00103269,0,0.000443367,-0.99999,-0.000120556,0,-0.00103276,0.0001201,-0.999999,0,0.393099,-0.379811,0.380239,1
0.99999,0.000449043,-0.000996105,0,0.000448953,-0.99999,-9.1181e-05,0,-0.000996155,9.07346e-05,-0.999999,0,0.39316,-0.380033,0.380301,1
0.99999,0.000470326,-0.00096836,0,0.000470269,-0.99999,-5.90312e-05,0,-0.000968397,5.85764e-05,-1,0,0.39322,-0.38025,0.380359,1
0.99999,0.000470985,-0.000950011,0,0.000470949,-0.99999,-3.7504e-05,0,-0.000950038,3.70569e-05,-1,0,0.393273,-0.380467,0.380411,1
0.99999,0.000468867,-0.000938699,0,0.000468846,-0.99999,-2.28843e-05,0,-0.000938718,2.24444e-05,-1,0,0.393321,-0.380688,0.380461,1
0.99999,0.000478166,-0.000935633,0,0.000478149,-0.99999,-1.92001e-05,0,-0.000935651,1.87529e-05,-1,0,0.393373,-0.380897,0.380506,1
0.99999,0.000483202,-0.000948011,0,0.000483169,-0.99999,-3.46379e-05,0,-0.000948037,3.41802e-05,-1,0,0.393426,-0.381103,0.380541,1
0.99999,0.000482669,-0.000950299,0,0.000482633,-0.99999,-3.78066e-05,0,-0.000950326,3.73483e-05,-1,0,0.393476,-0.381314,0.380583,1
0.99999,0.000488103,-0.000979773,0,0.000488034,-0.99999,-7.02108e-05,0,-0.000979816,6.97332e-05,-1,0,0.393524,-0.381515,0.380607,1
0.99999,0.000488851,-0.00100748,0,0.000488753,-0.99999,-9.75651e-05,0,-0.00100754,9.70736e-05,-0.999999,0,0.393571,-0.381719,0.380631,1
0.99999,0.000489178,-0.00104524,0,0.000489044,-0.99999,-0.000127975,0,-0.00104531,0.000127465,-0.999999,0,0.393615,-0.381918,0.380654,1
0.99999,0.000501234,-0.0010893,0,0.000501052,-0.99999,-0.000166813,0,-0.0010894,0.000166269,-0.999999,0,0.393658,-0.382114,0.380675,1
0.99999,0.000497415,-0.00110652,0,0.000497215,-0.99999,-0.000181091,0,-0.00110662,0.000180542,-0.999999,0,0.3937,-0.382316,0.380708,1
0.99999,0.000486553,-0.00113312,0,0.000486321,-0.99999,-0.000205177,0,-0.00113323,0.000204628,-0.999999,0,0.393738,-0.382512,0.380734,1
0.99999,0.000490657,-0.00116693,0,0.000490385,-0.99999,-0.000233641,0,-0.00116706,0.000233071,-0.999999,0,0.39378,-0.382706,0.380757,1
0.99999,0.000497981,-0.00118269,0,0.000497685,-0.99999,-0.00025,0,-0.00118283,0.000249413,-0.999999,0,0.393823,-0.382897,0.380793,1
0.99999,0.000490674,-0.0012096,0,0.00049034,-0.99999,-0.000276278,0,-0.00120974,0.000275687,-0.999999,0,0.393867,-0.383089,0.380824,1
0.99999,0.000489239,-0.00121252,0,0.000488902,-0.99999,-0.000278797,0,-0.00121267,0.000278206,-0.999999,0,0.393913,-0.383282,0.380871,1
0.99999,0.000476025,-0.00122553,0,0.000475672,-0.99999,-0.000288373,0,-0.00122568,0.000287793,-0.999999,0,0.393956,-0.383476,0.38091,1
0.99999,0.000466154,-0.00123007,0,0.000465794,-0.99999,-0.00029318,0,-0.00123022,0.000292609,-0.999999,0,0.393997,-0.383669,0.380954,1
0.99999,0.000456975,-0.0012264,0,0.00045662,-0.99999,-0.000289578,0,-0.00122655,0.00028902,-0.999999,0,0.394039,-0.383863,0.381001,1
0.99999,0.000444456,-0.00121558,0,0.000444121,-0.99999,-0.000276139,0,-0.00121572,0.000275601,-0.999999,0,0.394084,-0.384057,0.381051,1
0.99999,0.000428086,-0.00120065,0,0.000427773,-0.99999,-0.000260518,0,-0.00120077,0.000260007,-0.999999,0,0.394129,-0.384252,0.381102,1
0.99999,0.000410231,-0.00119171,0,0.000409931,-0.99999,-0.000252372,0,-0.00119183,0.000251885,-0.999999,0,0.394174,-0.384449,0.381146,1
0.99999,0.00039613,-0.00117374,0,0.000395851,-0.99999,-0.000238045,0,-0.00117385,0.000237583,-0.999999,0,0.394222,-0.384645,0.381191,1
0.99999,0.000393815,-0.00115095,0,0.000393567,-0.99999,-0.000216002,0,-0.00115105,0.000215551,-0.999999,0,0.394275,-0.384834,0.38124,1
0.99999,0.000367018,-0.00114034,0,0.000366786,-0.99999,-0.000204146,0,-0.00114043,0.00020373,-0.999999,0,0.39432,-0.38503,0.381282,1
0.99999,0.000360167,-0.00112328,0,0.000359954,-0.99999,-0.000189924,0,-0.00112336,0.000189521,-0.999999,0,0.394366,-0.385223,0.381328,1
0.99999,0.000343065,-0.00110334,0,0.000342884,-0.99999,-0.000164919,0,-0.00110341,0.000164542,-0.999999,0,0.39441,-0.385412,0.381379,1
0.99999,0.000345485,-0.00108345,0,0.000345334,-0.99999,-0.000139135,0,-0.00108351,0.000138762,-0.999999,0,0.394459,-0.385599,0.381428,1
0.99999,0.000334082,-0.00105042,0,0.000333972,-0.99999,-0.000105199,0,-0.00105047,0.000104849,-0.999999,0,0.394503,-0.385789,0.381485,1
0.99999,0.000325537,-0.00103478,0,0.000325442,-0.99999,-9.24213e-05,0,-0.00103482,9.20853e-05,-0.999999,0,0.394549,-0.385971,0.381527,1
0.99999,0.00032005,-0.00102738,0,0.000319965,-0.99999,-8.26207e-05,0,-0.00102742,8.22927e-05,-0.999999,0,0.394594,-0.386153,0.381567,1
0.99999,0.000312706,-0.00101213,0,0.000312639,-0.99999,-6.68078e-05,0,-0.00101216,6.6492e-05,-0.999999,0,0.394638,-0.386337,0.381611,1
0.99999,0.000305192,-0.000998812,0,0.000305134,-0.99999,-5.87689e-05,0,-0.00099884,5.84647e-05,-0.999999,0,0.394683,-0.38652,0.381653,1
0.99999,0.000300135,-0.000979608,0,0.000300094,-0.99999,-4.12985e-05,0,-0.00097963,4.10049e-05,-1,0,0.39473,-0.3867,0.381698,1
0.99999,0.00028462,-0.000969598,0,0.000284593,-0.99999,-2.8519e-05,0,-0.000969615,2.82433e-05,-1,0,0.394771,-0.386881,0.381739,1
0.99999,0.000283328,-0.000953123,0,0.000283316,-0.99999,-1.25796e-05,0,-0.000953135,1.23097e-05,-1,0,0.394816,-0.387058,0.381782,1
0.99999,0.000277606,-0.000913146,0,0.000277629,-0.99999,2.56239e-05,0,-0.000913147,-2.58777e-05,-1,0,0.394862,-0.387242,0.381838,1
0.99999,0.000272031,-0.000899874,0,0.000272066,-0.99999,3.90205e-05,0,-0.000899872,-3.92656e-05,-1,0,0.394909,-0.387413,0.381878,1
0.99999,0.000267352,-0.000891652,0,0.000267396,-0.99999,4.90893e-05,0,-0.000891648,-4.93282e-05,-1,0,0.394952,-0.387586,0.381917,1
0.99999,0.000262132,-0.000876318,0,0.000262181,-0.99999,5.61775e-05,0,-0.000876312,-5.64078e-05,-1,0,0.394994,-0.387756,0.381959,1
0.99999,0.000272295,-0.000893423,0,0.000272333,-0.99999,4.31012e-05,0,-0.00089342,-4.33449e-05,-1,0,0.395036,-0.38792,0.381984,1
0.99999,0.000269386,-0.000886208,0,0.000269432,-0.99999,5.22471e-05,0,-0.000886202,-5.24864e-05,-1,0,0.395076,-0.388088,0.382027,1
0.99999,0.000270183,-0.000906089,0,0.000270211,-0.99999,3.07345e-05,0,-0.000906089,-3.09797e-05,-1,0,0.395112,-0.388247,0.382049,1
0.99999,0.000267939,-0.000913963,0,0.000267961,-0.99999,2.37563e-05,0,-0.000913965,-2.40014e-05,-1,0,0.395149,-0.388408,0.382078,1
0.99999,0.00027285,-0.000927893,0,0.000272863,-0.99999,1.34771e-05,0,-0.000927899,-1.37304e-05,-1,0,0.395188,-0.388567,0.382102,1
0.99999,0.000270587,-0.000957263,0,0.000270574,-0.99999,-1.34178e-05,0,-0.000957275,1.31589e-05,-1,0,0.395223,-0.388722,0.382119,1
0.99999,0.000283384,-0.000985366,0,0.000283343,-0.99999,-4.1378e-05,0,-0.000985388,4.10992e-05,-1,0,0.395259,-0.388872,0.382137,1
0.99999,0.000282455,-0.00101774,0,0.00028238,-0.99999,-7.35705e-05,0,-0.00101777,7.32838e-05,-0.999999,0,0.395292,-0.389024,0.382153,1
0.99999,0.000272062,-0.00106213,0,0.00027194,-0.99999,-0.000114192,0,-0.00106217,0.000113904,-0.999999,0,0.395323,-0.389181,0.38216,1
0.99999,0.000282061,-0.00108892,0,0.000281907,-0.99999,-0.000141751,0,-0.00108897,0.000141445,-0.999999,0,0.395356,-0.389328,0.38218,1
0.99999,0.000289416,-0.00111776,0,0.00028922,-0.99999,-0.000175705,0,-0.00111783,0.000175384,-0.999999,0,0.395393,-0.389475,0.382194,1
0.99999,0.000276592,-0.0011344,0,0.000276373,-0.99999,-0.00019309,0,-0.00113446,0.000192779,-0.999999,0,0.395423,-0.389625,0.382216,1
0.99999,0.000266948,-0.00115968,0,0.000266692,-0.99999,-0.000221451,0,-0.00115975,0.000221143,-0.999999,0,0.395452,-0.38977,0.382232,1
0.99999,0.000262376,-0.00118242,0,0.000262092,-0.99999,-0.000240298,0,-0.0011825,0.00023999,-0.999999,0,0.395482,-0.389919,0.382253,1
0.99999,0.000266521,-0.00120332,0,0.000266206,-0.99999,-0.000262236,0,-0.0012034,0.000261918,-0.999999,0,0.395518,-0.390061,0.382273,1
0.99999,0.000267867,-0.00122931,0,0.000267509,-0.99999,-0.000291551,0,-0.0012294,0.000291225,-0.999999,0,0.395552,-0.390198,0.382292,1
0.99999,0.000260248,-0.00123597,0,0.000259876,-0.99999,-0.000300769,0,-0.00123606,0.00030045,-0.999999,0,0.395585,-0.390345,0.382319,1
0.99999,0.000247896,-0.00125053,0,0.000247504,-0.99999,-0.000314036,0,-0.00125062,0.000313729,-0.999999,0,0.395616,-0.390488,0.382341,1
0.99999,0.000252451,-0.00125544,0,0.000252059,-0.99999,-0.000313082,0,-0.00125553,0.000312768,-0.999999,0,0.395651,-0.39063,0.38237,1
0.99999,0.000247804,-0.00124819,0,0.00024742,-0.99999,-0.0003076,0,-0.00124828,0.000307294,-0.999999,0,0.395685,-0.390774,0.382404,1
0.99999,0.000252421,-0.00125498,0,0.00025203,-0.99999,-0.000311213,0,-0.00125507,0.000310899,-0.999999,0,0.395723,-0.390908,0.382432,1
0.99999,0.000238137,-0.00124754,0,0.000237757,-0.99999,-0.000305102,0,-0.00124762,0.000304808,-0.999999,0,0.395756,-0.391053,0.382467,1
0.99999,0.000233007,-0.00124604,0,0.000232629,-0.99999,-0.00030279,0,-0.00124612,0.000302503,-0.999999,0,0.395788,-0.391191,0.382499,1
0.99999,0.000229428,-0.00123557,0,0.000229072,-0.99999,-0.000288296,0,-0.00123565,0.000288016,-0.999999,0,0.395823,-0.391334,0.382536,1
0.99999,0.000227767,-0.00121558,0,0.000227431,-0.99999,-0.000276504,0,-0.00121566,0.00027623,-0.999999,0,0.39586,-0.39147,0.382577,1
0.99999,0.000229116,-0.00120086,0,0.000228799,-0.99999,-0.000264557,0,-0.00120093,0.000264285,-0.999999,0,0.395896,-0.391606,0.38261,1
0.99999,0.000221099,-0.00117623,0,0.000220806,-0.99999,-0.000249052,0,-0.00117629,0.000248794,-0.999999,0,0.395932,-0.391744,0.382649,1
0.99999,0.000225168,-0.00115692,0,0.000224905,-0.99999,-0.000227044,0,-0.00115698,0.000226785,-0.999999,0,0.395969,-0.391879,0.382684,1
0.99999,0.000224188,-0.00115037,0,0.000223937,-0.99999,-0.000218481,0,-0.00115043,0.000218226,-0.999999,0,0.396002,-0.392014,0.382714,1
0.99999,0.000234185,-0.0011361,0,0.000233962,-0.99999,-0.000195916,0,-0.00113616,0.000195652,-0.999999,0,0.396037,-0.392147,0.382751,1
0.99999,0.000241069,-0.00113306,0,0.000240852,-0.99999,-0.000191301,0,-0.00113311,0.00019103,-0.999999,0,0.396073,-0.392273,0.38278,1
0.99999,0.00024848,-0.00112628,0,0.000248274,-0.99999,-0.000183784,0,-0.00112633,0.000183506,-0.999999,0,0.396109,-0.392401,0.382811,1
0.99999,0.000250792,-0.00111289,0,0.000250603,-0.99999,-0.000170557,0,-0.00111294,0.00017028,-0.999999,0,0.396143,-0.392529,0.382844,1
0.99999,0.000253962,-0.00109922,0,0.000253788,-0.99999,-0.000157985,0,-0.00109927,0.000157708,-0.999999,0,0.396175,-0.392658,0.382876,1
0.99999,0.000256852,-0.00108168,0,0.000256702,-0.99999,-0.000138903,0,-0.00108173,0.000138627,-0.999999,0,0.396209,-0.392782,0.382913,1
0.99999,0.00025017,-0.00106556,0,0.00025003,-0.99999,-0.000130846,0,-0.0010656,0.00013058,-0.999999,0,0.396241,-0.392908,0.382947,1
0.99999,0.000258087,-0.0010675,0,0.000257948,-0.99999,-0.000130723,0,-0.00106754,0.000130449,-0.999999,0,0.396277,-0.393029,0.382972,1
0.99999,0.000271124,-0.00105412,0,0.000270999,-0.99999,-0.000119002,0,-0.00105416,0.000118718,-0.999999,0,0.39631,-0.393146,0.383007,1
0.99999,0.000280005,-0.00105945,0,0.000279876,-0.99999,-0.00012199,0,-0.0010595,0.000121695,-0.999999,0,0.396342,-0.393264,0.38303,1
0.99999,0.000280047,-0.00105868,0,0.00027992,-0.99999,-0.000119774,0,-0.00105872,0.000119479,-0.999999,0,0.396373,-0.393383,0.383054,1
0.99999,0.000286795,-0.00104795,0,0.000286683,-0.99999,-0.000106753,0,-0.00104799,0.000106454,-0.999999,0,0.396403,-0.393501,0.383086,1
0.99999,0.000290269,-0.00104637,0,0.000290159,-0.99999,-0.000104542,0,-0.00104641,0.000104239,-0.999999,0,0.396435,-0.393614,0.383112,1
0.99999,0.000292184,-0.00103469,0,0.000292087,-0.99999,-9.40906e-05,0,-0.00103473,9.37892e-05,-0.999999,0,0.396466,-0.393728,0.383144,1
0.99999,0.000303666,-0.00103026,0,0.000303573,-0.99999,-8.9894e-05,0,-0.0010303,8.9582e-05,-0.999999,0,0.396499,-0.393837,0.38317,1
0.99999,0.00030911,-0.00101664,0,0.000309029,-0.99999,-7.92855e-05,0,-0.00101668,7.8972e-05,-0.999999,0,0.39653,-0.39395,0.383203,1
0.99999,0.000323298,-0.00100638,0,0.00032323,-0.99999,-6.7724e-05,0,-0.00100641,6.73994e-05,-0.999999,0,0.396565,-0.394056,0.383233,1
0.99999,0.000324204,-0.000997298,0,0.000324143,-0.99999,-6.07162e-05,0,-0.000997327,6.03935e-05,-1,0,0.396592,-0.394166,0.383263,1
0.99999,0.000324303,-0.000988787,0,0.000324249,-0.99999,-5.51548e-05,0,-0.000988814,5.48347e-05,-1,0,0.396621,-0.394274,0.383291,1
0.99999,0.000320364,-0.000973304,0,0.000320325,-0.99999,-4.06565e-05,0,-0.000973326,4.03451e-05,-1,0,0.396652,-0.394379,0.383327,1
0.99999,0.000326178,-0.000974653,0,0.000326138,-0.99999,-4.10353e-05,0,-0.000974676,4.07177e-05,-1,0,0.396679,-0.394482,0.383351,1
0.99999,0.000328808,-0.000962113,0,0.000328781,-0.99999,-2.82467e-05,0,-0.000962131,2.79307e-05,-1,0,0.396708,-0.394587,0.383383,1
0.99999,0.000336088,-0.000956764,0,0.00033607,-0.99999,-1.90057e-05,0,-0.000956779,1.86843e-05,-1,0,0.396737,-0.394689,0.383409,1
0.99999,0.000336605,-0.000947293,0,0.000336595,-0.99999,-1.00917e-05,0,-0.000947306,9.77294e-06,-1,0,0.396765,-0.394791,0.383439,1
0.99999,0.000343766,-0.000952249,0,0.000343753,-0.99999,-1.36714e-05,0,-0.000952263,1.33442e-05,-1,0,0.396791,-0.394885,0.38346,1
0.99999,0.000335297,-0.000951498,0,0.000335284,-0.99999,-1.34279e-05,0,-0.000951512,1.3109e-05,-1,0,0.396815,-0.394987,0.383483,1
0.99999,0.000338412,-0.000946047,0,0.000338406,-0.99999,-6.67136e-06,0,-0.000946058,6.35127e-06,-1,0,0.396838,-0.395084,0.383508,1
0.99999,0.000333494,-0.000951612,0,0.000333481,-0.99999,-1.45043e-05,0,-0.000951626,1.41871e-05,-1,0,0.396861,-0.39518,0.383523,1
0.99999,0.000340944,-0.000960365,0,0.000340922,-0.99999,-2.28365e-05,0,-0.000960382,2.25093e-05,-1,0,0.396887,-0.395274,0.383538,1
0.99999,0.000341627,-0.000961989,0,0.000341602,-0.99999,-2.66662e-05,0,-0.000962007,2.63379e-05,-1,0,0.396909,-0.395365,0.383558,1
0.99999,0.000343951,-0.000976163,0,0.000343909,-0.99999,-4.39676e-05,0,-0.000976187,4.36323e-05,-1,0,0.396929,-0.395454,0.38357,1
0.99999,0.000348207,-0.000979677,0,0.000348162,-0.99999,-4.61196e-05,0,-0.000979702,4.5779e-05,-1,0,0.396952,-0.395543,0.383591,1
0.99999,0.000347769,-0.000989699,0,0.00034771,-0.99999,-5.97916e-05,0,-0.000989729,5.9448e-05,-1,0,0.396972,-0.395629,0.383607,1
0.99999,0.000341751,-0.00100335,0,0.00034168,-0.99999,-7.10071e-05,0,-0.00100338,7.06649e-05,-0.999999,0,0.396987,-0.395719,0.383621,1
0.99999,0.000346157,-0.00101508,0,0.000346071,-0.99999,-8.43233e-05,0,-0.00101512,8.39728e-05,-0.999999,0,0.397006,-0.395803,0.383637,1
0.99999,0.000352976,-0.00103526,0,0.000352872,-0.99999,-0.00010073,0,-0.0010353,0.000100366,-0.999999,0,0.397025,-0.395886,0.383646,1
0.99999,0.000351684,-0.00103357,0,0.000351582,-0.99999,-9.88163e-05,0,-0.00103362,9.84538e-05,-0.999999,0,0.397042,-0.395971,0.383669,1
0.99999,0.000357428,-0.00105552,0,0.000357299,-0.99999,-0.000122269,0,-0.00105557,0.000121893,-0.999999,0,0.39706,-0.39605,0.383674,1
0.99999,0.000347334,-0.00107629,0,0.000347182,-0.99999,-0.000140716,0,-0.00107635,0.000140344,-0.999999,0,0.39709,-0.396216,0.383699,1
0.99999,0.000348776,-0.0010907,0,0.000348608,-0.99999,-0.000154102,0,-0.00109077,0.000153723,-0.999999,0,0.397106,-0.396295,0.38371,1
0.99999,0.000343031,-0.0010933,0,0.000342856,-0.99999,-0.000160004,0,-0.00109337,0.00015963,-0.999999,0,0.39712,-0.396375,0.383728,1
0.99999,0.000338983,-0.00110862,0,0.000338792,-0.99999,-0.000172389,0,-0.00110869,0.000172015,-0.999999,0,0.397135,-0.396454,0.383737,1
0.99999,0.000331375,-0.0011167,0,0.000331172,-0.99999,-0.000182029,0,-0.00111677,0.00018166,-0.999999,0,0.397149,-0.396534,0.383749,1
0.99999,0.000320918,-0.00112606,0,0.0003207,-0.99999,-0.000194292,0,-0.00112613,0.000193933,-0.999999,0,0.397194,-0.396762,0.383787,1
0.99999,0.00031573,-0.00112707,0,0.000315509,-0.99999,-0.000195653,0,-0.00112714,0.000195299,-0.999999,0,0.397212,-0.396835,0.3838,1
0.99999,0.000313619,-0.00113916,0,0.000313388,-0.99999,-0.000202985,0,-0.00113923,0.00020263,-0.999999,0,0.397225,-0.396906,0.383809,1
0.99999,0.000316755,-0.00113461,0,0.000316532,-0.99999,-0.000197115,0,-0.00113468,0.000196758,-0.999999,0,0.397242,-0.396977,0.383826,1
0.99999,0.000309403,-0.00112609,0,0.000309188,-0.99999,-0.000191344,0,-0.00112616,0.000190997,-0.999999,0,0.39726,-0.39705,0.383842,1
0.99999,0.000299226,-0.00113804,0,0.000298999,-0.99999,-0.000200208,0,-0.00113811,0.00019987,-0.999999,0,0.397273,-0.397123,0.383845,1
0.99999,0.000291223,-0.00113551,0,0.000290997,-0.99999,-0.000199285,0,-0.00113557,0.000198956,-0.999999,0,0.397287,-0.397194,0.383857,1
0.99999,0.000274242,-0.00112208,0,0.000274031,-0.99999,-0.000187831,0,-0.00112215,0.000187525,-0.999999,0,0.397299,-0.397267,0.383876,1
0.99999,0.000269674,-0.00112058,0,0.000269463,-0.99999,-0.000188414,0,-0.00112064,0.000188113,-0.999999,0,0.397316,-0.39733,0.383886,1
0.99999,0.000260953,-0.00112178,0,0.000260742,-0.99999,-0.000188144,0,-0.00112184,0.000187854,-0.999999,0,0.397329,-0.397397,0.383895,1
0.99999,0.000255139,-0.0011183,0,0.000254931,-0.99999,-0.000186515,0,-0.00111836,0.000186232,-0.999999,0,0.397345,-0.397463,0.383905,1
0.99999,0.000250119,-0.00111509,0,0.000249923,-0.99999,-0.000176453,0,-0.00111514,0.000176176,-0.999999,0,0.397358,-0.397527,0.38392,1
0.99999,0.000239437,-0.00111654,0,0.000239232,-0.99999,-0.000184247,0,-0.00111659,0.000183981,-0.999999,0,0.397372,-0.397588,0.383929,1
0.99999,0.000246586,-0.00111796,0,0.000246376,-0.99999,-0.000187458,0,-0.00111801,0.000187184,-0.999999,0,0.397389,-0.397642,0.383937,1
0.99999,0.000244829,-0.00111998,0,0.000244618,-0.99999,-0.000188949,0,-0.00112004,0.000188676,-0.999999,0,0.397404,-0.3977,0.383945,1
0.99999,0.000236512,-0.00111509,0,0.000236309,-0.99999,-0.000182339,0,-0.00111514,0.000182078,-0.999999,0,0.397416,-0.397762,0.383956,1
0.99999,0.000235986,-0.00111741,0,0.000235783,-0.99999,-0.000181983,0,-0.00111747,0.000181721,-0.999999,0,0.397427,-0.39782,0.383964,1
0.99999,0.000237566,-0.00112066,0,0.000237359,-0.99999,-0.000185315,0,-0.00112072,0.000185051,-0.999999,0,0.39744,-0.397872,0.383971,1
0.99999,0.000230582,-0.00111788,0,0.000230377,-0.99999,-0.000183456,0,-0.00111793,0.0001832,-0.999999,0,0.397452,-0.397928,0.383981,1
0.99999,0.00022569,-0.00111097,0,0.000225493,-0.99999,-0.000176594,0,-0.00111102,0.000176345,-0.999999,0,0.397465,-0.397981,0.383994,1
0.99999,0.000222464,-0.001116,0,0.000222262,-0.99999,-0.000181607,0,-0.00111605,0.000181361,-0.999999,0,0.397476,-0.398032,0.384001,1
0.99999,0.000218136,-0.00112445,0,0.00021792,-0.99999,-0.000191862,0,-0.0011245,0.000191618,-0.999999,0,0.397486,-0.398081,0.384004,1