0.99999,0.000560182,-0.000284442,0,0.000560262,-0.99999,0.000282968,0,-0.000284287,-0.00028313,-1,0,0.306989,0.000125806,0.486698,1
0.99999,0.000554795,-0.000285029,0,0.000554876,-0.99999,0.000286404,0,-0.000284873,-0.000286565,-1,0,0.306989,0.000125888,0.486699,1
0.99999,0.000552521,-0.000278918,0,0.000552601,-0.99999,0.000283413,0,-0.000278764,-0.00028357,-1,0,0.30699,0.00012483,0.486703,1
0.99999,0.000550712,-0.000276624,0,0.00055079,-0.99999,0.00028399,0,-0.00027647,-0.000284145,-1,0,0.306992,0.000124379,0.486704,1
0.99999,0.000544782,-0.000272946,0,0.000544858,-0.99999,0.000280351,0,-0.000272796,-0.000280502,-1,0,0.306992,0.000123247,0.486707,1
0.99999,0.000546732,-0.000267051,0,0.000546808,-0.99999,0.000284457,0,-0.000266898,-0.000284606,-1,0,0.306993,0.000124509,0.486709,1
0.99999,0.00054794,-0.000257568,0,0.000548013,-0.99999,0.000285665,0,-0.000257414,-0.000285809,-1,0,0.306995,0.000125373,0.486713,1
0.99999,0.00054425,-0.000258686,0,0.000544323,-0.99999,0.000282803,0,-0.000258534,-0.000282946,-1,0,0.306995,0.000123815,0.486713,1
0.99999,0.000548801,-0.000252009,0,0.000548874,-0.99999,0.000286646,0,-0.000251854,-0.000286787,-1,0,0.306996,0.000124151,0.486716,1
0.99999,0.000548854,-0.00024887,0,0.000548926,-0.99999,0.000287828,0,-0.000248715,-0.000287968,-1,0,0.306995,0.000123652,0.486717,1
0.99999,0.000549806,-0.00024714,0,0.000549877,-0.99999,0.000287885,0,-0.000246984,-0.000288023,-1,0,0.306996,0.000125326,0.486719,1
0.99999,0.000552731,-0.000235596,0,0.000552799,-0.99999,0.000291145,0,-0.000235438,-0.000291278,-1,0,0.306996,0.000127445,0.486724,1
0.99999,0.000558468,-0.000227387,0,0.000558536,-0.99999,0.000295392,0,-0.000227224,-0.000295522,-1,0,0.306997,0.000129261,0.486728,1
0.99999,0.000556362,-0.000223671,0,0.000556428,-0.99999,0.00029707,0,-0.000223507,-0.000297197,-1,0,0.306997,0.000129792,0.48673,1
0.99999,0.000566019,-0.000218287,0,0.000566086,-0.99999,0.000305578,0,-0.000218116,-0.000305704,-1,0,0.306997,0.000134078,0.486734,1
0.99999,0.000564321,-0.00021161,0,0.000564386,-0.99999,0.000308983,0,-0.000211438,-0.000309106,-1,0,0.306998,0.000134774,0.486737,1
0.99999,0.00057217,-0.000197943,0,0.000572233,-0.99999,0.000319275,0,-0.000197762,-0.000319392,-1,0,0.306999,0.00013761,0.486743,1
0.99999,0.000574035,-0.000194032,0,0.000574098,-0.99999,0.000325828,0,-0.000193847,-0.000325942,-1,0,0.306999,0.000139187,0.486746,1
0.99999,0.000582006,-0.000188803,0,0.000582068,-0.99999,0.000331977,0,-0.000188612,-0.00033209,-1,0,0.307,0.000142111,0.48675,1
0.99999,0.000588232,-0.000180732,0,0.000588294,-0.99999,0.000340853,0,-0.000180533,-0.000340962,-1,0,0.307001,0.000145416,0.486753,1
0.99999,0.000595053,-0.000165355,0,0.00059511,-0.99999,0.000346151,0,-0.000165151,-0.000346253,-1,0,0.307002,0.000147599,0.486759,1
0.99999,0.000602728,-0.000161527,0,0.000602785,-0.99999,0.00034932,0,-0.000161318,-0.000349421,-1,0,0.307005,0.000150266,0.486761,1
0.99999,0.000608891,-0.000148129,0,0.000608944,-0.99999,0.000356827,0,-0.000147913,-0.00035692,-1,0,0.307005,0.000153491,0.486767,1
0.99999,0.000616727,-0.000137732,0,0.000616777,-0.99999,0.000359577,0,-0.000137511,-0.000359665,-1,0,0.307008,0.000155683,0.486773,1
0.99999,0.000622752,-0.000128274,0,0.000622798,-0.99999,0.000364615,0,-0.000128048,-0.000364698,-1,0,0.30701,0.000158787,0.486778,1
0.99999,0.000629273,-0.000125025,0,0.00062932,-0.99999,0.000369652,0,-0.000124793,-0.000369734,-1,0,0.307012,0.000162475,0.48678,1
0.99999,0.000640098,-0.000118778,0,0.000640142,-0.99999,0.000373745,0,-0.00011854,-0.000373825,-1,0,0.307014,0.000166224,0.486785,1
0.99999,0.000648078,-0.000108368,0,0.000648119,-0.99999,0.000378024,0,-0.000108124,-0.000378098,-1,0,0.307016,0.000170065,0.48679,1
0.99999,0.000658691,-9.79395e-05,0,0.000658729,-0.99999,0.000388284,0,-9.76847e-05,-0.000388352,-1,0,0.307018,0.000176256,0.486796,1
0.99999,0.000668757,-9.64467e-05,0,0.000668795,-0.99999,0.000394543,0,-9.61837e-05,-0.000394611,-1,0,0.30702,0.000180301,0.486798,1
0.99999,0.000685124,-8.1676e-05,0,0.000685157,-0.99999,0.000402624,0,-8.14009e-05,-0.000402684,-1,0,0.307024,0.000186363,0.486805,1
0.99999,0.000691677,-7.8495e-05,0,0.000691709,-0.99999,0.000407336,0,-7.8214e-05,-0.000407394,-1,0,0.307026,0.000190732,0.486809,1
0.99999,0.00070629,-6.27816e-05,0,0.000706316,-0.99999,0.000418838,0,-6.24863e-05,-0.000418886,-1,0,0.307031,0.000195074,0.486816,1
0.99999,0.000720283,-5.84723e-05,0,0.000720308,-0.99999,0.000427843,0,-5.81647e-05,-0.000427889,-1,0,0.307035,0.000199605,0.486821,1
0.99999,0.000738899,-5.67129e-05,0,0.000738923,-0.99999,0.000435082,0,-5.63919e-05,-0.000435128,-1,0,0.307036,0.000205811,0.486824,1
0.99999,0.00075523,-4.45313e-05,0,0.000755249,-0.99999,0.000445435,0,-4.41953e-05,-0.000445473,-1,0,0.307041,0.000211887,0.48683,1
0.99999,0.00076952,-4.27065e-05,0,0.000769539,-0.99999,0.000450585,0,-4.23601e-05,-0.000450622,-1,0,0.307046,0.000216879,0.486833,1
0.99999,0.000784701,-3.41653e-05,0,0.000784716,-0.99999,0.00045767,0,-3.38065e-05,-0.000457701,-1,0,0.30705,0.000221937,0.486839,1
0.99999,0.000800811,-2.94587e-05,0,0.000800825,-0.99999,0.000467327,0,-2.90847e-05,-0.000467355,-1,0,0.307053,0.000230419,0.486844,1
0.99999,0.00081546,-1.96933e-05,0,0.00081547,-0.99999,0.000472193,0,-1.93084e-05,-0.000472214,-1,0,0.307057,0.000236154,0.486851,1
0.99999,0.000830049,-1.00212e-05,0,0.000830053,-0.99999,0.00048035,0,-9.62252e-06,-0.000480363,-1,0,0.307061,0.000241674,0.486857,1
0.99999,0.000845779,-7.50839e-07,0,0.000845779,-0.99999,0.000487981,0,-3.38113e-07,-0.000487987,-1,0,0.307066,0.000247942,0.486863,1
0.99999,0.000864925,1.30797e-05,0,0.000864919,-0.99999,0.000499788,0,1.35121e-05,-0.000499782,-1,0,0.307071,0.000256289,0.48687,1
0.99999,0.000877646,2.42231e-05,0,0.000877634,-0.99999,0.000503069,0,2.46648e-05,-0.000503053,-1,0,0.307075,0.000261186,0.486877,1
0.99999,0.000897525,3.71733e-05,0,0.000897506,-0.99999,0.000515809,0,3.76366e-05,-0.000515781,-1,0,0.30708,0.000269515,0.486884,1
0.99999,0.00091398,4.07813e-05,0,0.000913959,-0.99999,0.00052376,0,4.12604e-05,-0.000523727,-1,0,0.307085,0.000277222,0.486889,1
0.99999,0.000940918,5.11485e-05,0,0.00094089,-0.99999,0.000537287,0,5.16545e-05,-0.000537244,-1,0,0.30709,0.000286615,0.486896,1
0.99999,0.000956036,6.13963e-05,0,0.000956002,-0.99999,0.000548954,0,6.19216e-05,-0.0005489,-1,0,0.307095,0.000294251,0.486904,1
0.99999,0.000989767,7.7475e-05,0,0.000989723,-0.99999,0.000571053,0,7.8041e-05,-0.000570981,-1,0,0.3071,0.000304545,0.486912,1
0.99999,0.0010133,8.5018e-05,0,0.00101325,-0.99999,0.000585436,0,8.5612e-05,-0.000585355,-1,0,0.307104,0.000313678,0.486919,1
0.99999,0.00103676,0.00010298,0,0.0010367,-0.99999,0.000600434,0,0.000103604,-0.000600332,-1,0,0.307109,0.000322324,0.486928,1
0.99999,0.00105957,0.000120136,0,0.0010595,-0.99999,0.000615873,0,0.000120789,-0.000615751,-1,0,0.307115,0.000330953,0.486938,1
0.99999,0.00108289,0.000128612,0,0.00108281,-0.99999,0.000630794,0,0.000129296,-0.000630661,-1,0,0.30712,0.000340658,0.486945,1
0.99999,0.00110889,0.000140716,0,0.0011088,-0.99999,0.000646396,0,0.000141434,-0.000646246,-1,0,0.307126,0.000352298,0.486952,1
0.99999,0.00113555,0.000142156,0,0.00113546,-0.99999,0.00065915,0,0.000142906,-0.000658995,-1,0,0.307132,0.000361316,0.486958,1
0.99999,0.00116214,0.000164528,0,0.00116203,-0.999989,0.000679009,0,0.000165318,-0.000678824,-1,0,0.307139,0.000372549,0.486969,1
0.99999,0.00117934,0.000171761,0,0.00117922,-0.999989,0.00069157,0,0.000172578,-0.000691373,-1,0,0.307143,0.000382031,0.486975,1
0.99999,0.00120879,0.000181882,0,0.00120866,-0.999989,0.000710405,0,0.000182743,-0.000710192,-1,0,0.307148,0.000394301,0.486983,1
0.99999,0.00124015,0.000196033,0,0.00124001,-0.999989,0.000723706,0,0.000196932,-0.000723469,-1,0,0.307156,0.000406057,0.486992,1
0.99999,0.00127298,0.000202056,0,0.00127283,-0.999989,0.000742488,0,0.000203003,-0.000742237,-1,0,0.307161,0.00041923,0.486999,1
0.99999,0.00129583,0.000216639,0,0.00129567,-0.999989,0.000762028,0,0.000217628,-0.000761754,-1,0,0.307167,0.000429895,0.487009,1
0.999989,0.0013346,0.000224543,0,0.00133443,-0.999989,0.000784796,0,0.000225592,-0.000784503,-1,0,0.307175,0.000443679,0.487016,1
0.999989,0.00136271,0.000234337,0,0.00136253,-0.999989,0.000801433,0,0.000235431,-0.00080112,-1,0,0.307181,0.000455684,0.487023,1
0.999989,0.00139198,0.000247592,0,0.00139177,-0.999989,0.000825418,0,0.000248743,-0.000825081,-1,0,0.307188,0.000468618,0.487034,1
0.999989,0.00143228,0.000257484,0,0.00143206,-0.999989,0.000844733,0,0.000258696,-0.000844371,-1,0,0.307193,0.000482656,0.487042,1
0.999989,0.00146617,0.000275221,0,0.00146593,-0.999989,0.000870053,0,0.000276499,-0.000869657,-1,0,0.3072,0.000496718,0.487053,1
0.999989,0.0015041,0.000289446,0,0.00150384,-0.999989,0.00089319,0,0.000290792,-0.000892763,-1,0,0.307208,0.000511432,0.487062,1
0.999989,0.0015326,0.000297972,0,0.00153233,-0.999989,0.000915812,0,0.000299378,-0.000915363,-1,0,0.307215,0.00052317,0.48707,1
0.999989,0.00156965,0.000315317,0,0.00156935,-0.999989,0.000940714,0,0.000316796,-0.000940227,-1,0,0.307223,0.000539483,0.487081,1
0.999989,0.00160385,0.000325602,0,0.00160353,-0.999989,0.000964791,0,0.000327152,-0.000964277,-0.999999,0,0.30723,0.000554897,0.487091,1
0.999989,0.00164511,0.00034645,0,0.00164477,-0.999989,0.000991074,0,0.000348084,-0.000990512,-0.999999,0,0.307238,0.000570971,0.487103,1
0.999989,0.00168062,0.000356041,0,0.00168026,-0.999988,0.00101519,0,0.00035775,-0.0010146,-0.999999,0,0.307245,0.000585607,0.487112,1
0.999989,0.00172546,0.000372189,0,0.00172507,-0.999988,0.00104167,0,0.000373989,-0.00104104,-0.999999,0,0.307254,0.000603188,0.487123,1
0.999989,0.00176444,0.000395886,0,0.00176402,-0.999988,0.00106503,0,0.000397768,-0.00106434,-0.999999,0,0.307262,0.000619923,0.487138,1
0.999989,0.00180276,0.00041292,0,0.0018023,-0.999988,0.00109187,0,0.000414892,-0.00109114,-0.999999,0,0.307271,0.000635727,0.487149,1
0.999989,0.00185063,0.000433225,0,0.00185014,-0.999988,0.00112011,0,0.000435301,-0.00111932,-0.999999,0,0.307279,0.000655067,0.487162,1
0.999988,0.00189319,0.000451818,0,0.00189267,-0.999988,0.00115083,0,0.000454,-0.00114998,-0.999999,0,0.307288,0.000670942,0.487174,1
0.999988,0.00194113,0.000469579,0,0.00194058,-0.999988,0.00118073,0,0.000471874,-0.00117983,-0.999999,0,0.307297,0.000689833,0.487186,1
0.999988,0.001983,0.000492976,0,0.00198241,-0.999988,0.00121194,0,0.000495383,-0.00121097,-0.999999,0,0.307305,0.000708906,0.4872,1
0.999988,0.00202853,0.000505853,0,0.0020279,-0.999988,0.00123936,0,0.00050837,-0.00123835,-0.999999,0,0.307313,0.000727072,0.487211,1
0.999988,0.00208171,0.000534216,0,0.00208103,-0.999987,0.00127058,0,0.000536865,-0.00126948,-0.999999,0,0.307322,0.000747112,0.487227,1
0.999988,0.00212846,0.000547315,0,0.00212775,-0.999987,0.00130324,0,0.000550093,-0.00130208,-0.999999,0,0.307331,0.000767712,0.487237,1
0.999988,0.00217422,0.000568918,0,0.00217346,-0.999987,0.00133528,0,0.000571825,-0.00133405,-0.999999,0,0.307339,0.000786707,0.487251,1
0.999988,0.00222849,0.000584608,0,0.00222769,-0.999987,0.00136737,0,0.000587659,-0.00136608,-0.999999,0,0.307348,0.000807996,0.487263,1
0.999988,0.00227696,0.000611738,0,0.0022761,-0.999987,0.00139825,0,0.000614925,-0.00139687,-0.999999,0,0.307357,0.000827364,0.487278,1
0.999987,0.00232936,0.000627934,0,0.00232846,-0.999987,0.00143165,0,0.000631273,-0.0014302,-0.999999,0,0.307366,0.000849792,0.48729,1
0.999987,0.00238506,0.0006519,0,0.0023841,-0.999986,0.00146544,0,0.000655399,-0.00146389,-0.999999,0,0.307375,0.000870903,0.487305,1
0.999987,0.00243284,0.00067407,0,0.00243183,-0.999986,0.00149362,0,0.000677708,-0.00149199,-0.999999,0,0.307385,0.000890932,0.48732,1
0.999987,0.00248653,0.000699625,0,0.00248545,-0.999986,0.00152765,0,0.000703428,-0.00152592,-0.999999,0,0.307394,0.000913467,0.487336,1
0.999987,0.00254518,0.000724888,0,0.00254404,-0.999986,0.00156399,0,0.000728872,-0.00156215,-0.999999,0,0.307404,0.000936704,0.487351,1
0.999987,0.00260484,0.000741921,0,0.00260365,-0.999986,0.00159539,0,0.00074608,-0.00159347,-0.999998,0,0.307414,0.000960605,0.487364,1
0.999987,0.00266474,0.000770692,0,0.00266348,-0.999985,0.00163297,0,0.000775047,-0.00163093,-0.999998,0,0.307424,0.000983095,0.487382,1
0.999986,0.0027265,0.000784505,0,0.00272519,-0.999985,0.00166968,0,0.000789061,-0.00166755,-0.999998,0,0.307434,0.00100863,0.487395,1
0.999986,0.00278371,0.00081763,0,0.00278231,-0.999985,0.00170659,0,0.000822384,-0.00170433,-0.999998,0,0.307446,0.00103172,0.487414,1
0.999986,0.00285759,0.000839875,0,0.00285612,-0.999985,0.00174679,0,0.00084487,-0.0017444,-0.999998,0,0.307456,0.00105906,0.48743,1
0.999986,0.00291127,0.000867336,0,0.00290972,-0.999985,0.00178238,0,0.000872529,-0.00177987,-0.999998,0,0.307465,0.00108361,0.487447,1
0.999986,0.00297836,0.000903286,0,0.0029767,-0.999984,0.00182313,0,0.000908719,-0.00182045,-0.999998,0,0.307476,0.00110979,0.487467,1
0.999985,0.00304269,0.000927351,0,0.00304096,-0.999984,0.00186547,0,0.000933031,-0.00186266,-0.999998,0,0.307487,0.00113688,0.487483,1
0.999985,0.00311329,0.000952966,0,0.00311147,-0.999984,0.00190488,0,0.000958899,-0.00190192,-0.999998,0,0.307498,0.00116449,0.487499,1
0.999985,0.00317981,0.000980745,0,0.0031779,-0.999983,0.00194472,0,0.000986931,-0.00194162,-0.999998,0,0.30751,0.00119147,0.487517,1
0.999985,0.00324192,0.00100856,0,0.00323992,-0.999983,0.00198124,0,0.00101498,-0.00197798,-0.999998,0,0.307521,0.00121602,0.487535,1
0.999984,0.00331333,0.00103832,0,0.00331122,-0.999983,0.00202092,0,0.00104502,-0.00201749,-0.999997,0,0.307532,0.00124464,0.487553,1
0.999984,0.00338144,0.00106543,0,0.00337924,-0.999983,0.00206137,0,0.00107241,-0.00205777,-0.999997,0,0.307544,0.00127141,0.487571,1
0.999984,0.00345714,0.00110247,0,0.00345482,-0.999982,0.00210053,0,0.00110973,-0.00209673,-0.999997,0,0.307555,0.00130003,0.487593,1
0.999983,0.00353041,0.00114018,0,0.00352797,-0.999982,0.00213744,0,0.00114772,-0.00213342,-0.999997,0,0.307567,0.00132975,0.487615,1
0.999983,0.00360237,0.00116641,0,0.00359982,-0.999982,0.00217869,0,0.00117426,-0.00217449,-0.999997,0,0.30758,0.0013585,0.487633,1
0.999983,0.00367604,0.00120531,0,0.00367335,-0.999981,0.00222433,0,0.00121349,-0.00221991,-0.999997,0,0.307591,0.00138804,0.487656,1
0.999983,0.00375242,0.0012392,0,0.00374961,-0.999981,0.0022653,0,0.0012477,-0.00226066,-0.999997,0,0.307604,0.00141929,0.487676,1
0.999982,0.00382893,0.00127441,0,0.00382597,-0.99998,0.00231523,0,0.00128327,-0.00231035,-0.999997,0,0.307617,0.0014502,0.487698,1
0.999982,0.00391317,0.00130909,0,0.00391008,-0.99998,0.00235912,0,0.00131832,-0.002354,-0.999996,0,0.30763,0.00148386,0.487719,1
0.999982,0.00398875,0.00134509,0,0.0039855,-0.99998,0.00240914,0,0.0013547,-0.00240378,-0.999996,0,0.307644,0.00151356,0.487741,1
0.999981,0.00407227,0.00137157,0,0.00406889,-0.999979,0.00245683,0,0.00138157,-0.00245125,-0.999996,0,0.307657,0.00154642,0.487759,1
0.999981,0.00414464,0.00139985,0,0.00414113,-0.999979,0.0025053,0,0.00141023,-0.0024995,-0.999996,0,0.307669,0.00157531,0.487779,1
0.99998,0.00422907,0.0014351,0,0.0042254,-0.999978,0.00255249,0,0.00144589,-0.00254642,-0.999996,0,0.307681,0.00160928,0.487801,1
0.99998,0.0043057,0.00147604,0,0.00430186,-0.999978,0.0025981,0,0.00148722,-0.00259175,-0.999996,0,0.307695,0.00163897,0.487823,1
0.99998,0.00438488,0.00151157,0,0.00438088,-0.999977,0.00264315,0,0.00152315,-0.00263653,-0.999995,0,0.307709,0.00167012,0.487846,1
0.999979,0.00446835,0.00155174,0,0.00446417,-0.999977,0.00269125,0,0.00156376,-0.00268432,-0.999995,0,0.307722,0.00170353,0.487869,1
0.999979,0.00455008,0.00158645,0,0.00454573,-0.999976,0.00273323,0,0.00159888,-0.00272601,-0.999995,0,0.307735,0.00173556,0.487892,1
0.999978,0.00462969,0.00162439,0,0.00462516,-0.999976,0.00277894,0,0.00163725,-0.00277142,-0.999995,0,0.307748,0.00176831,0.487916,1
0.999978,0.00471937,0.0016599,0,0.00471467,-0.999975,0.00282693,0,0.00167323,-0.00281909,-0.999995,0,0.307761,0.00180302,0.487939,1
0.999977,0.00479957,0.00170686,0,0.00479466,-0.999975,0.00287186,0,0.00172063,-0.00286367,-0.999994,0,0.307776,0.00183683,0.487965,1
0.999977,0.00488833,0.00174365,0,0.00488323,-0.999974,0.00292107,0,0.00175792,-0.00291255,-0.999994,0,0.30779,0.00187137,0.487988,1
0.999976,0.00497049,0.00178828,0,0.00496515,-0.999974,0.00297731,0,0.00180307,-0.00296842,-0.999994,0,0.307804,0.0019055,0.488014,1
0.999976,0.0050619,0.00181924,0,0.00505638,-0.999973,0.00302824,0,0.00183455,-0.00301903,-0.999994,0,0.307818,0.00194034,0.488034,1
0.999975,0.00514751,0.00185352,0,0.00514178,-0.999972,0.00308055,0,0.00186936,-0.003071,-0.999994,0,0.307832,0.00197635,0.488057,1
0.999975,0.00523663,0.00189129,0,0.00523068,-0.999972,0.0031352,0,0.0019077,-0.00312528,-0.999993,0,0.307846,0.00201057,0.48808,1
0.999974,0.00532528,0.0019303,0,0.00531911,-0.999971,0.00318599,0,0.00194725,-0.0031757,-0.999993,0,0.307861,0.0020451,0.488104,1
0.999974,0.00541366,0.00196651,0,0.00540727,-0.999971,0.00324095,0,0.00198404,-0.0032303,-0.999993,0,0.307877,0.00208079,0.488128,1
0.999973,0.00549928,0.00200916,0,0.00549265,-0.99997,0.003289,0,0.00202722,-0.00327794,-0.999993,0,0.307891,0.00211471,0.488154,1
0.999973,0.00559677,0.00205606,0,0.00558989,-0.999969,0.00333629,0,0.00207471,-0.00332477,-0.999992,0,0.307907,0.00215267,0.488181,1
0.999972,0.00568955,0.00209481,0,0.00568243,-0.999968,0.00339029,0,0.00211407,-0.00337836,-0.999992,0,0.307922,0.00219008,0.488206,1
0.999971,0.00577757,0.00214058,0,0.00577019,-0.999968,0.00344018,0,0.00216043,-0.0034278,-0.999992,0,0.307939,0.00222644,0.488235,1
0.999971,0.00587717,0.00217746,0,0.00586954,-0.999967,0.00349545,0,0.00219797,-0.00348263,-0.999992,0,0.307954,0.00226643,0.488258,1
0.99997,0.0059655,0.00222379,0,0.0059576,-0.999966,0.00354496,0,0.0022449,-0.00353168,-0.999991,0,0.307969,0.00230205,0.488286,1
0.999969,0.00606695,0.00225824,0,0.00605878,-0.999966,0.00360502,0,0.00228008,-0.0035913,-0.999991,0,0.307986,0.00234328,0.488308,1
0.999969,0.00616009,0.0023025,0,0.00615163,-0.999965,0.00366143,0,0.00232502,-0.00364722,-0.999991,0,0.308001,0.00238017,0.488335,1
0.999968,0.00625641,0.00234209,0,0.00624768,-0.999964,0.00371862,0,0.00236531,-0.00370394,-0.99999,0,0.308017,0.00241878,0.48836,1
0.999967,0.00634199,0.00237647,0,0.006333,-0.999963,0.00377259,0,0.00240035,-0.00375749,-0.99999,0,0.308033,0.00245407,0.488384,1
0.999967,0.00643877,0.00241537,0,0.00642948,-0.999962,0.00383441,0,0.00244001,-0.00381883,-0.99999,0,0.308051,0.00249078,0.48841,1
0.999966,0.00653268,0.00246655,0,0.00652306,-0.999962,0.00389105,0,0.00249192,-0.0038749,-0.999989,0,0.308067,0.00252918,0.488439,1
0.999965,0.00663564,0.00251025,0,0.00662569,-0.999961,0.00394964,0,0.00253641,-0.00393295,-0.999989,0,0.308084,0.00257105,0.488467,1
0.999964,0.0067345,0.00255833,0,0.00672422,-0.99996,0.00400586,0,0.00258525,-0.00398859,-0.999989,0,0.3081,0.0026105,0.488496,1
0.999964,0.00683742,0.00260383,0,0.0068268,-0.999959,0.00406598,0,0.00263158,-0.00404814,-0.999988,0,0.308117,0.00265171,0.488525,1
0.999963,0.00694469,0.00264225,0,0.00693375,-0.999958,0.00412642,0,0.00267084,-0.00410803,-0.999988,0,0.308134,0.00269432,0.488552,1
0.999962,0.00704676,0.00268115,0,0.0070355,-0.999957,0.00418747,0,0.00271059,-0.00416853,-0.999988,0,0.30815,0.00273447,0.488578,1
0.999961,0.00714875,0.00273484,0,0.00713709,-0.999956,0.0042496,0,0.00276516,-0.00423,-0.999987,0,0.308169,0.00277505,0.488608,1
0.99996,0.00725275,0.00278022,0,0.00724073,-0.999955,0.0043071,0,0.00281138,-0.00428688,-0.999987,0,0.308186,0.0028164,0.488636,1
0.999959,0.00735631,0.00283071,0,0.00734391,-0.999954,0.00436763,0,0.00286276,-0.00434674,-0.999986,0,0.308205,0.00285788,0.488667,1
0.999958,0.00745873,0.00287203,0,0.00744598,-0.999953,0.00442572,0,0.00290496,-0.00440424,-0.999986,0,0.308222,0.00289864,0.488695,1
0.999958,0.00755758,0.00292849,0,0.0075444,-0.999952,0.00448856,0,0.00296233,-0.00446636,-0.999986,0,0.308241,0.00294062,0.488727,1
0.999957,0.00766839,0.00298873,0,0.00765475,-0.999951,0.00454927,0,0.00302352,-0.00452629,-0.999985,0,0.308259,0.0029837,0.488762,1
0.999956,0.00777531,0.00303579,0,0.00776125,-0.99995,0.00461512,0,0.00307158,-0.00459144,-0.999985,0,0.308278,0.0030278,0.488792,1
0.999955,0.00788656,0.00308005,0,0.0078721,-0.999948,0.00467964,0,0.00311686,-0.00465527,-0.999984,0,0.308296,0.00307275,0.48882,1
0.999954,0.00799593,0.00313115,0,0.00798102,-0.999947,0.00474498,0,0.00316899,-0.00471986,-0.999984,0,0.308315,0.00311774,0.488852,1
0.999952,0.0081098,0.00317416,0,0.00809447,-0.999946,0.00481394,0,0.00321309,-0.00478811,-0.999983,0,0.308333,0.00316304,0.488881,1
0.999951,0.00821861,0.00321664,0,0.00820287,-0.999945,0.00487511,0,0.0032566,-0.00484858,-0.999983,0,0.308352,0.00320517,0.48891,1
0.99995,0.0083315,0.00326097,0,0.00831533,-0.999944,0.00494007,0,0.00330201,-0.0049128,-0.999982,0,0.308372,0.00325007,0.488939,1
0.999949,0.00843861,0.00331935,0,0.00842194,-0.999942,0.00500374,0,0.00336145,-0.00497563,-0.999982,0,0.308392,0.003293,0.488974,1
0.999948,0.00855508,0.00337294,0,0.00853792,-0.999941,0.00507067,0,0.00341619,-0.00504171,-0.999981,0,0.308413,0.00334003,0.489006,1
0.999947,0.00865845,0.00342396,0,0.00864081,-0.99994,0.00513185,0,0.00346826,-0.00510209,-0.999981,0,0.308433,0.00338165,0.489038,1
0.999946,0.00877605,0.00347119,0,0.00875792,-0.999938,0.00520331,0,0.00351671,-0.00517272,-0.99998,0,0.308453,0.0034297,0.48907,1
0.999945,0.00889893,0.00352332,0,0.00888028,-0.999937,0.00527295,0,0.00357009,-0.00524147,-0.99998,0,0.308472,0.00347961,0.489103,1
0.999943,0.0090148,0.00357332,0,0.00899564,-0.999936,0.00534189,0,0.00362132,-0.00530955,-0.999979,0,0.308491,0.00352627,0.489134,1
0.999942,0.00913344,0.00363209,0,0.00911371,-0.999934,0.00540974,0,0.00368133,-0.00537643,-0.999979,0,0.308511,0.00357343,0.489168,1
0.999941,0.00924581,0.00367192,0,0.00922563,-0.999933,0.00547639,0,0.00372238,-0.0054423,-0.999978,0,0.308531,0.00361936,0.489196,1
0.99994,0.00936642,0.00373425,0,0.00934564,-0.999931,0.00554465,0,0.003786,-0.00550952,-0.999978,0,0.308553,0.00366584,0.489233,1
0.999938,0.00948444,0.00379152,0,0.00946307,-0.99993,0.00561406,0,0.00384458,-0.00557794,-0.999977,0,0.308572,0.00371378,0.489269,1
0.999937,0.00960634,0.00384451,0,0.00958442,-0.999928,0.00568122,0,0.00389889,-0.00564412,-0.999976,0,0.308593,0.00376234,0.489302,1
0.999935,0.00973262,0.00390108,0,0.00971008,-0.999927,0.00575448,0,0.00395688,-0.00571634,-0.999976,0,0.308613,0.00381227,0.489336,1
0.999934,0.00986388,0.00394873,0,0.00984078,-0.999925,0.00582608,0,0.00400598,-0.00578695,-0.999975,0,0.308633,0.00386379,0.489367,1
0.999933,0.00998276,0.00400428,0,0.00995904,-0.999923,0.00590091,0,0.00406296,-0.00586075,-0.999975,0,0.308654,0.00391262,0.489401,1
0.999931,0.0101088,0.00405109,0,0.0100845,-0.999922,0.00597318,0,0.00411124,-0.00593203,-0.999974,0,0.308675,0.00396305,0.489431,1
0.99993,0.0102309,0.00409602,0,0.010206,-0.99992,0.00604095,0,0.00415757,-0.00599884,-0.999973,0,0.308695,0.00401111,0.489463,1
0.999928,0.0103547,0.00414933,0,0.0103292,-0.999918,0.00611385,0,0.00421238,-0.00607067,-0.999973,0,0.308716,0.00406159,0.489497,1
0.999927,0.0104844,0.00420856,0,0.0104582,-0.999917,0.00618878,0,0.00427318,-0.00614443,-0.999972,0,0.308738,0.00411317,0.489533,1
0.999925,0.0106053,0.00425612,0,0.0105786,-0.999915,0.0062605,0,0.00432224,-0.00621513,-0.999971,0,0.308759,0.00416216,0.489566,1
0.999923,0.0107387,0.00431131,0,0.0107113,-0.999913,0.0063358,0,0.00437906,-0.00628925,-0.999971,0,0.30878,0.00421516,0.4896,1
0.999922,0.0108639,0.00436202,0,0.0108358,-0.999911,0.00640954,0,0.00443135,-0.00636189,-0.99997,0,0.308802,0.00426654,0.489631,1
0.99992,0.0109937,0.00441159,0,0.0109649,-0.999909,0.00648696,0,0.00448259,-0.00643819,-0.999969,0,0.308821,0.00431941,0.489662,1
0.999919,0.0111236,0.00446297,0,0.0110942,-0.999907,0.00656073,0,0.00453563,-0.00651081,-0.999969,0,0.308843,0.00437045,0.489698,1
0.999917,0.0112541,0.00452229,0,0.011224,-0.999905,0.0066335,0,0.00459661,-0.00658232,-0.999968,0,0.308864,0.00442292,0.489732,1
0.999915,0.0113904,0.0045757,0,0.0113596,-0.999903,0.00670814,0,0.00465176,-0.00665572,-0.999967,0,0.308886,0.00447677,0.489768,1
0.999913,0.0115185,0.00463982,0,0.0114869,-0.999901,0.00678128,0,0.00471756,-0.00672752,-0.999966,0,0.308908,0.00452852,0.489806,1
0.999911,0.0116519,0.00469423,0,0.0116196,-0.999899,0.00685542,0,0.00477373,-0.0068004,-0.999965,0,0.308929,0.00458074,0.489841,1
0.99991,0.0117915,0.00475107,0,0.0117584,-0.999897,0.00693489,0,0.00483244,-0.00687853,-0.999965,0,0.308951,0.00463637,0.489876,1
0.999908,0.0119303,0.00480043,0,0.0118965,-0.999895,0.00701281,0,0.00488369,-0.00695519,-0.999964,0,0.308972,0.00469247,0.489909,1
0.999906,0.012069,0.00485179,0,0.0120344,-0.999893,0.00709368,0,0.00493697,-0.00703476,-0.999963,0,0.308993,0.00474709,0.489942,1
0.999904,0.0121963,0.0048912,0,0.0121611,-0.999891,0.00716818,0,0.00497818,-0.00710815,-0.999962,0,0.309016,0.00480026,0.489971,1
0.999902,0.0123283,0.00495006,0,0.0122922,-0.999889,0.00724395,0,0.00503891,-0.00718253,-0.999962,0,0.309039,0.00485414,0.490007,1
0.9999,0.0124655,0.0050071,0,0.0124287,-0.999886,0.0073242,0,0.00509793,-0.00726137,-0.999961,0,0.309061,0.00490807,0.490043,1
0.999898,0.0126038,0.00506093,0,0.0125662,-0.999884,0.00740073,0,0.00515372,-0.00733652,-0.99996,0,0.309083,0.00496411,0.49008,1
0.999896,0.0127354,0.00510705,0,0.0126971,-0.999882,0.00747725,0,0.00520177,-0.00741177,-0.999959,0,0.309105,0.00501737,0.490112,1
0.999894,0.0128838,0.0051631,0,0.0128445,-0.999879,0.00756333,0,0.00526003,-0.00749636,-0.999958,0,0.309129,0.00507706,0.490146,1
0.999892,0.0130272,0.00522015,0,0.0129871,-0.999877,0.00764449,0,0.0053192,-0.00757601,-0.999957,0,0.30915,0.00513282,0.490182,1
0.99989,0.0131651,0.00526841,0,0.0131242,-0.999874,0.00772486,0,0.00536955,-0.00765501,-0.999956,0,0.309171,0.00518878,0.490215,1
0.999888,0.0133038,0.00533425,0,0.013262,-0.999872,0.00780678,0,0.00543753,-0.00773531,-0.999955,0,0.309194,0.00524531,0.490254,1
0.999885,0.0134485,0.00539402,0,0.0134058,-0.999869,0.00788694,0,0.00549949,-0.00781388,-0.999954,0,0.309217,0.00530072,0.490291,1
0.999883,0.0135984,0.00545786,0,0.0135547,-0.999867,0.00796917,0,0.00556561,-0.00789441,-0.999953,0,0.30924,0.00535944,0.490332,1
0.999881,0.013735,0.00551289,0,0.0136904,-0.999864,0.00805219,0,0.00562285,-0.00797591,-0.999952,0,0.309263,0.00541548,0.490367,1
0.999878,0.0138878,0.0055639,0,0.0138423,-0.999861,0.00813635,0,0.00567623,-0.0080585,-0.999951,0,0.309285,0.00547704,0.490402,1
0.999876,0.0140346,0.00562171,0,0.0139881,-0.999859,0.00822021,0,0.0057364,-0.00814071,-0.99995,0,0.309309,0.00553578,0.490437,1
0.999874,0.0141762,0.00567363,0,0.0141288,-0.999856,0.00830394,0,0.00579064,-0.00822288,-0.999949,0,0.309332,0.00559447,0.490472,1
0.999871,0.0143182,0.00573445,0,0.0142699,-0.999853,0.0083842,0,0.00585377,-0.00830145,-0.999948,0,0.309356,0.00565211,0.49051,1
0.999869,0.0144611,0.00578702,0,0.0144119,-0.999851,0.00846294,0,0.00590865,-0.0083786,-0.999947,0,0.309379,0.00570866,0.490547,1
0.999867,0.0146077,0.00585634,0,0.0145574,-0.999848,0.00854756,0,0.00598043,-0.00846132,-0.999946,0,0.309404,0.00576893,0.490589,1
0.999864,0.0147526,0.00591208,0,0.0147013,-0.999845,0.00862895,0,0.00603858,-0.00854103,-0.999945,0,0.309428,0.00582813,0.490625,1
0.999861,0.0149119,0.00596814,0,0.0148596,-0.999842,0.00872136,0,0.00609736,-0.00863163,-0.999944,0,0.309451,0.00589212,0.490661,1
0.999859,0.0150623,0.00601883,0,0.015009,-0.999839,0.00880706,0,0.00615064,-0.00871565,-0.999943,0,0.309474,0.00595165,0.490697,1
0.999856,0.0152135,0.00608911,0,0.015159,-0.999836,0.00889626,0,0.00622358,-0.00880284,-0.999942,0,0.309499,0.00601296,0.490739,1
0.999853,0.0153714,0.00614861,0,0.0153158,-0.999833,0.00898072,0,0.00628575,-0.00888541,-0.999941,0,0.309523,0.00607465,0.490778,1
0.999851,0.0155209,0.00621262,0,0.0154643,-0.99983,0.00906552,0,0.00635239,-0.00896827,-0.99994,0,0.309546,0.00613402,0.490819,1
0.999848,0.0156844,0.00627142,0,0.0156266,-0.999826,0.00916024,0,0.00641413,-0.00906102,-0.999938,0,0.309571,0.006199,0.490858,1
0.999845,0.0158371,0.00633757,0,0.0157782,-0.999823,0.00924787,0,0.00648303,-0.00914661,-0.999937,0,0.309597,0.00626195,0.490898,1
0.999842,0.0159937,0.00639095,0,0.0159336,-0.99982,0.00933859,0,0.00653928,-0.00923546,-0.999936,0,0.309621,0.00632544,0.490934,1
0.999839,0.0161589,0.0064466,0,0.0160977,-0.999816,0.00942918,0,0.00659791,-0.00932406,-0.999935,0,0.309645,0.00638973,0.490973,1
0.999836,0.0163018,0.00651279,0,0.0162395,-0.999813,0.00951222,0,0.00666677,-0.00940508,-0.999934,0,0.309672,0.00644935,0.491013,1
0.999833,0.0164567,0.00657955,0,0.0163932,-0.99981,0.00959827,0,0.00673638,-0.009489,-0.999932,0,0.309698,0.00651185,0.491055,1
0.99983,0.0166168,0.00664483,0,0.016552,-0.999806,0.00968932,0,0.00680468,-0.00957787,-0.999931,0,0.309723,0.0065758,0.491097,1
0.999827,0.0167761,0.00669856,0,0.0167102,-0.999803,0.00977833,0,0.00686142,-0.00966489,-0.99993,0,0.309749,0.00664092,0.491135,1
0.999824,0.0169396,0.00676101,0,0.0168724,-0.999799,0.00987186,0,0.00692701,-0.00975624,-0.999928,0,0.309774,0.00670681,0.491176,1
0.999821,0.0171024,0.00683291,0,0.0170339,-0.999796,0.00996281,0,0.00700204,-0.00984482,-0.999927,0,0.309799,0.00677145,0.49122,1
0.999818,0.0172648,0.00689986,0,0.017195,-0.999792,0.0100531,0,0.00707212,-0.00993283,-0.999926,0,0.309826,0.00683561,0.491261,1
0.999814,0.017424,0.0069675,0,0.0173528,-0.999788,0.0101465,0,0.00714296,-0.0100239,-0.999924,0,0.309851,0.00690142,0.491305,1
0.999811,0.0175927,0.00704023,0,0.0175201,-0.999784,0.0102404,0,0.00721901,-0.0101153,-0.999923,0,0.309879,0.0069668,0.491349,1
0.999808,0.0177531,0.00710853,0,0.0176792,-0.999781,0.0103338,0,0.00729057,-0.0102063,-0.999921,0,0.309905,0.00703176,0.491392,1
0.999804,0.0179236,0.00716902,0,0.0178484,-0.999777,0.0104304,0,0.00735451,-0.0103006,-0.99992,0,0.309932,0.00710129,0.491433,1
0.999801,0.0180869,0.00723008,0,0.0180102,-0.999773,0.0105301,0,0.00741904,-0.010398,-0.999918,0,0.309958,0.00716871,0.491473,1
0.999797,0.0182427,0.00730354,0,0.0181647,-0.999769,0.0106166,0,0.00749568,-0.010482,-0.999917,0,0.309985,0.00723204,0.491519,1
0.999794,0.0184137,0.00736464,0,0.0183343,-0.999765,0.0107111,0,0.00756029,-0.0105741,-0.999916,0,0.310013,0.00729994,0.49156,1
0.99979,0.0185764,0.00743938,0,0.0184955,-0.999761,0.0108041,0,0.00763845,-0.0106644,-0.999914,0,0.31004,0.0073654,0.491605,1
0.999787,0.0187398,0.00750656,0,0.0186574,-0.999757,0.0109015,0,0.00770917,-0.0107593,-0.999912,0,0.310067,0.00743349,0.49165,1
0.999783,0.0189133,0.00757105,0,0.0188294,-0.999753,0.0109965,0,0.00777731,-0.0108518,-0.999911,0,0.310093,0.00750264,0.491691,1
0.999779,0.0190897,0.00764012,0,0.0190043,-0.999748,0.0110961,0,0.00785016,-0.0109486,-0.999909,0,0.31012,0.00757452,0.491735,1
0.999775,0.0192628,0.00771376,0,0.0191758,-0.999744,0.0111893,0,0.00792748,-0.0110391,-0.999908,0,0.310147,0.00764244,0.491782,1
0.999771,0.0194318,0.00778084,0,0.0193434,-0.99974,0.0112838,0,0.00799823,-0.0111309,-0.999906,0,0.310174,0.00771001,0.491826,1
0.999767,0.0196048,0.00785749,0,0.0195148,-0.999735,0.0113782,0,0.00807863,-0.0112224,-0.999904,0,0.310203,0.00778204,0.491873,1
0.999763,0.0197764,0.00791813,0,0.0196849,-0.999731,0.011477,0,0.00814313,-0.0113187,-0.999903,0,0.31023,0.00785108,0.491914,1
0.999759,0.0199513,0.00798373,0,0.0198581,-0.999726,0.0115827,0,0.00821279,-0.0114216,-0.999901,0,0.310258,0.00792298,0.491956,1
0.999755,0.020125,0.00805664,0,0.0200302,-0.999722,0.0116796,0,0.0082896,-0.0115156,-0.999899,0,0.310286,0.00799187,0.492002,1
0.999751,0.0202974,0.00811757,0,0.020201,-0.999717,0.0117785,0,0.0083545,-0.0116118,-0.999898,0,0.310314,0.00806065,0.492043,1
0.999747,0.0204741,0.00818558,0,0.0203761,-0.999712,0.0118781,0,0.00842657,-0.0117085,-0.999896,0,0.310341,0.00813159,0.492087,1
0.999743,0.020651,0.00825366,0,0.0205514,-0.999707,0.0119756,0,0.00849872,-0.0118031,-0.999894,0,0.310369,0.0082029,0.492132,1
0.999739,0.0208269,0.00831318,0,0.0207257,-0.999703,0.0120778,0,0.00856242,-0.0119026,-0.999893,0,0.310396,0.00827554,0.492173,1
0.999735,0.0210055,0.00837771,0,0.0209026,-0.999698,0.0121828,0,0.00863125,-0.0120047,-0.999891,0,0.310425,0.00834816,0.492216,1
0.99973,0.0211895,0.00845115,0,0.0210848,-0.999693,0.0122823,0,0.00870897,-0.012101,-0.999889,0,0.310452,0.00842207,0.492262,1
0.999726,0.0213724,0.00852604,0,0.0212659,-0.999688,0.0123847,0,0.00878823,-0.0122002,-0.999887,0,0.310481,0.00849507,0.492309,1
0.999721,0.0215537,0.00860795,0,0.0214454,-0.999682,0.0124857,0,0.0088745,-0.0122979,-0.999885,0,0.310509,0.00856712,0.492359,1
0.999717,0.0217355,0.0086694,0,0.0216255,-0.999677,0.0125887,0,0.0089404,-0.0123979,-0.999883,0,0.310537,0.00864084,0.492402,1
0.999712,0.0219261,0.00873574,0,0.0218143,-0.999672,0.0126957,0,0.00901141,-0.0125018,-0.999881,0,0.310564,0.0087182,0.492446,1
0.999707,0.0221043,0.00879904,0,0.0219907,-0.999667,0.0127997,0,0.00907921,-0.0126027,-0.999879,0,0.310592,0.00879056,0.492488,1
0.999703,0.0222855,0.00886356,0,0.0221702,-0.999661,0.0129027,0,0.00914828,-0.0127026,-0.999877,0,0.310621,0.00886363,0.492531,1
0.999698,0.0224695,0.00893815,0,0.0223522,-0.999656,0.0130064,0,0.0092275,-0.0128029,-0.999875,0,0.31065,0.00893779,0.492578,1
0.999693,0.0226493,0.00901601,0,0.0225301,-0.999651,0.0131064,0,0.00930989,-0.0128995,-0.999873,0,0.310678,0.00901151,0.492627,1
0.999688,0.0228358,0.00908446,0,0.0227148,-0.999645,0.0132129,0,0.00938315,-0.0130027,-0.999871,0,0.310706,0.009087,0.492672,1
0.999683,0.0230348,0.0091438,0,0.0229119,-0.999639,0.0133239,0,0.00944759,-0.0131104,-0.999869,0,0.310735,0.0091684,0.492713,1
0.999678,0.023221,0.00922148,0,0.0230961,-0.999633,0.0134297,0,0.00953013,-0.0132126,-0.999867,0,0.310763,0.00924323,0.492762,1
0.999673,0.0234159,0.00930097,0,0.0232889,-0.999628,0.0135359,0,0.00961465,-0.0133151,-0.999865,0,0.310791,0.00932018,0.492813,1
0.999668,0.0236095,0.00937796,0,0.0234805,-0.999622,0.0136413,0,0.00969666,-0.0134168,-0.999863,0,0.31082,0.00939773,0.492862,1
0.999662,0.0238024,0.00944892,0,0.0236713,-0.999616,0.0137508,0,0.00977278,-0.0135228,-0.999861,0,0.31085,0.00947692,0.492909,1
0.999657,0.023999,0.00951362,0,0.023866,-0.999609,0.0138578,0,0.00984267,-0.0136263,-0.999859,0,0.310879,0.0095561,0.492952,1
0.999652,0.0241865,0.00958324,0,0.0240514,-0.999603,0.0139741,0,0.00991761,-0.013739,-0.999856,0,0.310908,0.00963418,0.492998,1
0.999647,0.0243728,0.00965463,0,0.0242357,-0.999597,0.0140797,0,0.0099941,-0.013841,-0.999854,0,0.310939,0.00971013,0.493043,1
0.999641,0.0245707,0.00973629,0,0.0244313,-0.999591,0.0141884,0,0.0100811,-0.0139457,-0.999852,0,0.310968,0.00978877,0.493095,1
0.999636,0.0247623,0.00980331,0,0.0246209,-0.999585,0.0142946,0,0.0101534,-0.0140483,-0.99985,0,0.310998,0.00986707,0.49314,1
0.99963,0.0249633,0.00988102,0,0.0248196,-0.999578,0.0144099,0,0.0102368,-0.0141596,-0.999847,0,0.311027,0.009949,0.493189,1
0.999624,0.0251615,0.00994852,0,0.0250156,-0.999572,0.0145217,0,0.0103098,-0.0142677,-0.999845,0,0.311056,0.0100312,0.493234,1
0.999618,0.025361,0.0100238,0,0.025213,-0.999565,0.0146334,0,0.0103907,-0.0143754,-0.999843,0,0.311087,0.0101107,0.493284,1
0.999613,0.0255622,0.0101003,0,0.0254119,-0.999559,0.0147398,0,0.0104728,-0.0144777,-0.99984,0,0.311116,0.0101919,0.493333,1
0.999606,0.025769,0.0101896,0,0.0256162,-0.999552,0.014852,0,0.0105679,-0.0145854,-0.999838,0,0.311146,0.0102734,0.493387,1
0.9996,0.0259681,0.0102605,0,0.0258131,-0.999545,0.0149631,0,0.0106446,-0.0146925,-0.999835,0,0.311175,0.0103547,0.493436,1
0.999594,0.0261685,0.0103353,0,0.0260112,-0.999538,0.0150769,0,0.0107253,-0.0148023,-0.999833,0,0.311206,0.0104365,0.493484,1
0.999589,0.0263652,0.0104127,0,0.0262055,-0.999532,0.01519,0,0.0108085,-0.0149112,-0.99983,0,0.311236,0.010517,0.493534,1
0.999582,0.026569,0.0104905,0,0.0264069,-0.999524,0.0153042,0,0.0108923,-0.015021,-0.999828,0,0.311266,0.0105984,0.493582,1
0.999576,0.026762,0.0105671,0,0.0265974,-0.999518,0.0154172,0,0.0109748,-0.0151299,-0.999825,0,0.311298,0.0106783,0.493633,1
0.99957,0.026969,0.0106394,0,0.026802,-0.99951,0.0155334,0,0.0110534,-0.0152419,-0.999823,0,0.311328,0.0107627,0.493681,1
0.999564,0.0271722,0.0107205,0,0.0270028,-0.999503,0.0156483,0,0.0111406,-0.0153523,-0.99982,0,0.311359,0.0108453,0.493732,1
0.999557,0.0273732,0.0107973,0,0.0272012,-0.999496,0.0157636,0,0.0112236,-0.0154632,-0.999817,0,0.31139,0.010928,0.493781,1
0.999551,0.0275818,0.0108864,0,0.0274071,-0.999489,0.015877,0,0.011319,-0.0155718,-0.999815,0,0.311421,0.0110125,0.493837,1
0.999544,0.0277852,0.0109742,0,0.0276079,-0.999481,0.0159865,0,0.0114129,-0.0156765,-0.999812,0,0.311452,0.0110952,0.493892,1
0.999537,0.0280005,0.0110587,0,0.0278205,-0.999474,0.0161079,0,0.0115042,-0.0157931,-0.999809,0,0.311483,0.011182,0.493946,1
0.999531,0.0282032,0.011131,0,0.0280207,-0.999466,0.0162234,0,0.0115829,-0.0159042,-0.999806,0,0.311514,0.0112637,0.493993,1
0.999524,0.0284096,0.0112013,0,0.0282246,-0.999458,0.0163431,0,0.0116597,-0.0160195,-0.999804,0,0.311546,0.0113466,0.494041,1
0.999517,0.0286137,0.0112937,0,0.0284259,-0.999451,0.0164555,0,0.0117586,-0.0161268,-0.999801,0,0.311578,0.01143,0.494097,1
0.999511,0.0288114,0.0113729,0,0.028621,-0.999443,0.0165699,0,0.0118442,-0.0162366,-0.999798,0,0.311611,0.0115108,0.494149,1
0.999503,0.0290244,0.0114573,0,0.0288311,-0.999435,0.0166923,0,0.0119355,-0.016354,-0.999795,0,0.311641,0.0115994,0.494202,1
0.999496,0.0292305,0.0115371,0,0.0290344,-0.999427,0.0168097,0,0.0120221,-0.0164666,-0.999792,0,0.311673,0.0116836,0.494252,1
0.999489,0.029447,0.0116193,0,0.0292481,-0.999419,0.0169273,0,0.0121112,-0.0165792,-0.999789,0,0.311705,0.0117702,0.494304,1
0.999482,0.0296505,0.0117129,0,0.0294488,-0.999411,0.0170372,0,0.0122114,-0.0166837,-0.999786,0,0.311736,0.0118526,0.494362,1
0.999475,0.0298592,0.0118067,0,0.0296544,-0.999403,0.0171573,0,0.0123122,-0.0167985,-0.999783,0,0.311768,0.0119403,0.49442,1
0.999467,0.0300781,0.0118819,0,0.0298705,-0.999395,0.017277,0,0.0123946,-0.0169132,-0.99978,0,0.3118,0.012029,0.494472,1
0.99946,0.0302817,0.011954,0,0.0300715,-0.999387,0.0173891,0,0.0124735,-0.0170206,-0.999777,0,0.311832,0.012113,0.49452,1
0.999453,0.0304927,0.0120361,0,0.0302795,-0.999378,0.0175123,0,0.0125628,-0.0171386,-0.999774,0,0.311865,0.012198,0.494573,1
0.999438,0.0309171,0.0122152,0,0.0306978,-0.999361,0.0177527,0,0.0127565,-0.0173681,-0.999768,0,0.31193,0.0123702,0.494685,1
0.99943,0.0311281,0.0122966,0,0.0309058,-0.999353,0.0178734,0,0.0128452,-0.0174835,-0.999765,0,0.311962,0.0124576,0.494737,1
0.999423,0.0313359,0.0123842,0,0.0311105,-0.999344,0.0179924,0,0.0129402,-0.0175971,-0.999761,0,0.311994,0.0125414,0.494791,1
0.999414,0.0315607,0.0124897,0,0.0313319,-0.999335,0.0181112,0,0.0130532,-0.0177096,-0.999758,0,0.312028,0.0126304,0.494853,1
0.999406,0.0317694,0.0125821,0,0.0315374,-0.999327,0.0182276,0,0.0131529,-0.0178203,-0.999755,0,0.312061,0.0127184,0.494913,1
0.999398,0.0319934,0.0126693,0,0.0317583,-0.999318,0.018346,0,0.0132479,-0.0179329,-0.999751,0,0.312093,0.0128075,0.494969,1
0.99939,0.0322105,0.0127593,0,0.031972,-0.999308,0.0184715,0,0.0133457,-0.0180527,-0.999748,0,0.312127,0.0128985,0.495025,1
0.999382,0.0324223,0.012839,0,0.0321809,-0.9993,0.0185877,0,0.0134329,-0.0181634,-0.999745,0,0.312159,0.0129839,0.495077,1
0.999374,0.0326335,0.0129357,0,0.0323887,-0.999291,0.0187038,0,0.0135372,-0.0182734,-0.999741,0,0.312194,0.0130696,0.495138,1
0.999366,0.0328397,0.0130281,0,0.0325915,-0.999282,0.018823,0,0.0136371,-0.0183868,-0.999738,0,0.312227,0.013155,0.495196,1
0.999358,0.0330628,0.0131143,0,0.0328113,-0.999272,0.0189517,0,0.0137316,-0.0185095,-0.999734,0,0.31226,0.0132473,0.495251,1
0.999349,0.0332786,0.013203,0,0.0330238,-0.999263,0.0190691,0,0.0138281,-0.0186211,-0.999731,0,0.312293,0.013336,0.495307,1
0.999341,0.0334997,0.0133055,0,0.0332413,-0.999253,0.0191912,0,0.0139387,-0.0187366,-0.999727,0,0.312327,0.0134247,0.495369,1
0.999332,0.0337253,0.013401,0,0.0334633,-0.999244,0.0193106,0,0.0140424,-0.0188496,-0.999724,0,0.312361,0.0135135,0.495429,1
0.999323,0.0339469,0.0135024,0,0.0336813,-0.999234,0.0194305,0,0.014152,-0.0189629,-0.99972,0,0.312395,0.0136048,0.495491,1
0.999314,0.034166,0.0135855,0,0.033897,-0.999224,0.0195589,0,0.0142435,-0.0190853,-0.999716,0,0.312429,0.0136963,0.495546,1
0.999306,0.0343852,0.013669,0,0.0341129,-0.999215,0.0196784,0,0.0143352,-0.0191988,-0.999713,0,0.312462,0.0137866,0.4956,1
0.999297,0.0346077,0.0137663,0,0.0343317,-0.999205,0.0198041,0,0.014441,-0.0193179,-0.999709,0,0.312498,0.0138772,0.495661,1
0.999288,0.034827,0.0138604,0,0.0345474,-0.999195,0.0199271,0,0.0145436,-0.0194344,-0.999705,0,0.312532,0.0139686,0.495722,1
0.999278,0.035057,0.013949,0,0.0347738,-0.999184,0.0200536,0,0.0146409,-0.0195545,-0.999702,0,0.312565,0.0140627,0.495778,1
0.999269,0.0352797,0.0140468,0,0.0349928,-0.999174,0.0201765,0,0.0147473,-0.0196706,-0.999698,0,0.312598,0.0141533,0.495838,1
0.99926,0.0355084,0.0141478,0,0.0352176,-0.999164,0.0202983,0,0.014857,-0.0197854,-0.999694,0,0.312632,0.0142465,0.495899,1
0.99925,0.0357379,0.0142503,0,0.0354432,-0.999153,0.0204241,0,0.0149684,-0.0199041,-0.99969,0,0.312667,0.0143401,0.495963,1
0.99924,0.0359768,0.0143396,0,0.0356783,-0.999142,0.0205511,0,0.0150669,-0.0200243,-0.999686,0,0.312702,0.0144351,0.49602,1
0.99923,0.0362067,0.0144317,0,0.0359046,-0.999132,0.0206746,0,0.015168,-0.0201409,-0.999682,0,0.312737,0.0145297,0.496079,1
0.999221,0.0364342,0.0145247,0,0.0361281,-0.999121,0.0208039,0,0.0152702,-0.0202633,-0.999678,0,0.312773,0.0146226,0.496139,1
0.999211,0.0366578,0.0146173,0,0.0363479,-0.99911,0.0209295,0,0.0153718,-0.0203821,-0.999674,0,0.312808,0.0147142,0.496199,1
0.999201,0.0368903,0.0147165,0,0.0365764,-0.999099,0.0210583,0,0.0154804,-0.0205036,-0.99967,0,0.312842,0.0148101,0.496261,1
0.999192,0.0371155,0.0148044,0,0.0367978,-0.999088,0.0211861,0,0.0155775,-0.0206246,-0.999666,0,0.312877,0.0149041,0.496317,1
0.999181,0.0373539,0.0149165,0,0.0370318,-0.999077,0.0213162,0,0.0156993,-0.0207467,-0.999661,0,0.312911,0.0150005,0.496383,1
0.999171,0.0375793,0.0150199,0,0.0372531,-0.999066,0.0214358,0,0.0158117,-0.0208589,-0.999657,0,0.312947,0.0150943,0.496447,1
0.999161,0.0378107,0.0151142,0,0.0374806,-0.999055,0.0215603,0,0.0159154,-0.0209761,-0.999653,0,0.312981,0.0151884,0.496508,1
0.99915,0.0380537,0.0152001,0,0.0377196,-0.999043,0.0216932,0,0.0160114,-0.0211018,-0.999649,0,0.313016,0.0152874,0.496565,1
0.99914,0.0382896,0.0152916,0,0.0379515,-0.999032,0.0218232,0,0.0161127,-0.0212245,-0.999645,0,0.313052,0.015384,0.496624,1
0.99913,0.0385224,0.0153878,0,0.03818,-0.99902,0.0219557,0,0.0162189,-0.0213495,-0.999641,0,0.313088,0.0154793,0.496686,1
0.999119,0.0387633,0.0154872,0,0.0384167,-0.999008,0.0220808,0,0.0163281,-0.0214668,-0.999636,0,0.313125,0.0155748,0.496749,1
0.999108,0.0389995,0.0155762,0,0.0386488,-0.998996,0.0222146,0,0.0164272,-0.0215932,-0.999632,0,0.313158,0.0156729,0.496807,1
0.999097,0.0392361,0.0156773,0,0.038881,-0.998984,0.0223512,0,0.0165386,-0.0217219,-0.999627,0,0.313193,0.015771,0.496869,1
0.999086,0.0394796,0.0157797,0,0.03912,-0.998972,0.0224785,0,0.0166512,-0.021841,-0.999623,0,0.313229,0.0158706,0.496933,1
0.999075,0.0397202,0.0158867,0,0.0393561,-0.99896,0.0226136,0,0.0167687,-0.0219679,-0.999618,0,0.313265,0.0159696,0.496999,1
0.999064,0.0399668,0.0159811,0,0.0395983,-0.998947,0.022743,0,0.0168736,-0.0220893,-0.999614,0,0.313302,0.0160713,0.497061,1
0.999052,0.0402159,0.0160748,0,0.039843,-0.998934,0.0228815,0,0.0169782,-0.0222198,-0.999609,0,0.313337,0.0161738,0.497122,1
0.99904,0.0404672,0.0161706,0,0.0400899,-0.998921,0.0230126,0,0.0170847,-0.0223426,-0.999604,0,0.313375,0.0162762,0.497184,1
0.999029,0.0407067,0.0162702,0,0.0403248,-0.998909,0.0231487,0,0.0171951,-0.0224706,-0.9996,0,0.313411,0.016375,0.497247,1
0.999018,0.0409484,0.0163687,0,0.0405619,-0.998896,0.0232842,0,0.0173044,-0.0225978,-0.999595,0,0.313448,0.0164738,0.49731,1
0.999006,0.0412025,0.0164646,0,0.0408113,-0.998883,0.0234279,0,0.0174119,-0.0227331,-0.99959,0,0.313484,0.0165799,0.497371,1
0.998994,0.0414444,0.0165653,0,0.0410486,-0.99887,0.0235579,0,0.0175232,-0.0228547,-0.999585,0,0.31352,0.01668,0.497434,1
0.998981,0.0416992,0.0166767,0,0.0412984,-0.998856,0.0236952,0,0.0176461,-0.0229828,-0.99958,0,0.313557,0.0167836,0.497502,1
0.998969,0.0419518,0.0167754,0,0.0415464,-0.998843,0.0238266,0,0.0177559,-0.0231055,-0.999575,0,0.313592,0.0168868,0.497565,1
0.998957,0.0422125,0.0168626,0,0.0418025,-0.998829,0.0239683,0,0.017855,-0.0232389,-0.99957,0,0.313627,0.0169942,0.497624,1
0.998944,0.0424729,0.0169661,0,0.0420579,-0.998815,0.0241116,0,0.0179705,-0.023373,-0.999565,0,0.313666,0.0171003,0.497689,1
0.998931,0.0427342,0.0170605,0,0.0423145,-0.9988,0.0242463,0,0.0180765,-0.023499,-0.99956,0,0.313704,0.0172052,0.497752,1
0.998919,0.0429826,0.017154,0,0.0425581,-0.998787,0.0243872,0,0.0181818,-0.0236313,-0.999555,0,0.313741,0.0173096,0.497813,1
0.998906,0.0432461,0.0172583,0,0.0428164,-0.998772,0.0245353,0,0.0182985,-0.02377,-0.99955,0,0.313777,0.0174174,0.497879,1
0.998893,0.0434978,0.0173688,0,0.0430629,-0.998758,0.0246777,0,0.0184211,-0.0239029,-0.999545,0,0.313813,0.0175233,0.497946,1
0.99888,0.0437615,0.0174753,0,0.0433213,-0.998743,0.0248202,0,0.0185399,-0.0240358,-0.999539,0,0.31385,0.0176312,0.498012,1
0.998866,0.0440283,0.0175689,0,0.0435832,-0.998728,0.0249609,0,0.0186459,-0.0241673,-0.999534,0,0.313886,0.0177401,0.498072,1
0.998853,0.0442894,0.0176637,0,0.0438393,-0.998713,0.0251048,0,0.0187532,-0.0243021,-0.999529,0,0.313922,0.017849,0.498134,1
0.998839,0.0445587,0.0177549,0,0.0441035,-0.998698,0.0252502,0,0.0188572,-0.0244384,-0.999523,0,0.313961,0.0179587,0.498196,1
0.998826,0.0448232,0.0178532,0,0.044363,-0.998683,0.0253899,0,0.0189681,-0.0245685,-0.999518,0,0.313999,0.0180658,0.498259,1
0.998812,0.0450892,0.0179446,0,0.044624,-0.998668,0.0255324,0,0.0190723,-0.0247018,-0.999513,0,0.314036,0.0181747,0.498321,1
0.998799,0.0453498,0.0180392,0,0.0448794,-0.998653,0.0256784,0,0.0191797,-0.0248384,-0.999507,0,0.314072,0.0182836,0.498383,1
0.998784,0.0456212,0.0181464,0,0.0451453,-0.998637,0.0258228,0,0.0193001,-0.0249727,-0.999502,0,0.314109,0.0183948,0.498449,1
0.99877,0.0458885,0.018249,0,0.0454072,-0.998621,0.0259686,0,0.0194159,-0.0251085,-0.999496,0,0.314146,0.0185047,0.498515,1
0.998756,0.0461611,0.0183412,0,0.0456747,-0.998605,0.0261111,0,0.0195213,-0.0252414,-0.999491,0,0.314182,0.0186176,0.498576,1
0.998742,0.0464342,0.0184367,0,0.0459424,-0.998589,0.0262598,0,0.0196304,-0.0253803,-0.999485,0,0.314219,0.018731,0.498638,1
0.998727,0.0467171,0.0185353,0,0.0462197,-0.998572,0.0264097,0,0.019743,-0.0255198,-0.999479,0,0.314258,0.0188447,0.498703,1
0.998712,0.0469789,0.0186337,0,0.0464761,-0.998557,0.0265524,0,0.0198546,-0.0256527,-0.999474,0,0.314298,0.0189534,0.498768,1
0.998698,0.0472494,0.018731,0,0.0467412,-0.99854,0.0267028,0,0.0199657,-0.0257931,-0.999468,0,0.314334,0.0190659,0.498831,1
0.998683,0.0475249,0.0188222,0,0.0470113,-0.998524,0.0268519,0,0.0200709,-0.0259321,-0.999462,0,0.314372,0.019179,0.498892,1
0.998668,0.0478057,0.018934,0,0.0472861,-0.998507,0.0270034,0,0.0201971,-0.0260726,-0.999456,0,0.314409,0.0192945,0.498962,1
0.998652,0.0480806,0.019044,0,0.0475551,-0.99849,0.0271476,0,0.0203209,-0.0262058,-0.99945,0,0.314447,0.0194074,0.499031,1
0.998637,0.0483647,0.0191417,0,0.0478335,-0.998473,0.0272995,0,0.0204331,-0.0263472,-0.999444,0,0.314484,0.0195249,0.499094,1
0.998621,0.0486473,0.019236,0,0.0481106,-0.998455,0.0274456,0,0.0205418,-0.0264828,-0.999438,0,0.314522,0.0196399,0.499158,1
0.998605,0.0489282,0.0193428,0,0.0483855,-0.998438,0.0275917,0,0.020663,-0.0266178,-0.999432,0,0.314562,0.019755,0.499227,1
0.99859,0.0492029,0.0194437,0,0.0486545,-0.998421,0.0277373,0,0.0207782,-0.0267527,-0.999426,0,0.314601,0.0198683,0.499293,1
0.998574,0.0494877,0.0195336,0,0.0489336,-0.998403,0.0278933,0,0.0208832,-0.0268982,-0.99942,0,0.314639,0.0199855,0.499355,1
0.998558,0.0497648,0.0196446,0,0.0492045,-0.998385,0.0280438,0,0.0210088,-0.0270373,-0.999414,0,0.314676,0.0201005,0.499424,1
0.998542,0.0500464,0.0197604,0,0.0494798,-0.998368,0.0281869,0,0.0211392,-0.0271686,-0.999407,0,0.314715,0.0202149,0.499496,1
0.998525,0.0503322,0.0198592,0,0.0497598,-0.99835,0.0283356,0,0.021253,-0.0273062,-0.999401,0,0.314753,0.0203334,0.499561,1
0.998509,0.0506269,0.0199587,0,0.0500483,-0.998331,0.0284923,0,0.0213683,-0.0274514,-0.999395,0,0.31479,0.0204556,0.499625,1
0.998492,0.0509047,0.0200619,0,0.0503201,-0.998313,0.0286384,0,0.0214863,-0.0275862,-0.999388,0,0.314831,0.0205691,0.499693,1
0.998476,0.051191,0.0201638,0,0.0506002,-0.998294,0.0287916,0,0.0216037,-0.027728,-0.999382,0,0.31487,0.0206875,0.49976,1
0.998459,0.0514718,0.0202644,0,0.050875,-0.998276,0.0289407,0,0.0217195,-0.0278656,-0.999376,0,0.314908,0.0208048,0.499827,1
0.998441,0.0517714,0.0203738,0,0.0511681,-0.998256,0.0290967,0,0.0218451,-0.0280094,-0.999369,0,0.314946,0.020928,0.499896,1
0.998424,0.0520564,0.0204848,0,0.0514466,-0.998238,0.0292467,0,0.0219716,-0.0281473,-0.999362,0,0.314984,0.0210455,0.499966,1
0.998407,0.0523511,0.0205909,0,0.0517349,-0.998218,0.0293993,0,0.0220937,-0.0282877,-0.999356,0,0.315023,0.0211649,0.500034,1
0.998389,0.0526468,0.0206839,0,0.0520244,-0.998199,0.0295542,0,0.022203,-0.0284311,-0.999349,0,0.315062,0.0212876,0.500097,1
0.998372,0.0529331,0.0207831,0,0.0523045,-0.99818,0.0297048,0,0.0223181,-0.0285699,-0.999343,0,0.315101,0.0214079,0.500162,1
0.998354,0.053224,0.020892,0,0.0525888,-0.99816,0.0298606,0,0.0224433,-0.0287133,-0.999336,0,0.315142,0.0215253,0.500233,1
0.998337,0.0535075,0.0209943,0,0.0528658,-0.998141,0.0300136,0,0.0225616,-0.0288544,-0.999329,0,0.315179,0.0216437,0.5003,1
0.998319,0.0538019,0.0210855,0,0.0531539,-0.998121,0.0301735,0,0.0226697,-0.0290026,-0.999322,0,0.315217,0.0217663,0.500361,1
0.998301,0.0540943,0.0212044,0,0.0534393,-0.998101,0.0303264,0,0.022805,-0.0291423,-0.999315,0,0.315257,0.021887,0.500435,1
0.998282,0.0543949,0.021308,0,0.0537333,-0.99808,0.0304832,0,0.0229257,-0.0292865,-0.999308,0,0.315295,0.0220082,0.500503,1
0.998264,0.0546941,0.0214021,0,0.0540261,-0.99806,0.0306394,0,0.0230368,-0.0294306,-0.999301,0,0.315333,0.0221348,0.500566,1
0.998246,0.0549977,0.0214925,0,0.0543232,-0.998039,0.0307959,0,0.0231445,-0.0295749,-0.999295,0,0.315371,0.0222584,0.500629,1
0.998227,0.0552827,0.0216016,0,0.0546015,-0.998019,0.0309466,0,0.02327,-0.0297129,-0.999288,0,0.315411,0.0223773,0.500699,1
0.998209,0.0555785,0.0216985,0,0.0548907,-0.997998,0.0311021,0,0.0233841,-0.0298559,-0.999281,0,0.315448,0.0224982,0.500765,1
0.99819,0.0558758,0.0217964,0,0.0551811,-0.997977,0.0312666,0,0.0234998,-0.0300079,-0.999273,0,0.315485,0.0226211,0.500831,1
0.99817,0.0561864,0.0219002,0,0.0554847,-0.997955,0.0314287,0,0.0236218,-0.0301566,-0.999266,0,0.315524,0.0227492,0.500899,1
0.998151,0.0564819,0.0220056,0,0.0557734,-0.997934,0.031579,0,0.0237442,-0.0302939,-0.999259,0,0.315562,0.0228725,0.500968,1
0.998132,0.0567891,0.0220994,0,0.0560738,-0.997912,0.0317404,0,0.0238562,-0.0304425,-0.999252,0,0.315599,0.0229989,0.501033,1
0.998113,0.0570873,0.0222028,0,0.056365,-0.997891,0.0318991,0,0.0239775,-0.030588,-0.999244,0,0.315638,0.0231238,0.5011,1
0.998093,0.0573931,0.0223043,0,0.0566637,-0.997869,0.0320642,0,0.0240975,-0.0307398,-0.999237,0,0.315678,0.0232477,0.501168,1
0.998033,0.0582992,0.0226222,0,0.0575478,-0.997802,0.0325547,0,0.0244709,-0.0311894,-0.999214,0,0.315792,0.023626,0.501373,1
0.998012,0.0586115,0.0227387,0,0.0578525,-0.997779,0.0327155,0,0.0246062,-0.0313356,-0.999206,0,0.315831,0.0237536,0.501446,1
0.997992,0.0589176,0.0228331,0,0.0581515,-0.997757,0.0328744,0,0.0247193,-0.0314813,-0.999199,0,0.31587,0.0238824,0.50151,1
0.997972,0.0592195,0.0229317,0,0.0584462,-0.997734,0.0330374,0,0.0248367,-0.0316307,-0.999191,0,0.315909,0.0240086,0.501577,1
0.997951,0.0595251,0.0230445,0,0.0587443,-0.997711,0.0331954,0,0.0249682,-0.0317743,-0.999183,0,0.315949,0.0241341,0.501649,1
0.99793,0.0598311,0.023146,0,0.0590428,-0.997688,0.0333581,0,0.0250889,-0.0319231,-0.999175,0,0.315989,0.0242618,0.501717,1
0.99791,0.0601384,0.0232449,0,0.0593427,-0.997665,0.0335268,0,0.0252074,-0.0320779,-0.999167,0,0.316027,0.0243918,0.501784,1
0.997888,0.0604473,0.0233585,0,0.0596439,-0.997642,0.0336838,0,0.02534,-0.0322201,-0.99916,0,0.316065,0.0245177,0.501856,1
0.997866,0.0607614,0.0234789,0,0.0599498,-0.997618,0.0338475,0,0.0254801,-0.0323683,-0.999151,0,0.316106,0.0246462,0.501931,1
0.997845,0.0610674,0.0235884,0,0.060248,-0.997594,0.0340102,0,0.0256091,-0.0325164,-0.999143,0,0.316146,0.0247761,0.502001,1
0.997825,0.0613703,0.0236769,0,0.0605437,-0.997571,0.0341761,0,0.0257173,-0.0326689,-0.999135,0,0.316185,0.0249031,0.502065,1
0.997803,0.0616796,0.0237921,0,0.060845,-0.997547,0.0343364,0,0.0258521,-0.032814,-0.999127,0,0.316226,0.0250313,0.502139,1
0.997782,0.0619784,0.0239052,0,0.0611357,-0.997523,0.0345062,0,0.0259851,-0.0329688,-0.999119,0,0.316266,0.0251586,0.502211,1
0.99776,0.0622878,0.0240141,0,0.0614369,-0.997499,0.0346772,0,0.0261145,-0.0331248,-0.99911,0,0.316306,0.0252878,0.502283,1
0.997737,0.0626028,0.0241356,0,0.0617434,-0.997474,0.0348464,0,0.0262566,-0.033278,-0.999101,0,0.316346,0.025417,0.502357,1
0.997715,0.0629112,0.0242551,0,0.0620434,-0.99745,0.0350083,0,0.0263961,-0.0334241,-0.999093,0,0.316386,0.0255462,0.502434,1
0.997692,0.0632246,0.0243601,0,0.0623488,-0.997425,0.0351733,0,0.0265217,-0.033574,-0.999084,0,0.316427,0.0256773,0.502505,1
0.99767,0.0635278,0.0244664,0,0.0626442,-0.997401,0.03533,0,0.0266478,-0.0337157,-0.999076,0,0.316467,0.0258019,0.502573,1
0.997648,0.0638264,0.0245927,0,0.0629341,-0.997377,0.035491,0,0.026794,-0.0338605,-0.999067,0,0.316509,0.0259287,0.502651,1
0.997626,0.064131,0.0247108,0,0.0632302,-0.997352,0.0356569,0,0.0269326,-0.0340105,-0.999059,0,0.31655,0.0260564,0.502727,1
0.997603,0.064438,0.024827,0,0.0635288,-0.997327,0.0358199,0,0.0270693,-0.0341575,-0.99905,0,0.316589,0.0261837,0.502801,1
0.99758,0.0647419,0.0249557,0,0.0638239,-0.997303,0.0359749,0,0.027218,-0.0342957,-0.999041,0,0.316629,0.0263106,0.50288,1
0.997557,0.0650563,0.0250762,0,0.0641296,-0.997277,0.0361416,0,0.0273597,-0.0344458,-0.999032,0,0.31667,0.0264409,0.502957,1
0.997535,0.0653548,0.025185,0,0.0644199,-0.997253,0.0363017,0,0.0274888,-0.0345905,-0.999023,0,0.31671,0.0265683,0.503028,1
0.997512,0.0656526,0.0253022,0,0.0647091,-0.997228,0.0364598,0,0.0276262,-0.0347325,-0.999015,0,0.316752,0.0266933,0.503104,1
0.997489,0.0659597,0.0254186,0,0.0650076,-0.997203,0.0366219,0,0.0277636,-0.0348782,-0.999006,0,0.316792,0.0268208,0.503179,1
0.997466,0.0662587,0.0255407,0,0.0652975,-0.997178,0.0367924,0,0.0279069,-0.0350321,-0.998996,0,0.316834,0.0269475,0.503257,1
0.997442,0.0665667,0.0256621,0,0.0655967,-0.997152,0.0369496,0,0.0280492,-0.0351724,-0.998988,0,0.316874,0.0270762,0.503335,1
0.997418,0.0668814,0.0257945,0,0.0659021,-0.997126,0.03711,0,0.0282029,-0.0353149,-0.998978,0,0.316915,0.0272057,0.503416,1
0.997394,0.0671904,0.0259144,0,0.0662021,-0.9971,0.0372751,0,0.0283443,-0.0354631,-0.998969,0,0.316957,0.0273352,0.503493,1
0.997371,0.0674899,0.0260301,0,0.0664929,-0.997075,0.0374333,0,0.0284809,-0.0356048,-0.99896,0,0.316999,0.027463,0.503568,1
0.997347,0.0677972,0.0261528,0,0.0667913,-0.997049,0.0375872,0,0.0286244,-0.0357414,-0.998951,0,0.317041,0.027589,0.503645,1
0.997322,0.068112,0.0262883,0,0.0670963,-0.997022,0.0377586,0,0.0287823,-0.0358943,-0.998941,0,0.317083,0.027721,0.503729,1
0.997298,0.0684147,0.0264016,0,0.0673903,-0.996996,0.0379167,0,0.0289169,-0.0360357,-0.998932,0,0.317122,0.0278487,0.503803,1
0.997273,0.0687296,0.026539,0,0.0676954,-0.99697,0.0380774,0,0.0290762,-0.0361777,-0.998922,0,0.317163,0.0279796,0.503886,1
0.997248,0.0690393,0.02666,0,0.067996,-0.996943,0.0382353,0,0.0292188,-0.036318,-0.998913,0,0.317205,0.028109,0.503963,1
0.997223,0.0693478,0.0267805,0,0.0682953,-0.996916,0.0383984,0,0.0293614,-0.0364635,-0.998904,0,0.317247,0.0282417,0.504041,1
0.997198,0.0696676,0.0269047,0,0.0686056,-0.996889,0.0385588,0,0.0295079,-0.0366057,-0.998894,0,0.317289,0.0283742,0.50412,1
0.997173,0.0699722,0.02704,0,0.0689004,-0.996862,0.038721,0,0.0296651,-0.0367492,-0.998884,0,0.317331,0.0285008,0.504203,1
0.997148,0.0702797,0.0271621,0,0.0691985,-0.996835,0.0388848,0,0.0298095,-0.036895,-0.998874,0,0.317371,0.0286324,0.504281,1
0.997122,0.0705949,0.0272951,0,0.0695039,-0.996808,0.0390427,0,0.0299648,-0.0370339,-0.998865,0,0.317411,0.0287637,0.504363,1
0.997096,0.0709058,0.0274268,0,0.069805,-0.99678,0.0392031,0,0.0301188,-0.0371754,-0.998855,0,0.317454,0.0288918,0.504445,1
0.99707,0.0712305,0.0275472,0,0.0701201,-0.996752,0.0393692,0,0.0302626,-0.0373229,-0.998845,0,0.317496,0.0290293,0.504522,1
0.997044,0.0715475,0.0276631,0,0.0704277,-0.996724,0.0395327,0,0.0304015,-0.0374683,-0.998835,0,0.317537,0.029161,0.504598,1
0.997018,0.071861,0.0277963,0,0.0707312,-0.996696,0.0396916,0,0.0305573,-0.0376079,-0.998825,0,0.317581,0.0292909,0.504682,1
0.996991,0.072182,0.0279224,0,0.0710424,-0.996667,0.0398563,0,0.0307068,-0.0377534,-0.998815,0,0.317622,0.0294261,0.504762,1
0.996965,0.0724968,0.0280344,0,0.0713474,-0.996638,0.0400287,0,0.0308427,-0.0379078,-0.998805,0,0.317664,0.029559,0.504837,1
0.996937,0.0728206,0.0281838,0,0.0716601,-0.996609,0.0402005,0,0.0310163,-0.0380585,-0.998794,0,0.317706,0.0296948,0.504926,1
0.99691,0.0731397,0.0283066,0,0.0719696,-0.99658,0.0403578,0,0.0311621,-0.0381966,-0.998784,0,0.317748,0.029829,0.505005,1
0.996883,0.0734706,0.0284256,0,0.0722904,-0.99655,0.0405325,0,0.0313061,-0.038352,-0.998774,0,0.317788,0.0299681,0.505083,1
0.996855,0.0737938,0.0285512,0,0.0726033,-0.99652,0.0407017,0,0.031456,-0.0385015,-0.998763,0,0.317833,0.0301038,0.505165,1
0.996828,0.0741106,0.0286808,0,0.0729099,-0.996492,0.0408604,0,0.031609,-0.0386404,-0.998753,0,0.317874,0.0302373,0.505245,1
0.9968,0.0744381,0.0287944,0,0.0732274,-0.996461,0.0410368,0,0.0317478,-0.0387977,-0.998743,0,0.317915,0.0303763,0.50532,1
0.996771,0.0747683,0.0289352,0,0.0735465,-0.99643,0.0412078,0,0.0319136,-0.0389474,-0.998732,0,0.317958,0.0305137,0.505408,1
0.996744,0.0750921,0.0290557,0,0.0738603,-0.996401,0.0413687,0,0.0320582,-0.0390887,-0.998721,0,0.318,0.03065,0.505486,1
0.996714,0.0754402,0.0291722,0,0.0741981,-0.996368,0.0415429,0,0.0322009,-0.0392426,-0.998711,0,0.318042,0.0307944,0.505563,1
0.996685,0.0757698,0.0293007,0,0.0745171,-0.996337,0.0417131,0,0.0323546,-0.0393922,-0.9987,0,0.318083,0.0309349,0.505645,1
0.996656,0.0760998,0.0294257,0,0.0748366,-0.996306,0.0418793,0,0.0325047,-0.0395379,-0.998689,0,0.318127,0.0310746,0.505726,1
0.996627,0.07643,0.0295615,0,0.0751559,-0.996275,0.0420456,0,0.0326656,-0.0396828,-0.998678,0,0.318168,0.0312124,0.50581,1
0.996597,0.076761,0.0296986,0,0.0754756,-0.996244,0.0422208,0,0.0328286,-0.0398364,-0.998667,0,0.31821,0.0313538,0.505895,1
0.996568,0.0770975,0.0298278,0,0.0758009,-0.996211,0.0423995,0,0.0329843,-0.0399937,-0.998655,0,0.318252,0.0314945,0.505977,1
0.996537,0.0774441,0.0299397,0,0.0761373,-0.996178,0.0425712,0,0.0331229,-0.040145,-0.998645,0,0.318294,0.0316388,0.506052,1
0.996507,0.0777816,0.0300718,0,0.0764633,-0.996146,0.0427493,0,0.0332817,-0.0403013,-0.998633,0,0.318336,0.0317806,0.506134,1
0.996477,0.0781113,0.0302016,0,0.0767818,-0.996114,0.042924,0,0.0334377,-0.0404547,-0.998622,0,0.318378,0.0319217,0.506217,1
0.996447,0.0784482,0.0303195,0,0.0771081,-0.996081,0.0430953,0,0.0335821,-0.0406051,-0.998611,0,0.318419,0.0320619,0.506294,1
0.996416,0.0787959,0.0304525,0,0.0774443,-0.996048,0.0432718,0,0.0337425,-0.0407592,-0.998599,0,0.318461,0.032208,0.506378,1
0.996385,0.0791294,0.0305825,0,0.0777664,-0.996015,0.0434498,0,0.0338995,-0.0409153,-0.998587,0,0.318502,0.0323506,0.50646,1
0.996354,0.0794793,0.030701,0,0.0781053,-0.995981,0.0436249,0,0.0340455,-0.0410688,-0.998576,0,0.318543,0.0324973,0.506539,1
0.996322,0.0798337,0.0308249,0,0.0784484,-0.995946,0.043803,0,0.0341975,-0.0412245,-0.998565,0,0.318584,0.0326451,0.506618,1
0.99629,0.0801708,0.0309665,0,0.0787735,-0.995912,0.0439758,0,0.0343662,-0.0413741,-0.998553,0,0.318626,0.0327892,0.506705,1
0.996259,0.0805212,0.0310723,0,0.0791132,-0.995878,0.0441554,0,0.0345003,-0.0415328,-0.998541,0,0.318667,0.0329353,0.506779,1
0.996226,0.0808705,0.0312143,0,0.0794503,-0.995843,0.0443321,0,0.0346703,-0.0416856,-0.998529,0,0.318709,0.0330826,0.506866,1
0.996194,0.0812125,0.031353,0,0.07978,-0.995808,0.0445141,0,0.0348374,-0.0418441,-0.998517,0,0.31875,0.0332289,0.506953,1
0.996161,0.08157,0.0314701,0,0.0801262,-0.995772,0.044697,0,0.0349837,-0.0420046,-0.998505,0,0.318792,0.0333805,0.50703,1
0.996127,0.0819284,0.0316072,0,0.0804724,-0.995737,0.044874,0,0.0351495,-0.0421575,-0.998492,0,0.318834,0.0335301,0.507116,1
0.996094,0.0822791,0.0317399,0,0.0808109,-0.995701,0.0450579,0,0.0353114,-0.0423178,-0.99848,0,0.318876,0.0336805,0.5072,1
0.99606,0.0826317,0.0318816,0,0.081151,-0.995665,0.0452366,0,0.035482,-0.042472,-0.998467,0,0.318917,0.0338295,0.507288,1
0.996026,0.0829955,0.0320181,0,0.0815023,-0.995628,0.0454188,0,0.0356483,-0.0426296,-0.998455,0,0.318959,0.0339823,0.507374,1
0.995991,0.0833627,0.0321564,0,0.0818568,-0.99559,0.045605,0,0.0358171,-0.0427907,-0.998442,0,0.319001,0.0341371,0.507462,1
0.995956,0.0837222,0.0322859,0,0.082204,-0.995554,0.0457862,0,0.0359764,-0.0429478,-0.998429,0,0.319042,0.0342886,0.507544,1
0.995921,0.0840972,0.0324143,0,0.0825666,-0.995515,0.0459752,0,0.036136,-0.0431122,-0.998417,0,0.319084,0.0344455,0.507628,1
0.995885,0.084459,0.0325546,0,0.0829156,-0.995478,0.046155,0,0.0363063,-0.0432667,-0.998404,0,0.319126,0.0345987,0.507715,1
0.995851,0.0848202,0.032676,0,0.0832647,-0.99544,0.0463379,0,0.0364581,-0.0434257,-0.998391,0,0.319167,0.0347518,0.507795,1
0.995814,0.0851926,0.0328185,0,0.0836236,-0.995401,0.0465335,0,0.0366325,-0.0435951,-0.998377,0,0.319209,0.0349091,0.507883,1
0.995779,0.0855535,0.0329426,0,0.0839723,-0.995363,0.0467149,0,0.0367872,-0.0437523,-0.998365,0,0.319249,0.0350617,0.507964,1
0.995743,0.0859274,0.0330685,0,0.0843335,-0.995323,0.046905,0,0.036945,-0.0439174,-0.998352,0,0.319291,0.0352208,0.508046,1
0.995706,0.0862997,0.0331982,0,0.0846928,-0.995284,0.0470948,0,0.0371066,-0.0440817,-0.998339,0,0.319332,0.0353775,0.508129,1
0.99567,0.0866717,0.0333236,0,0.0850523,-0.995244,0.0472794,0,0.0372637,-0.0442413,-0.998326,0,0.319374,0.0355342,0.508211,1
0.995633,0.0870412,0.0334489,0,0.0854092,-0.995205,0.0474651,0,0.0374207,-0.0444018,-0.998313,0,0.319414,0.0356915,0.508293,1
0.995595,0.0874211,0.0336015,0,0.0857749,-0.995164,0.0476563,0,0.0376059,-0.044565,-0.998298,0,0.319456,0.0358512,0.508385,1
0.995558,0.0877917,0.0337265,0,0.0861329,-0.995125,0.0478386,0,0.0377627,-0.044722,-0.998285,0,0.319497,0.0360081,0.508467,1
0.995519,0.0881842,0.0338419,0,0.0865126,-0.995082,0.0480334,0,0.037912,-0.0448913,-0.998272,0,0.319536,0.0361729,0.508544,1
0.995481,0.0885629,0.0339711,0,0.0868781,-0.995041,0.0482237,0,0.0380742,-0.0450553,-0.998259,0,0.319577,0.0363319,0.508627,1
0.995443,0.0889436,0.0341002,0,0.0872456,-0.995,0.0484118,0,0.0382364,-0.045217,-0.998245,0,0.319618,0.0364921,0.50871,1
0.995405,0.0893273,0.0342226,0,0.0876161,-0.994958,0.0486072,0,0.0383928,-0.0453862,-0.998231,0,0.319658,0.036654,0.508791,1
0.995366,0.0897025,0.0343585,0,0.0879776,-0.994917,0.0487973,0,0.0385618,-0.0455493,-0.998218,0,0.319699,0.0368142,0.508878,1
0.995327,0.0900934,0.034479,0,0.0883552,-0.994874,0.0489926,0,0.0387169,-0.0457181,-0.998204,0,0.319738,0.0369794,0.508958,1
0.995287,0.0904874,0.0345923,0,0.0887364,-0.99483,0.0491849,0,0.0388649,-0.0458844,-0.99819,0,0.319778,0.0371465,0.509035,1
0.995247,0.0908743,0.0347241,0,0.0891096,-0.994788,0.0493749,0,0.0390307,-0.0460468,-0.998176,0,0.319818,0.0373101,0.509119,1
0.995208,0.0912558,0.0348514,0,0.0894772,-0.994745,0.0495771,0,0.0391932,-0.046222,-0.998162,0,0.319858,0.037472,0.509202,1
0.995168,0.0916491,0.0349616,0,0.0898574,-0.9947,0.0497734,0,0.0393388,-0.0463922,-0.998148,0,0.319897,0.0376379,0.509278,1
0.995127,0.0920363,0.035098,0,0.0902306,-0.994657,0.0499638,0,0.0395097,-0.0465544,-0.998134,0,0.319937,0.0378024,0.509366,1
0.995086,0.0924307,0.0352166,0,0.0906115,-0.994613,0.050159,0,0.0396639,-0.0467224,-0.99812,0,0.319977,0.0379692,0.509445,1
0.995045,0.0928309,0.0353382,0,0.0909979,-0.994567,0.0503571,0,0.0398217,-0.0468928,-0.998106,0,0.320018,0.0381385,0.509525,1
0.995004,0.0932181,0.0354647,0,0.0913713,-0.994523,0.0505512,0,0.0399836,-0.0470591,-0.998092,0,0.320061,0.0383016,0.509608,1
0.994963,0.0936078,0.0355925,0,0.0917468,-0.994479,0.0507504,0,0.0401474,-0.0472302,-0.998077,0,0.320101,0.038468,0.509691,1
0.994922,0.0939966,0.0357169,0,0.0921217,-0.994434,0.0509426,0,0.0403073,-0.0473945,-0.998063,0,0.320141,0.0386339,0.509773,1
0.994879,0.0943946,0.0358622,0,0.0925048,-0.994389,0.0511372,0,0.0404888,-0.0475588,-0.998047,0,0.320181,0.0388008,0.509864,1
0.994838,0.0947879,0.0359705,0,0.0928845,-0.994343,0.0513367,0,0.0406338,-0.0477315,-0.998033,0,0.320221,0.0389694,0.50994,1
0.994796,0.095177,0.0360899,0,0.0932597,-0.994298,0.051533,0,0.0407896,-0.0479,-0.998019,0,0.320263,0.0391365,0.51002,1
0.994754,0.0955675,0.0362216,0,0.0936356,-0.994252,0.0517312,0,0.040958,-0.0480691,-0.998004,0,0.320305,0.0393006,0.510105,1
0.994712,0.0959539,0.0363466,0,0.0940077,-0.994207,0.0519276,0,0.0411194,-0.0482371,-0.997989,0,0.320345,0.0394675,0.510187,1
0.994669,0.0963451,0.03649,0,0.0943838,-0.994161,0.0521208,0,0.0412993,-0.0483998,-0.997974,0,0.320387,0.0396336,0.510277,1
0.994626,0.0967417,0.036617,0,0.0947656,-0.994114,0.0523231,0,0.0414641,-0.0485728,-0.997959,0,0.320428,0.0398019,0.510361,1
0.994584,0.0971275,0.0367438,0,0.0951369,-0.994068,0.0525179,0,0.0416275,-0.0487387,-0.997944,0,0.320469,0.0399681,0.510445,1
0.99454,0.0975181,0.0368822,0,0.0955124,-0.994022,0.052713,0,0.041803,-0.0489034,-0.997928,0,0.320511,0.0401331,0.510532,1
0.994496,0.0979129,0.0370208,0,0.0958916,-0.993975,0.0529167,0,0.0419798,-0.0490764,-0.997912,0,0.320554,0.0402996,0.510621,1
0.994453,0.0982993,0.0371578,0,0.0962631,-0.993929,0.0531059,0,0.0421533,-0.0492354,-0.997897,0,0.320596,0.0404644,0.510708,1
0.99441,0.098682,0.0373097,0,0.09663,-0.993883,0.0532983,0,0.0423419,-0.0493961,-0.997881,0,0.320637,0.040629,0.510802,1
0.994365,0.09908,0.0374411,0,0.097013,-0.993835,0.0534918,0,0.042511,-0.0495591,-0.997866,0,0.320679,0.0407967,0.510889,1
0.994323,0.0994532,0.0375769,0,0.0973711,-0.99379,0.0536829,0,0.0426833,-0.0497202,-0.997851,0,0.320723,0.0409575,0.510976,1
0.994279,0.0998356,0.037729,0,0.0977376,-0.993743,0.0538727,0,0.0428722,-0.0498779,-0.997835,0,0.320767,0.0411206,0.51107,1
0.994235,0.100217,0.0378628,0,0.0981036,-0.993697,0.0540671,0,0.0430434,-0.0500419,-0.997819,0,0.320809,0.0412849,0.511157,1
0.994191,0.100602,0.0380061,0,0.0984731,-0.99365,0.0542575,0,0.043224,-0.0502007,-0.997803,0,0.32085,0.0414496,0.511248,1
0.994146,0.100991,0.0381522,0,0.098846,-0.993602,0.0544497,0,0.0434079,-0.0503607,-0.997787,0,0.320892,0.0416169,0.511341,1
0.994102,0.101373,0.0382878,0,0.0992129,-0.993555,0.0546434,0,0.0435813,-0.0505235,-0.997772,0,0.320934,0.0417812,0.511428,1
0.994057,0.101752,0.038432,0,0.0995757,-0.993508,0.0548348,0,0.0437629,-0.050683,-0.997756,0,0.320978,0.0419433,0.51152,1
0.994012,0.102142,0.0385747,0,0.09995,-0.99346,0.0550298,0,0.0439441,-0.0508457,-0.997739,0,0.32102,0.0421114,0.511611,1
0.993968,0.10252,0.0387139,0,0.100312,-0.993413,0.0552223,0,0.0441211,-0.0510067,-0.997723,0,0.321061,0.0422737,0.5117,1
0.993921,0.102911,0.0388773,0,0.100686,-0.993364,0.0554205,0,0.0443236,-0.0511702,-0.997706,0,0.321104,0.0424401,0.5118,1
0.993874,0.103305,0.0390183,0,0.101063,-0.993315,0.0556112,0,0.0445032,-0.0513282,-0.99769,0,0.321145,0.0426077,0.51189,1
0.993829,0.103686,0.039157,0,0.101429,-0.993267,0.0558012,0,0.04468,-0.0514862,-0.997674,0,0.321188,0.0427728,0.511979,1
0.993782,0.104079,0.0393069,0,0.101805,-0.993217,0.0559961,0,0.0448691,-0.0516473,-0.997657,0,0.321232,0.0429397,0.512074,1
0.993737,0.104456,0.039451,0,0.102166,-0.99317,0.0561795,0,0.0450507,-0.0517981,-0.997641,0,0.321274,0.0431016,0.512165,1
0.993691,0.104839,0.0396069,0,0.102532,-0.993122,0.0563692,0,0.045245,-0.0519535,-0.997624,0,0.321315,0.0432663,0.512262,1
0.993641,0.105244,0.0397669,0,0.102919,-0.99307,0.0565637,0,0.0454452,-0.0521122,-0.997607,0,0.321357,0.0434385,0.51236,1
0.993596,0.105618,0.0398945,0,0.103279,-0.993023,0.0567443,0,0.0456103,-0.0522617,-0.997591,0,0.321398,0.0436008,0.512445,1
0.993549,0.106,0.0400521,0,0.103644,-0.992974,0.0569313,0,0.0458063,-0.0524139,-0.997574,0,0.321443,0.0437661,0.512543,1
0.993501,0.106394,0.0402073,0,0.104021,-0.992924,0.0571246,0,0.0460014,-0.052572,-0.997557,0,0.321485,0.0439346,0.51264,1
0.993455,0.106776,0.040345,0,0.104386,-0.992874,0.0573142,0,0.0461781,-0.0527286,-0.997541,0,0.321526,0.044101,0.512731,1
0.993405,0.107178,0.0405034,0,0.10477,-0.992822,0.0575112,0,0.0463774,-0.0528894,-0.997523,0,0.32157,0.0442715,0.512829,1
0.993355,0.107583,0.0406466,0,0.105158,-0.99277,0.0577057,0,0.0465617,-0.0530489,-0.997506,0,0.321608,0.0444445,0.512922,1
0.993308,0.107967,0.0407926,0,0.105525,-0.99272,0.0578982,0,0.0467476,-0.0532071,-0.997489,0,0.321653,0.0446106,0.513015,1
0.993258,0.108361,0.0409521,0,0.105901,-0.992668,0.0580972,0,0.0469482,-0.0533697,-0.997471,0,0.321697,0.0447785,0.513112,1
0.99321,0.108752,0.0410864,0,0.106276,-0.992617,0.058288,0,0.0471229,-0.0535268,-0.997454,0,0.321738,0.044947,0.513201,1
0.993159,0.109155,0.0412467,0,0.106661,-0.992564,0.0584855,0,0.0473248,-0.053687,-0.997436,0,0.32178,0.0451186,0.5133,1
0.993109,0.109557,0.0413806,0,0.107045,-0.992511,0.0586823,0,0.0475006,-0.0538493,-0.997419,0,0.321822,0.0452904,0.513387,1
0.99306,0.10995,0.0415247,0,0.107422,-0.992459,0.0588716,0,0.0476854,-0.0540033,-0.997401,0,0.321865,0.04546,0.513481,1
0.993008,0.110352,0.0416847,0,0.107806,-0.992406,0.0590637,0,0.0478869,-0.0541579,-0.997383,0,0.321909,0.0456319,0.51358,1
0.992958,0.11075,0.0418319,0,0.108187,-0.992353,0.0592563,0,0.0480756,-0.0543144,-0.997366,0,0.321951,0.0458061,0.513674,1
0.992907,0.11115,0.0419785,0,0.108569,-0.9923,0.0594456,0,0.0482635,-0.0544675,-0.997348,0,0.321993,0.0459778,0.513768,1
0.992855,0.111553,0.0421352,0,0.108953,-0.992246,0.0596416,0,0.0484626,-0.0546258,-0.99733,0,0.322033,0.0461512,0.513864,1
0.992805,0.111949,0.0422611,0,0.109333,-0.992193,0.0598334,0,0.0486304,-0.0547834,-0.997313,0,0.322076,0.0463239,0.51395,1
0.992753,0.11235,0.0424118,0,0.109716,-0.992139,0.0600308,0,0.0488239,-0.0549435,-0.997295,0,0.322119,0.0464965,0.514045,1
0.992701,0.112757,0.0425501,0,0.110106,-0.992084,0.0602293,0,0.0490055,-0.0551057,-0.997277,0,0.322161,0.0466711,0.514136,1
0.99265,0.113157,0.0426895,0,0.110487,-0.992029,0.0604245,0,0.0491877,-0.0552648,-0.997259,0,0.322203,0.0468447,0.514227,1
0.992597,0.113562,0.0428459,0,0.110874,-0.991974,0.0606226,0,0.0493874,-0.0554244,-0.997241,0,0.322245,0.047018,0.514323,1
0.992543,0.113985,0.0429764,0,0.11128,-0.991916,0.0608269,0,0.0495633,-0.055592,-0.997223,0,0.322285,0.047199,0.514411,1
0.99249,0.114389,0.0431217,0,0.111665,-0.991861,0.0610254,0,0.0497523,-0.0557531,-0.997204,0,0.322327,0.0473735,0.514504,1
0.992437,0.114797,0.0432597,0,0.112055,-0.991804,0.0612244,0,0.0499345,-0.055915,-0.997186,0,0.32237,0.0475479,0.514595,1
0.992383,0.115207,0.0434025,0,0.112447,-0.991748,0.0614244,0,0.0501218,-0.0560771,-0.997168,0,0.322412,0.0477259,0.514688,1
0.992328,0.115624,0.0435538,0,0.112845,-0.99169,0.0616239,0,0.0503181,-0.0562374,-0.997149,0,0.322454,0.0479044,0.514785,1
0.992273,0.116045,0.0436972,0,0.113247,-0.991632,0.0618253,0,0.050507,-0.0564,-0.99713,0,0.322496,0.0480852,0.514878,1
0.992218,0.116452,0.0438423,0,0.113636,-0.991575,0.0620201,0,0.0506963,-0.0565565,-0.997111,0,0.322538,0.0482638,0.514972,1
0.992165,0.11686,0.043978,0,0.114026,-0.991518,0.0622191,0,0.0508769,-0.056718,-0.997093,0,0.322582,0.0484401,0.515062,1
0.992109,0.117274,0.0441261,0,0.114421,-0.99146,0.0624177,0,0.0510703,-0.0568773,-0.997074,0,0.322624,0.0486201,0.515157,1
0.992053,0.11769,0.0442849,0,0.114818,-0.991401,0.06262,0,0.0512749,-0.0570388,-0.997054,0,0.322664,0.0487994,0.515256,1
0.991996,0.118114,0.044421,0,0.115223,-0.991341,0.0628218,0,0.0514575,-0.0572017,-0.997036,0,0.322706,0.0489826,0.515346,1
0.99194,0.118536,0.0445638,0,0.115626,-0.991282,0.063016,0,0.051646,-0.0573564,-0.997017,0,0.322748,0.049165,0.51544,1
0.991883,0.118957,0.0447007,0,0.116029,-0.991222,0.0632184,0,0.0518296,-0.0575198,-0.996998,0,0.322789,0.0493461,0.51553,1
0.991825,0.119386,0.0448419,0,0.116438,-0.991161,0.0634205,0,0.052018,-0.0576818,-0.996979,0,0.32283,0.0495314,0.515623,1
0.991767,0.119814,0.0449811,0,0.116848,-0.9911,0.0636289,0,0.0522054,-0.0578502,-0.996959,0,0.32287,0.0497158,0.515715,1
0.991709,0.12024,0.0451141,0,0.117255,-0.991038,0.0638336,0,0.0523862,-0.0580157,-0.99694,0,0.322911,0.0498992,0.515804,1
0.991651,0.120668,0.0452506,0,0.117664,-0.990977,0.0640365,0,0.0525705,-0.0581786,-0.996921,0,0.322951,0.0500841,0.515894,1
0.991593,0.121096,0.0453941,0,0.118072,-0.990915,0.0642411,0,0.0527621,-0.0583424,-0.996901,0,0.322992,0.0502675,0.515987,1
0.991533,0.121529,0.0455291,0,0.118486,-0.990852,0.0644494,0,0.0529461,-0.0585103,-0.996882,0,0.323032,0.0504549,0.516076,1
0.991474,0.121961,0.0456715,0,0.118898,-0.990789,0.0646593,0,0.0531378,-0.0586788,-0.996862,0,0.323071,0.0506436,0.516169,1
0.991413,0.122401,0.0458053,0,0.119318,-0.990725,0.064873,0,0.053322,-0.0588517,-0.996842,0,0.32311,0.0508319,0.516257,1
0.991354,0.122834,0.0459342,0,0.119733,-0.990661,0.065076,0,0.0534998,-0.0590147,-0.996822,0,0.323149,0.0510195,0.516345,1
0.991294,0.123269,0.0460662,0,0.120149,-0.990597,0.0652831,0,0.0536815,-0.0591811,-0.996803,0,0.323189,0.0512061,0.516433,1
0.991233,0.123705,0.046198,0,0.120565,-0.990533,0.0654964,0,0.0538638,-0.0593536,-0.996783,0,0.323228,0.0513949,0.516522,1
0.991171,0.12415,0.0463333,0,0.12099,-0.990467,0.0657085,0,0.0540503,-0.0595237,-0.996763,0,0.323264,0.0515873,0.516612,1
0.99111,0.124591,0.046459,0,0.121412,-0.990401,0.0659146,0,0.0542265,-0.0596891,-0.996743,0,0.323302,0.0517788,0.516698,1
0.991048,0.125038,0.0465824,0,0.121839,-0.990335,0.0661272,0,0.0544016,-0.0598608,-0.996723,0,0.32334,0.051972,0.516784,1
0.990986,0.125479,0.0467109,0,0.122261,-0.990269,0.0663377,0,0.0545814,-0.0600299,-0.996703,0,0.323377,0.0521619,0.516873,1
0.990924,0.12592,0.0468412,0,0.122683,-0.990202,0.0665513,0,0.0547635,-0.0602019,-0.996683,0,0.323414,0.0523536,0.51696,1
0.990861,0.126366,0.0469782,0,0.123108,-0.990135,0.0667648,0,0.0549526,-0.0603724,-0.996662,0,0.323452,0.0525471,0.517051,1
0.990797,0.126816,0.0471098,0,0.123538,-0.990067,0.0669764,0,0.0551366,-0.0605414,-0.996642,0,0.323491,0.0527404,0.517138,1
0.990734,0.127262,0.0472387,0,0.123964,-0.99,0.0671903,0,0.0553182,-0.0607129,-0.996621,0,0.323529,0.0529342,0.517226,1
0.99067,0.127705,0.0473765,0,0.124386,-0.989932,0.0674076,0,0.0555088,-0.0608869,-0.9966,0,0.323569,0.053128,0.517315,1
0.990606,0.128156,0.04751,0,0.124817,-0.989863,0.0676242,0,0.0556959,-0.06106,-0.996579,0,0.323606,0.053321,0.517404,1
0.99054,0.128612,0.0476516,0,0.125251,-0.989793,0.067841,0,0.0558914,-0.061232,-0.996557,0,0.323645,0.0535193,0.517497,1
0.990475,0.129057,0.0477923,0,0.125675,-0.989725,0.0680566,0,0.0560855,-0.0614032,-0.996536,0,0.323683,0.0537139,0.517588,1
0.990412,0.129498,0.0479148,0,0.126097,-0.989656,0.068271,0,0.0562612,-0.0615757,-0.996515,0,0.323721,0.0539058,0.517673,1
0.990345,0.129956,0.0480551,0,0.126533,-0.989586,0.0684851,0,0.0564558,-0.0617445,-0.996494,0,0.323761,0.0541043,0.517766,1
0.99028,0.130401,0.0481874,0,0.126957,-0.989517,0.0686985,0,0.0566417,-0.0619142,-0.996473,0,0.3238,0.0542983,0.517854,1
0.990213,0.130853,0.0483329,0,0.127388,-0.989446,0.068911,0,0.0568411,-0.0620807,-0.996451,0,0.323838,0.0544966,0.517948,1
0.990146,0.131304,0.0484761,0,0.127818,-0.989376,0.0691245,0,0.0570385,-0.0622484,-0.996429,0,0.323877,0.0546905,0.518041,1
0.990081,0.13175,0.0486104,0,0.128243,-0.989306,0.0693356,0,0.0572266,-0.0624151,-0.996408,0,0.323915,0.0548851,0.518131,1
0.990014,0.132197,0.0487576,0,0.128668,-0.989236,0.0695542,0,0.0574287,-0.0625872,-0.996386,0,0.323956,0.0550794,0.518227,1
0.989947,0.13264,0.0489109,0,0.129089,-0.989166,0.0697607,0,0.0576352,-0.0627467,-0.996364,0,0.323994,0.0552709,0.518324,1
0.98988,0.133085,0.049062,0,0.129511,-0.989096,0.0699733,0,0.0578405,-0.0629123,-0.996342,0,0.324034,0.0554668,0.518421,1
0.989746,0.13397,0.0493471,0,0.130353,-0.988956,0.070396,0,0.0582342,-0.0632428,-0.996298,0,0.324115,0.0558532,0.518609,1
0.989679,0.134412,0.0495032,0,0.130772,-0.988885,0.0706109,0,0.058445,-0.0634097,-0.996275,0,0.324155,0.0560461,0.518709,1
0.989612,0.13485,0.0496509,0,0.131188,-0.988815,0.0708189,0,0.0586466,-0.0635708,-0.996253,0,0.324195,0.0562375,0.518805,1
0.989542,0.135301,0.0498045,0,0.131616,-0.988743,0.0710323,0,0.0588557,-0.0637356,-0.99623,0,0.324234,0.0564353,0.518904,1
0.989474,0.13575,0.0499488,0,0.132043,-0.988671,0.0712453,0,0.0590556,-0.0639011,-0.996207,0,0.324275,0.0566299,0.519,1
0.989406,0.136181,0.0501038,0,0.132453,-0.988601,0.0714447,0,0.0592633,-0.0640527,-0.996185,0,0.324315,0.0568197,0.519099,1
0.989337,0.13663,0.0502505,0,0.132878,-0.988529,0.0716602,0,0.0594661,-0.0642201,-0.996162,0,0.324354,0.0570145,0.519196,1
0.989269,0.137065,0.0504133,0,0.133291,-0.988458,0.0718633,0,0.0596826,-0.0643737,-0.99614,0,0.324394,0.0572066,0.519299,1
0.989198,0.137517,0.0505633,0,0.13372,-0.988385,0.0720726,0,0.0598884,-0.064534,-0.996117,0,0.324433,0.0574021,0.519396,1
0.989129,0.137958,0.0507184,0,0.134138,-0.988314,0.0722773,0,0.0600981,-0.0646896,-0.996094,0,0.324475,0.0575945,0.519496,1
0.98906,0.138395,0.0508794,0,0.134552,-0.988242,0.0724826,0,0.0603135,-0.0648449,-0.996071,0,0.324514,0.0577868,0.519598,1
0.988989,0.138839,0.0510414,0,0.134972,-0.98817,0.0726873,0,0.0605305,-0.064999,-0.996048,0,0.324553,0.0579806,0.5197,1
0.988919,0.139274,0.0512037,0,0.135385,-0.988099,0.0728886,0,0.0607469,-0.06515,-0.996025,0,0.324593,0.0581717,0.519802,1
0.988849,0.139714,0.0513642,0,0.135801,-0.988027,0.0730914,0,0.0609622,-0.0653023,-0.996002,0,0.324631,0.0583657,0.519903,1
0.988779,0.140158,0.0515127,0,0.136222,-0.987953,0.0732996,0,0.0611668,-0.0654611,-0.995979,0,0.324671,0.0585618,0.520001,1
0.988707,0.140604,0.0516625,0,0.136646,-0.98788,0.0735012,0,0.0613721,-0.065613,-0.995956,0,0.32471,0.0587558,0.520098,1
0.988637,0.141044,0.0518145,0,0.137062,-0.987806,0.0737101,0,0.0615802,-0.0657719,-0.995933,0,0.324749,0.0589494,0.520197,1
0.988564,0.141492,0.051976,0,0.137487,-0.987732,0.0739193,0,0.0617985,-0.0659292,-0.995909,0,0.324789,0.0591453,0.520301,1
0.98849,0.141952,0.0521254,0,0.137923,-0.987655,0.0741315,0,0.0620063,-0.0660902,-0.995885,0,0.324827,0.0593455,0.520399,1
0.988419,0.14239,0.0522853,0,0.138337,-0.987582,0.0743381,0,0.0622222,-0.0662454,-0.995861,0,0.324867,0.0595396,0.520502,1
0.988346,0.142835,0.0524589,0,0.138757,-0.987507,0.0745504,0,0.0624531,-0.0664038,-0.995836,0,0.324907,0.0597342,0.520609,1
0.988271,0.143292,0.0526092,0,0.13919,-0.98743,0.0747645,0,0.0626622,-0.0665662,-0.995812,0,0.324945,0.0599331,0.520707,1
0.988196,0.143752,0.0527747,0,0.139624,-0.987352,0.0749807,0,0.062887,-0.0667282,-0.995787,0,0.324983,0.0601349,0.520811,1
0.988122,0.144206,0.052924,0,0.140055,-0.987275,0.0751907,0,0.0630947,-0.0668866,-0.995764,0,0.325022,0.0603328,0.520909,1
0.988047,0.144658,0.0530859,0,0.140483,-0.987198,0.0754002,0,0.0633148,-0.0670426,-0.995739,0,0.325062,0.0605321,0.521013,1
0.987973,0.145107,0.0532423,0,0.140907,-0.987122,0.0756102,0,0.0635294,-0.0671999,-0.995715,0,0.325102,0.0607301,0.521113,1
0.987897,0.14556,0.0534108,0,0.141335,-0.987045,0.0758131,0,0.0637554,-0.067348,-0.99569,0,0.32514,0.0609308,0.52122,1
0.98782,0.146027,0.0535627,0,0.141778,-0.986965,0.0760215,0,0.0639669,-0.0675028,-0.995666,0,0.325176,0.0611356,0.521319,1
0.987744,0.146483,0.0537113,0,0.142211,-0.986887,0.0762272,0,0.0641743,-0.0676559,-0.995643,0,0.325214,0.0613358,0.521417,1
0.987668,0.146937,0.0538668,0,0.14264,-0.986809,0.0764345,0,0.0643885,-0.0678096,-0.995618,0,0.325252,0.0615367,0.521516,1
0.987591,0.147398,0.0540241,0,0.143076,-0.986729,0.0766506,0,0.0646065,-0.0679712,-0.995593,0,0.32529,0.0617392,0.521618,1
0.987514,0.147856,0.0541868,0,0.143509,-0.98665,0.0768611,0,0.0648291,-0.0681264,-0.995568,0,0.325328,0.0619409,0.521721,1
0.987435,0.148325,0.054336,0,0.143954,-0.986569,0.0770735,0,0.0650394,-0.0682845,-0.995544,0,0.325364,0.0621462,0.521818,1
0.987356,0.148794,0.0544923,0,0.144398,-0.986487,0.077289,0,0.0652574,-0.0684445,-0.995518,0,0.325402,0.0623497,0.52192,1
0.987278,0.149254,0.0546462,0,0.144832,-0.986407,0.0774994,0,0.0654718,-0.0686003,-0.995494,0,0.325441,0.0625533,0.522019,1
0.987199,0.149717,0.054808,0,0.14527,-0.986325,0.0777181,0,0.0656955,-0.0687627,-0.995468,0,0.325478,0.0627563,0.522122,1
0.987119,0.150186,0.0549722,0,0.145713,-0.986243,0.0779339,0,0.0659218,-0.0689212,-0.995442,0,0.325516,0.0629608,0.522225,1
0.987037,0.150665,0.0551238,0,0.146166,-0.986158,0.0781537,0,0.0661371,-0.0690847,-0.995416,0,0.325553,0.0631709,0.522325,1
0.986956,0.151131,0.0552927,0,0.146605,-0.986076,0.0783669,0,0.0663677,-0.0692399,-0.99539,0,0.325591,0.0633761,0.522432,1
0.986876,0.151601,0.055444,0,0.14705,-0.985993,0.0785826,0,0.0665819,-0.0693996,-0.995365,0,0.325627,0.0635833,0.522531,1
0.986794,0.152071,0.0556127,0,0.147494,-0.985909,0.0787961,0,0.066813,-0.0695543,-0.995338,0,0.325664,0.0637922,0.522637,1
0.986711,0.152549,0.0557762,0,0.147946,-0.985825,0.0790082,0,0.0670395,-0.0697078,-0.995312,0,0.3257,0.0640028,0.522741,1
0.986628,0.15303,0.0559332,0,0.148401,-0.985739,0.07922,0,0.0672599,-0.0698615,-0.995287,0,0.325737,0.064214,0.522845,1
0.986546,0.153497,0.0560914,0,0.148843,-0.985656,0.0794305,0,0.0674805,-0.0700144,-0.995261,0,0.325774,0.0644221,0.522947,1
0.986463,0.153973,0.0562505,0,0.149292,-0.98557,0.0796517,0,0.0677043,-0.0701771,-0.995234,0,0.325811,0.0646316,0.523048,1
0.986379,0.154448,0.0564123,0,0.14974,-0.985485,0.079867,0,0.0679301,-0.0703334,-0.995208,0,0.325847,0.0648419,0.523152,1
0.986295,0.154937,0.0565527,0,0.150204,-0.985396,0.080084,0,0.0681361,-0.0704934,-0.995182,0,0.325883,0.0650544,0.523247,1
0.986209,0.155424,0.0567135,0,0.150664,-0.985308,0.0803103,0,0.0683637,-0.0706594,-0.995155,0,0.325917,0.0652704,0.52335,1
0.986124,0.155904,0.0568635,0,0.151118,-0.985221,0.0805252,0,0.0685787,-0.0708161,-0.995129,0,0.325954,0.0654803,0.523448,1
0.98604,0.156382,0.0570093,0,0.15157,-0.985133,0.0807467,0,0.0687905,-0.0709799,-0.995103,0,0.325989,0.065692,0.523546,1
0.985954,0.156869,0.0571657,0,0.15203,-0.985044,0.0809688,0,0.0690136,-0.071142,-0.995076,0,0.326023,0.0659064,0.523646,1
0.985866,0.157372,0.0573031,0,0.152507,-0.984952,0.0811922,0,0.0692195,-0.0713069,-0.99505,0,0.326056,0.0661247,0.52374,1
0.985779,0.15786,0.0574573,0,0.152968,-0.984862,0.0814169,0,0.0694413,-0.0714713,-0.995022,0,0.32609,0.0663405,0.52384,1
0.985692,0.158346,0.0576002,0,0.153427,-0.984772,0.0816407,0,0.0696518,-0.0716365,-0.994996,0,0.326125,0.0665567,0.523936,1
0.985604,0.158841,0.057756,0,0.153894,-0.98468,0.0818664,0,0.0698762,-0.0718009,-0.994968,0,0.326156,0.0667734,0.524037,1
0.985516,0.159335,0.0578867,0,0.154363,-0.984588,0.0820901,0,0.0700757,-0.0719669,-0.994942,0,0.326189,0.0669922,0.524127,1
0.985427,0.159833,0.0580346,0,0.154834,-0.984496,0.0823139,0,0.0702926,-0.07213,-0.994915,0,0.326223,0.067213,0.524226,1
0.985339,0.160325,0.0581721,0,0.1553,-0.984404,0.0825355,0,0.0704986,-0.0722927,-0.994889,0,0.326254,0.0674301,0.524319,1
0.985247,0.160834,0.0583159,0,0.155782,-0.984308,0.0827675,0,0.070714,-0.0724632,-0.994861,0,0.326287,0.0676531,0.524415,1
0.985157,0.161334,0.0584633,0,0.156254,-0.984214,0.0829916,0,0.0709311,-0.072626,-0.994834,0,0.326317,0.0678751,0.524511,1
0.985066,0.161837,0.0585984,0,0.156731,-0.984119,0.0832176,0,0.0711369,-0.0727921,-0.994807,0,0.326349,0.0680964,0.524604,1
0.984975,0.162338,0.0587534,0,0.157204,-0.984025,0.0834406,0,0.0713618,-0.072952,-0.994779,0,0.32638,0.068316,0.524703,1
0.984884,0.162838,0.0588957,0,0.157677,-0.98393,0.0836694,0,0.0715751,-0.0731195,-0.994751,0,0.326412,0.0685382,0.524799,1
0.98479,0.16335,0.0590418,0,0.158161,-0.983832,0.0839048,0,0.0717945,-0.0732919,-0.994723,0,0.326444,0.0687645,0.524896,1
0.984698,0.163853,0.0591867,0,0.158636,-0.983737,0.0841293,0,0.0720103,-0.0734542,-0.994695,0,0.326476,0.0689869,0.524992,1
0.984605,0.164357,0.0593345,0,0.159112,-0.98364,0.0843606,0,0.0722304,-0.0736224,-0.994667,0,0.326508,0.0692102,0.525091,1
0.984513,0.164856,0.0594811,0,0.159583,-0.983544,0.0845888,0,0.0724486,-0.073788,-0.994639,0,0.326539,0.0694332,0.525188,1
0.984419,0.165359,0.0596268,0,0.160058,-0.983447,0.0848193,0,0.0726668,-0.0739554,-0.994611,0,0.326572,0.069654,0.525284,1
0.984324,0.165866,0.0597889,0,0.160535,-0.983349,0.0850489,0,0.0729015,-0.0741189,-0.994581,0,0.326603,0.0698781,0.525385,1
0.984231,0.166364,0.0599413,0,0.161004,-0.983253,0.0852806,0,0.0731264,-0.0742865,-0.994552,0,0.326635,0.0701,0.525485,1
0.984136,0.166873,0.0600872,0,0.161485,-0.983154,0.0855118,0,0.073346,-0.0744535,-0.994524,0,0.326669,0.0703267,0.525584,1
0.984041,0.167377,0.0602423,0,0.16196,-0.983056,0.0857394,0,0.0735738,-0.0746156,-0.994495,0,0.326703,0.0705495,0.525686,1
0.983946,0.167873,0.0604122,0,0.162426,-0.982959,0.0859669,0,0.0738156,-0.0747758,-0.994465,0,0.326736,0.0707707,0.525792,1
0.98385,0.168378,0.0605657,0,0.162903,-0.98286,0.0861948,0,0.0740424,-0.0749379,-0.994436,0,0.326767,0.0709963,0.525893,1
0.983756,0.16887,0.0607319,0,0.163365,-0.982764,0.0864162,0,0.0742796,-0.0750925,-0.994406,0,0.326801,0.0712125,0.525999,1
0.98366,0.169369,0.0608942,0,0.163834,-0.982666,0.0866363,0,0.0745136,-0.0752456,-0.994377,0,0.326834,0.0714349,0.526103,1
0.983563,0.169872,0.0610578,0,0.164307,-0.982567,0.086862,0,0.0747502,-0.0754034,-0.994347,0,0.326866,0.0716575,0.526208,1
0.983467,0.170365,0.061232,0,0.164771,-0.98247,0.0870843,0,0.0749962,-0.0755568,-0.994317,0,0.326898,0.0718781,0.526317,1
0.98337,0.170863,0.0613945,0,0.165239,-0.982372,0.0873073,0,0.0752313,-0.0757121,-0.994288,0,0.326932,0.0721004,0.526422,1
0.983274,0.171355,0.0615606,0,0.165701,-0.982274,0.0875267,0,0.075469,-0.0758635,-0.994258,0,0.326966,0.0723202,0.526529,1
0.983176,0.171856,0.0617344,0,0.166171,-0.982174,0.0877587,0,0.0757173,-0.0760253,-0.994227,0,0.327,0.0725436,0.526637,1
0.983077,0.172359,0.0619061,0,0.166642,-0.982074,0.0879818,0,0.0759623,-0.0761782,-0.994196,0,0.327032,0.0727694,0.526747,1
0.98298,0.172857,0.062068,0,0.167111,-0.981975,0.088206,0,0.0761977,-0.0763339,-0.994167,0,0.327063,0.0729912,0.526852,1
0.982881,0.173355,0.062242,0,0.167577,-0.981875,0.0884334,0,0.0764456,-0.0764907,-0.994135,0,0.327098,0.0732137,0.526962,1
0.982783,0.17385,0.0624101,0,0.168042,-0.981775,0.0886574,0,0.0766873,-0.076645,-0.994105,0,0.327132,0.0734353,0.527069,1
0.982684,0.174346,0.062587,0,0.168507,-0.981676,0.0888778,0,0.0769371,-0.0767939,-0.994074,0,0.327164,0.0736562,0.527179,1
0.982583,0.174853,0.0627502,0,0.168983,-0.981573,0.0891031,0,0.0771753,-0.076949,-0.994044,0,0.327196,0.0738821,0.527284,1
0.982484,0.175347,0.0629283,0,0.169445,-0.981474,0.0893182,0,0.0774256,-0.0770923,-0.994013,0,0.327229,0.0741031,0.527395,1
0.982385,0.175841,0.063082,0,0.169911,-0.981374,0.0895347,0,0.0776524,-0.0772408,-0.993984,0,0.327263,0.074324,0.527497,1
0.982282,0.176352,0.0632673,0,0.170389,-0.98127,0.089759,0,0.077913,-0.0773901,-0.993952,0,0.327295,0.0745501,0.527612,1
0.982183,0.176846,0.0634283,0,0.170853,-0.98117,0.089976,0,0.0781474,-0.0775374,-0.993922,0,0.327327,0.0747739,0.527718,1
0.982079,0.17736,0.0636025,0,0.171336,-0.981065,0.0901995,0,0.0783975,-0.0776871,-0.993891,0,0.327359,0.0750035,0.527829,1
0.981977,0.17786,0.0637875,0,0.171803,-0.980964,0.0904149,0,0.0786558,-0.0778279,-0.993859,0,0.327393,0.0752252,0.527945,1
0.981874,0.178367,0.063948,0,0.17228,-0.980859,0.0906414,0,0.0788929,-0.0779831,-0.993828,0,0.327424,0.0754532,0.528048,1
0.981772,0.178866,0.0641241,0,0.172746,-0.980756,0.0908645,0,0.0791442,-0.0781325,-0.993797,0,0.327456,0.0756777,0.52816,1
0.981666,0.179385,0.0642892,0,0.173233,-0.98065,0.0910878,0,0.0793864,-0.0782823,-0.993765,0,0.327485,0.075907,0.528266,1
0.981564,0.179885,0.0644536,0,0.173703,-0.980546,0.0913075,0,0.0796261,-0.0784299,-0.993735,0,0.327518,0.0761318,0.528373,1
0.981461,0.180385,0.0646263,0,0.174171,-0.980443,0.0915289,0,0.0798744,-0.0785775,-0.993703,0,0.327551,0.0763575,0.528483,1
0.981354,0.180901,0.0648008,0,0.174655,-0.980335,0.0917542,0,0.0801265,-0.0787271,-0.993671,0,0.327581,0.076588,0.528593,1
0.981248,0.181416,0.0649693,0,0.175138,-0.980228,0.091981,0,0.0803731,-0.0788791,-0.993639,0,0.327611,0.0768178,0.528701,1
0.981144,0.181922,0.0651317,0,0.175612,-0.980123,0.0922005,0,0.0806119,-0.0790255,-0.993608,0,0.327642,0.0770431,0.528806,1
0.981039,0.182427,0.0652905,0,0.176086,-0.980017,0.0924231,0,0.0808477,-0.0791755,-0.993577,0,0.327673,0.0772688,0.52891,1
0.980931,0.182946,0.065462,0,0.176572,-0.979907,0.0926521,0,0.0810986,-0.0793281,-0.993544,0,0.327703,0.0775013,0.529019,1
0.980826,0.18345,0.0656283,0,0.177044,-0.979802,0.0928703,0,0.0813413,-0.0794721,-0.993513,0,0.327734,0.0777281,0.529127,1
0.980717,0.183976,0.065789,0,0.177538,-0.979691,0.0930984,0,0.0815823,-0.0796246,-0.993481,0,0.327764,0.0779642,0.529232,1
0.980611,0.184478,0.065956,0,0.178009,-0.979585,0.0933137,0,0.0818254,-0.0797652,-0.99345,0,0.327797,0.0781892,0.52934,1
0.980502,0.185002,0.066114,0,0.1785,-0.979473,0.0935452,0,0.0820645,-0.0799215,-0.993417,0,0.327827,0.0784227,0.529444,1
0.980393,0.185514,0.0662918,0,0.178978,-0.979364,0.0937709,0,0.0823212,-0.0800691,-0.993384,0,0.327857,0.0786537,0.529555,1
0.980283,0.186037,0.0664589,0,0.17947,-0.979253,0.0939955,0,0.0825684,-0.0802164,-0.993352,0,0.327886,0.0788874,0.529662,1
0.980174,0.186549,0.0666277,0,0.179948,-0.979144,0.0942175,0,0.0828158,-0.0803615,-0.993319,0,0.327917,0.0791173,0.529771,1
0.980065,0.18706,0.0668036,0,0.180426,-0.979034,0.0944401,0,0.0830706,-0.0805059,-0.993287,0,0.327949,0.0793478,0.529882,1
0.979954,0.18758,0.0669732,0,0.180913,-0.978923,0.0946666,0,0.0833208,-0.0806541,-0.993254,0,0.327978,0.0795812,0.52999,1
0.979841,0.188109,0.0671351,0,0.181409,-0.978809,0.0948952,0,0.0835646,-0.0808049,-0.993221,0,0.328008,0.0798191,0.530096,1
0.979729,0.188633,0.067295,0,0.181901,-0.978696,0.0951148,0,0.0838048,-0.0809472,-0.993189,0,0.328037,0.0800533,0.530203,1
0.979618,0.189153,0.0674566,0,0.182388,-0.978583,0.0953433,0,0.084048,-0.0810983,-0.993156,0,0.328067,0.0802878,0.530309,1
0.979504,0.189677,0.0676346,0,0.182877,-0.97847,0.0955717,0,0.0843077,-0.0812457,-0.993122,0,0.328095,0.0805249,0.530422,1
0.979392,0.190201,0.06779,0,0.183369,-0.978356,0.0957958,0,0.0845448,-0.0813926,-0.99309,0,0.328124,0.0807593,0.530525,1
0.979278,0.190735,0.0679425,0,0.183871,-0.978239,0.0960213,0,0.0847803,-0.0815404,-0.993058,0,0.328153,0.0809987,0.530627,1
0.979164,0.19126,0.0681003,0,0.184363,-0.978125,0.0962468,0,0.0850204,-0.0816878,-0.993025,0,0.32818,0.0812322,0.530729,1
0.979051,0.191787,0.0682487,0,0.184858,-0.978009,0.0964731,0,0.0852518,-0.0818373,-0.992993,0,0.32821,0.08147,0.53083,1
0.978933,0.19233,0.0684113,0,0.185366,-0.97789,0.0967054,0,0.0854996,-0.0819885,-0.992959,0,0.328235,0.0817112,0.530935,1
0.978819,0.192859,0.0685495,0,0.185864,-0.977773,0.0969312,0,0.0857215,-0.0821388,-0.992928,0,0.328263,0.0819498,0.531031,1
0.978703,0.193397,0.0686939,0,0.186369,-0.977653,0.0971649,0,0.0859518,-0.0822947,-0.992895,0,0.328288,0.0821916,0.531129,1
0.978586,0.193932,0.0688498,0,0.186871,-0.977535,0.0973932,0,0.0861924,-0.0824431,-0.992862,0,0.328313,0.0824301,0.531233,1
0.97847,0.194469,0.0689821,0,0.187376,-0.977415,0.0976249,0,0.0864108,-0.082599,-0.99283,0,0.328337,0.0826714,0.531328,1
0.97835,0.195019,0.0691275,0,0.187893,-0.977292,0.0978646,0,0.0866449,-0.0827589,-0.992796,0,0.328359,0.0829181,0.531427,1
0.978234,0.195554,0.0692661,0,0.188396,-0.977172,0.0980938,0,0.0868692,-0.0829107,-0.992764,0,0.328383,0.0831587,0.531524,1
0.978116,0.196091,0.0694131,0,0.188899,-0.977051,0.0983281,0,0.087103,-0.0830658,-0.99273,0,0.328406,0.0834015,0.531624,1
0.977996,0.196636,0.0695671,0,0.189411,-0.976929,0.0985616,0,0.0873446,-0.0832176,-0.992696,0,0.32843,0.0836465,0.531725,1
0.977875,0.197184,0.0697085,0,0.189926,-0.976805,0.0987968,0,0.0875745,-0.0833731,-0.992663,0,0.328454,0.0838928,0.531821,1
0.977755,0.19773,0.0698463,0,0.190439,-0.976682,0.0990291,0,0.0878004,-0.0835264,-0.99263,0,0.328478,0.0841368,0.531918,1
0.977636,0.198267,0.0699913,0,0.190942,-0.97656,0.099259,0,0.0880322,-0.0836765,-0.992597,0,0.328501,0.084378,0.532015,1
0.977515,0.198811,0.0701353,0,0.191453,-0.976436,0.0994967,0,0.0882654,-0.0838335,-0.992563,0,0.328526,0.0846232,0.532112,1
0.977391,0.199365,0.07029,0,0.191971,-0.976309,0.0997398,0,0.0885111,-0.0839928,-0.992528,0,0.328548,0.0848713,0.532214,1
0.977273,0.199896,0.0704307,0,0.192469,-0.976188,0.0999697,0,0.0887388,-0.0841436,-0.992494,0,0.328574,0.0851117,0.53231,1
0.977151,0.200439,0.0705793,0,0.192978,-0.976063,0.100206,0,0.0889767,-0.0842973,-0.99246,0,0.328598,0.0853575,0.53241,1
0.977029,0.20098,0.0707306,0,0.193484,-0.975939,0.100437,0,0.0892163,-0.0844465,-0.992426,0,0.328622,0.0856016,0.532509,1
0.976903,0.201532,0.0708899,0,0.194001,-0.975812,0.100677,0,0.0894666,-0.0846011,-0.99239,0,0.328645,0.0858514,0.532614,1
0.976781,0.202071,0.0710411,0,0.194506,-0.975687,0.100908,0,0.0897061,-0.0847484,-0.992356,0,0.328671,0.0860977,0.532715,1
0.976661,0.202597,0.0711965,0,0.194997,-0.975566,0.101133,0,0.0899479,-0.0848916,-0.992322,0,0.328697,0.0863348,0.532818,1
0.976535,0.203141,0.0713671,0,0.195504,-0.97544,0.101373,0,0.090209,-0.0850436,-0.992285,0,0.328721,0.0865812,0.532926,1
0.976411,0.203678,0.0715433,0,0.196005,-0.975315,0.101602,0,0.090473,-0.0851839,-0.992249,0,0.328745,0.086825,0.533038,1
0.976288,0.20421,0.0716978,0,0.196501,-0.975191,0.101837,0,0.0907169,-0.0853352,-0.992214,0,0.328771,0.0870669,0.533138,1
0.976165,0.204738,0.071867,0,0.196993,-0.975068,0.102065,0,0.0909736,-0.0854768,-0.992178,0,0.328797,0.0873067,0.533247,1
0.976042,0.205264,0.0720359,0,0.197483,-0.974945,0.102295,0,0.0912302,-0.08562,-0.992142,0,0.328821,0.0875473,0.533355,1
0.975916,0.205804,0.0722096,0,0.197987,-0.974818,0.102526,0,0.0914933,-0.0857619,-0.992106,0,0.328847,0.087792,0.533467,1
0.97579,0.206339,0.0723809,0,0.198485,-0.974693,0.102756,0,0.0917535,-0.0859033,-0.99207,0,0.328872,0.0880341,0.533577,1
0.975665,0.206871,0.0725487,0,0.19898,-0.974568,0.102984,0,0.0920098,-0.0860441,-0.992034,0,0.328898,0.0882764,0.533686,1
0.975539,0.207406,0.0727152,0,0.199479,-0.974441,0.103219,0,0.0922667,-0.0861903,-0.991997,0,0.328922,0.0885211,0.533795,1
0.975413,0.20793,0.0729018,0,0.199965,-0.974317,0.103442,0,0.09254,-0.0863229,-0.99196,0,0.328947,0.0887597,0.533911,1
0.975285,0.208471,0.0730714,0,0.20047,-0.974189,0.103671,0,0.0927997,-0.0864622,-0.991924,0,0.328971,0.0890031,0.534022,1
0.975159,0.209,0.073249,0,0.200962,-0.974064,0.103893,0,0.0930647,-0.0865931,-0.991887,0,0.328998,0.0892436,0.534134,1
0.975034,0.209526,0.0734106,0,0.201451,-0.973939,0.104122,0,0.0933156,-0.0867359,-0.991851,0,0.329022,0.0894857,0.53424,1
0.974906,0.210055,0.0735864,0,0.201944,-0.973813,0.104341,0,0.0935786,-0.086864,-0.991815,0,0.329047,0.0897258,0.534352,1
0.97478,0.210584,0.0737462,0,0.202438,-0.973687,0.10456,0,0.0938262,-0.0869955,-0.99178,0,0.32907,0.0899668,0.534456,1
0.974652,0.211114,0.0739195,0,0.202931,-0.973561,0.10478,0,0.0940874,-0.0871249,-0.991744,0,0.329097,0.090208,0.534569,1
0.974525,0.211645,0.0740887,0,0.203425,-0.973434,0.105003,0,0.0943456,-0.0872584,-0.991708,0,0.32912,0.0904539,0.534677,1
0.974395,0.212182,0.0742631,0,0.203924,-0.973305,0.105231,0,0.0946104,-0.0873937,-0.991671,0,0.329145,0.0906975,0.534791,1
0.974262,0.212731,0.074436,0,0.204436,-0.973173,0.105459,0,0.0948752,-0.0875285,-0.991634,0,0.329166,0.0909474,0.534903,1
0.974132,0.213261,0.0746183,0,0.204928,-0.973045,0.105681,0,0.0951465,-0.0876576,-0.991596,0,0.329192,0.0911902,0.535019,1
0.974002,0.213796,0.0747813,0,0.205426,-0.972916,0.105905,0,0.0953999,-0.0877917,-0.99156,0,0.329214,0.0914348,0.535126,1
0.973868,0.214341,0.0749591,0,0.205932,-0.972783,0.10614,0,0.0956709,-0.0879317,-0.991522,0,0.329239,0.0916826,0.535239,1
0.973734,0.214893,0.0751257,0,0.206446,-0.972648,0.106375,0,0.0959321,-0.0880737,-0.991484,0,0.329259,0.0919304,0.535347,1
0.973602,0.215432,0.0752951,0,0.206947,-0.972517,0.106602,0,0.0961931,-0.0882077,-0.991447,0,0.329283,0.0921766,0.535458,1
0.973466,0.215983,0.0754677,0,0.207461,-0.972383,0.106828,0,0.0964584,-0.088339,-0.991409,0,0.329306,0.0924251,0.53557,1
0.973333,0.216525,0.0756287,0,0.207966,-0.97225,0.107057,0,0.0967123,-0.0884754,-0.991372,0,0.329329,0.0926742,0.535677,1
0.973197,0.217076,0.0758008,0,0.208479,-0.972115,0.107284,0,0.0969779,-0.0886077,-0.991334,0,0.32935,0.0929261,0.535788,1
0.973062,0.217621,0.0759777,0,0.208985,-0.971982,0.107508,0,0.0972468,-0.0887359,-0.991297,0,0.329371,0.0931732,0.5359,1
0.972928,0.218163,0.076135,0,0.209491,-0.971848,0.107729,0,0.0974961,-0.088865,-0.991261,0,0.329393,0.0934228,0.536005,1
0.972791,0.218711,0.0763202,0,0.209999,-0.971713,0.107957,0,0.0977746,-0.0889942,-0.991222,0,0.329415,0.0936738,0.53612,1
0.972658,0.219245,0.0764813,0,0.210495,-0.971581,0.108183,0,0.0980282,-0.089128,-0.991184,0,0.329436,0.0939199,0.536227,1
0.972519,0.219804,0.0766454,0,0.211017,-0.971442,0.108408,0,0.0982869,-0.0892565,-0.991147,0,0.329458,0.0941735,0.536336,1
0.972381,0.220352,0.0768178,0,0.211527,-0.971307,0.108624,0,0.0985512,-0.0893771,-0.99111,0,0.329478,0.0944231,0.536447,1
0.972243,0.220901,0.0769861,0,0.212037,-0.97117,0.108857,0,0.098815,-0.0895129,-0.991072,0,0.329499,0.0946766,0.536556,1
0.972102,0.22146,0.077155,0,0.212558,-0.97103,0.109088,0,0.0990804,-0.0896463,-0.991033,0,0.329519,0.0949307,0.536665,1
0.971963,0.222015,0.0773228,0,0.213073,-0.970891,0.109319,0,0.0993445,-0.0897808,-0.990994,0,0.32954,0.0951843,0.536776,1
0.971821,0.222572,0.077502,0,0.213591,-0.970751,0.109551,0,0.09962,-0.0899115,-0.990955,0,0.32956,0.0954372,0.536889,1
0.971676,0.223139,0.0776877,0,0.214117,-0.97061,0.109779,0,0.0999023,-0.0900374,-0.990915,0,0.32958,0.0956963,0.537006,1
0.971534,0.223697,0.0778601,0,0.214635,-0.970468,0.110016,0,0.100173,-0.0901746,-0.990875,0,0.329599,0.0959524,0.537119,1
0.97139,0.224261,0.0780363,0,0.215159,-0.970327,0.110244,0,0.100446,-0.090301,-0.990836,0,0.329621,0.096211,0.537232,1
0.971247,0.224819,0.0782099,0,0.215679,-0.970186,0.110466,0,0.100715,-0.0904228,-0.990798,0,0.329641,0.0964653,0.537343,1
0.971101,0.225384,0.0783921,0,0.216202,-0.970042,0.110703,0,0.100996,-0.0905566,-0.990757,0,0.329659,0.0967251,0.537459,1
0.970957,0.225948,0.0785575,0,0.216727,-0.969899,0.110936,0,0.101261,-0.0906902,-0.990718,0,0.329676,0.0969804,0.537567,1
0.970812,0.226511,0.0787219,0,0.21725,-0.969755,0.11117,0,0.101524,-0.0908246,-0.990678,0,0.329694,0.0972391,0.537675,1
0.970668,0.227074,0.0788793,0,0.217775,-0.969611,0.111396,0,0.101779,-0.0909524,-0.990641,0,0.329713,0.0974968,0.53778,1
0.97052,0.227648,0.0790465,0,0.218308,-0.969464,0.111632,0,0.102047,-0.0910863,-0.990601,0,0.329728,0.097758,0.53789,1
0.970373,0.228221,0.0792013,0,0.218842,-0.969317,0.111861,0,0.102302,-0.091216,-0.990562,0,0.329744,0.0980197,0.537994,1
0.970223,0.228798,0.0793662,0,0.21938,-0.969169,0.112093,0,0.102568,-0.0913457,-0.990523,0,0.329761,0.0982841,0.538101,1
0.970078,0.229362,0.0795167,0,0.219905,-0.969023,0.112324,0,0.102818,-0.0914786,-0.990485,0,0.329777,0.0985422,0.538203,1
0.969927,0.22994,0.0796841,0,0.220443,-0.968873,0.112563,0,0.103089,-0.0916142,-0.990444,0,0.329793,0.0988075,0.538313,1
0.969778,0.230515,0.0798401,0,0.220977,-0.968724,0.112801,0,0.103347,-0.0917512,-0.990404,0,0.329805,0.0990684,0.538417,1
0.969629,0.231094,0.0799744,0,0.221519,-0.968572,0.113037,0,0.103585,-0.0918898,-0.990367,0,0.329821,0.0993339,0.538514,1
0.96948,0.23167,0.0801174,0,0.222056,-0.968422,0.113273,0,0.103831,-0.0920274,-0.990328,0,0.329832,0.0995979,0.538612,1
0.969327,0.232255,0.0802703,0,0.222602,-0.968269,0.11351,0,0.104088,-0.0921613,-0.990289,0,0.329846,0.0998648,0.538715,1
0.969174,0.232842,0.0804229,0,0.223148,-0.968114,0.113755,0,0.104348,-0.0923037,-0.990248,0,0.329859,0.100134,0.538817,1
0.969022,0.233422,0.0805627,0,0.22369,-0.967961,0.113992,0,0.104592,-0.0924415,-0.99021,0,0.329871,0.1004,0.538915,1
0.968871,0.234001,0.0807073,0,0.224229,-0.967809,0.114228,0,0.104841,-0.0925771,-0.990171,0,0.329885,0.100664,0.539014,1
0.968713,0.234598,0.0808634,0,0.224785,-0.967651,0.114473,0,0.105105,-0.0927169,-0.99013,0,0.329897,0.100936,0.539118,1
0.96856,0.235183,0.081005,0,0.22533,-0.967496,0.114714,0,0.105353,-0.0928564,-0.99009,0,0.329909,0.101205,0.539215,1
0.968404,0.235767,0.081169,0,0.225874,-0.967341,0.114948,0,0.105621,-0.0929843,-0.99005,0,0.329923,0.101473,0.539323,1
0.96825,0.236347,0.0813166,0,0.226414,-0.967186,0.115187,0,0.105875,-0.0931204,-0.99001,0,0.329934,0.101738,0.539422,1
0.968095,0.236925,0.0814776,0,0.22695,-0.967032,0.115428,0,0.106141,-0.0932557,-0.989968,0,0.329948,0.102005,0.539528,1
0.967938,0.237515,0.0816313,0,0.227499,-0.966874,0.115666,0,0.106402,-0.093388,-0.989928,0,0.32996,0.102276,0.53963,1
0.967784,0.238092,0.0817785,0,0.228036,-0.96672,0.1159,0,0.106654,-0.0935199,-0.989888,0,0.329973,0.102541,0.539732,1
0.967627,0.238673,0.0819408,0,0.228575,-0.966564,0.11614,0,0.106923,-0.0936524,-0.989847,0,0.329986,0.102809,0.539838,1
0.967469,0.239253,0.0821128,0,0.229113,-0.966408,0.116381,0,0.107201,-0.0937836,-0.989804,0,0.330001,0.103077,0.53995,1
0.967314,0.239823,0.082279,0,0.229641,-0.966254,0.116615,0,0.107472,-0.093911,-0.989763,0,0.330013,0.103342,0.540059,1
0.967158,0.240394,0.0824465,0,0.23017,-0.9661,0.116848,0,0.107743,-0.0940355,-0.989722,0,0.330027,0.103606,0.540168,1
0.966998,0.240974,0.0826259,0,0.230707,-0.965943,0.117085,0,0.108029,-0.0941605,-0.989679,0,0.330042,0.103872,0.54028,1
0.966839,0.241548,0.0828108,0,0.231236,-0.965788,0.117324,0,0.108319,-0.0942861,-0.989635,0,0.330055,0.104137,0.540396,1
0.966678,0.24213,0.0829837,0,0.231776,-0.965629,0.117561,0,0.108599,-0.0944118,-0.989592,0,0.330068,0.104405,0.540507,1
0.966521,0.242697,0.0831609,0,0.232299,-0.965475,0.117795,0,0.10888,-0.0945347,-0.98955,0,0.330082,0.104668,0.540621,1
0.96636,0.243277,0.0833423,0,0.232835,-0.965317,0.118032,0,0.109168,-0.0946579,-0.989506,0,0.330094,0.104936,0.540736,1
0.966198,0.243853,0.0835291,0,0.233367,-0.96516,0.118264,0,0.10946,-0.0947751,-0.989463,0,0.330109,0.105204,0.540855,1
0.966036,0.244434,0.0837042,0,0.233904,-0.965001,0.118503,0,0.109743,-0.0949015,-0.989419,0,0.330121,0.105472,0.540967,1
0.965876,0.245005,0.083884,0,0.234432,-0.964844,0.118738,0,0.110029,-0.0950232,-0.989376,0,0.330134,0.105737,0.541082,1
0.965716,0.245578,0.0840581,0,0.23496,-0.964686,0.118973,0,0.110309,-0.0951451,-0.989333,0,0.330145,0.106003,0.541194,1
0.965554,0.246143,0.0842556,0,0.23548,-0.964531,0.119203,0,0.11061,-0.0952587,-0.989288,0,0.330159,0.106266,0.541315,1
0.96539,0.246726,0.0844307,0,0.236019,-0.964371,0.119435,0,0.110892,-0.0953756,-0.989245,0,0.330169,0.106535,0.541428,1
0.965231,0.247288,0.0846061,0,0.236539,-0.964215,0.119663,0,0.111172,-0.0954916,-0.989203,0,0.330183,0.106797,0.541542,1
0.965066,0.247873,0.0847816,0,0.237081,-0.964053,0.119894,0,0.111455,-0.0956075,-0.98916,0,0.330195,0.107069,0.541657,1
0.964902,0.248444,0.0849717,0,0.237606,-0.963895,0.120123,0,0.11175,-0.0957192,-0.989116,0,0.330208,0.107335,0.541777,1
0.964734,0.24903,0.0851611,0,0.238147,-0.963733,0.120356,0,0.112047,-0.0958325,-0.989071,0,0.33022,0.107607,0.541897,1
0.964569,0.249607,0.0853449,0,0.238679,-0.963572,0.120588,0,0.112338,-0.0959477,-0.989027,0,0.330231,0.107876,0.542014,1
0.964403,0.250186,0.0855258,0,0.239214,-0.963411,0.120819,0,0.112626,-0.0960615,-0.988983,0,0.330242,0.108143,0.542129,1
0.964235,0.250769,0.0857091,0,0.239752,-0.963248,0.121051,0,0.112917,-0.0961746,-0.988939,0,0.330252,0.108414,0.542246,1
0.964066,0.251359,0.0858827,0,0.240297,-0.963082,0.121286,0,0.113201,-0.0962922,-0.988895,0,0.330262,0.108686,0.542359,1
0.963901,0.251935,0.0860517,0,0.240831,-0.96292,0.121513,0,0.113477,-0.0964048,-0.988852,0,0.330274,0.108953,0.54247,1
0.963728,0.252529,0.0862395,0,0.241379,-0.962754,0.121748,0,0.113775,-0.0965174,-0.988807,0,0.330284,0.10923,0.542589,1
0.963558,0.253119,0.0864113,0,0.241925,-0.962587,0.121983,0,0.114057,-0.0966348,-0.988763,0,0.330291,0.109505,0.542701,1
0.963391,0.253697,0.0865852,0,0.242459,-0.962424,0.122211,0,0.114338,-0.0967457,-0.98872,0,0.330304,0.109775,0.542814,1
0.96322,0.254284,0.0867591,0,0.243001,-0.962257,0.122444,0,0.114622,-0.0968598,-0.988676,0,0.330312,0.110046,0.542926,1
0.96305,0.254869,0.0869355,0,0.243541,-0.962091,0.122678,0,0.114909,-0.0969744,-0.988631,0,0.330321,0.110318,0.54304,1
0.962876,0.255466,0.0871117,0,0.244092,-0.961921,0.122915,0,0.115197,-0.0970907,-0.988586,0,0.330327,0.110596,0.543153,1
0.962704,0.256054,0.0872785,0,0.244636,-0.961753,0.123147,0,0.115475,-0.0972043,-0.988543,0,0.330338,0.110867,0.543263,1
0.962532,0.256643,0.0874467,0,0.245181,-0.961584,0.123383,0,0.115755,-0.097322,-0.988498,0,0.330347,0.111141,0.543372,1
0.962354,0.257245,0.0876382,0,0.245735,-0.961412,0.12362,0,0.116059,-0.0974322,-0.988452,0,0.330356,0.11142,0.543494,1
0.962181,0.257837,0.0877982,0,0.246284,-0.961242,0.123848,0,0.11633,-0.0975423,-0.988409,0,0.330363,0.111696,0.5436,1
0.962006,0.258426,0.087979,0,0.246828,-0.961073,0.124076,0,0.116621,-0.0976485,-0.988364,0,0.330372,0.11197,0.543716,1
0.96183,0.259018,0.0881623,0,0.247374,-0.960903,0.124309,0,0.116916,-0.0977572,-0.988319,0,0.33038,0.112246,0.543832,1
0.961652,0.259618,0.0883428,0,0.247928,-0.96073,0.124541,0,0.117209,-0.0978648,-0.988274,0,0.330387,0.112524,0.543949,1
0.961471,0.260227,0.0885242,0,0.24849,-0.960554,0.124778,0,0.117505,-0.0979748,-0.988227,0,0.330393,0.112807,0.544066,1
0.961295,0.260821,0.0886838,0,0.249042,-0.960382,0.125004,0,0.117776,-0.0980818,-0.988185,0,0.330401,0.113083,0.544173,1
0.961115,0.261421,0.088871,0,0.249593,-0.960207,0.125243,0,0.118078,-0.0981933,-0.988137,0,0.330408,0.113364,0.544291,1
0.960937,0.262014,0.0890456,0,0.250142,-0.960035,0.12547,0,0.118364,-0.0982966,-0.988093,0,0.330415,0.11364,0.544405,1
0.960758,0.262615,0.089209,0,0.250697,-0.959859,0.125708,0,0.118643,-0.0984123,-0.988048,0,0.330422,0.113919,0.544512,1
0.960578,0.263217,0.0893716,0,0.251255,-0.959683,0.12594,0,0.11892,-0.0985223,-0.988004,0,0.330428,0.1142,0.54462,1
0.960395,0.263832,0.0895271,0,0.251824,-0.959502,0.126178,0,0.119193,-0.0986373,-0.987959,0,0.330431,0.114483,0.544725,1
0.960215,0.26443,0.0896906,0,0.252378,-0.959326,0.126414,0,0.119472,-0.0987503,-0.987914,0,0.330435,0.114763,0.544834,1
0.960033,0.265034,0.0898531,0,0.252937,-0.959148,0.126644,0,0.11975,-0.0988573,-0.98787,0,0.330441,0.115045,0.544942,1
0.959853,0.265636,0.0900027,0,0.253495,-0.95897,0.126877,0,0.120015,-0.0989695,-0.987827,0,0.330443,0.115325,0.545043,1
0.959668,0.266251,0.0901597,0,0.254064,-0.958788,0.127115,0,0.120291,-0.0990837,-0.987782,0,0.330446,0.11561,0.545151,1
0.959485,0.266859,0.090306,0,0.254629,-0.958607,0.127352,0,0.120555,-0.0991994,-0.987738,0,0.330446,0.115892,0.545252,1
0.959301,0.26747,0.0904512,0,0.255195,-0.958424,0.12759,0,0.120819,-0.0993165,-0.987694,0,0.330447,0.116177,0.545355,1
0.959116,0.268086,0.0905891,0,0.255767,-0.95824,0.12783,0,0.121078,-0.0994363,-0.98765,0,0.330448,0.116461,0.545453,1
0.958931,0.268696,0.0907425,0,0.256332,-0.958057,0.128069,0,0.121351,-0.0995513,-0.987605,0,0.330448,0.116746,0.545556,1
0.958747,0.269304,0.0908813,0,0.256896,-0.957873,0.128312,0,0.12161,-0.0996741,-0.987561,0,0.330449,0.11703,0.545654,1
0.958561,0.269916,0.0910357,0,0.257463,-0.95769,0.128547,0,0.121883,-0.0997839,-0.987516,0,0.33045,0.117314,0.545758,1
0.958375,0.270525,0.0911811,0,0.258026,-0.957505,0.128792,0,0.12215,-0.0999055,-0.987471,0,0.33045,0.117599,0.545857,1
0.958186,0.271141,0.0913404,0,0.258595,-0.957319,0.129032,0,0.12243,-0.100019,-0.987425,0,0.33045,0.117886,0.545962,1
0.958,0.27175,0.0914808,0,0.25916,-0.957134,0.129268,0,0.12269,-0.100133,-0.987381,0,0.330451,0.11817,0.546061,1
0.957815,0.272351,0.0916336,0,0.259716,-0.956952,0.129506,0,0.122962,-0.100246,-0.987335,0,0.330453,0.118452,0.546164,1
0.957626,0.27296,0.0917966,0,0.260278,-0.956767,0.129745,0,0.123245,-0.100356,-0.987289,0,0.330452,0.118737,0.546271,1
0.957437,0.273569,0.0919461,0,0.260842,-0.956581,0.129984,0,0.123516,-0.10047,-0.987243,0,0.330452,0.119023,0.546372,1
0.957248,0.27418,0.092106,0,0.261405,-0.956394,0.130223,0,0.123797,-0.100581,-0.987197,0,0.330454,0.119307,0.546478,1
0.957062,0.274777,0.0922542,0,0.261958,-0.956211,0.130455,0,0.124063,-0.100689,-0.987153,0,0.330454,0.119587,0.546579,1
0.956872,0.275377,0.0924291,0,0.26251,-0.956027,0.130694,0,0.124357,-0.100796,-0.987105,0,0.330456,0.119868,0.54669,1
0.956684,0.275973,0.0926004,0,0.263059,-0.955845,0.130923,0,0.124645,-0.100895,-0.987058,0,0.330458,0.120149,0.546802,1
0.956495,0.27657,0.092769,0,0.263608,-0.955662,0.131156,0,0.124932,-0.100998,-0.987011,0,0.330462,0.12043,0.546911,1
0.956308,0.277161,0.092935,0,0.264152,-0.955479,0.131391,0,0.125216,-0.101104,-0.986964,0,0.330465,0.120711,0.547021,1
0.956119,0.277755,0.0931089,0,0.264698,-0.955297,0.131621,0,0.125507,-0.101202,-0.986917,0,0.330467,0.120991,0.547134,1
0.955926,0.278357,0.0932887,0,0.265251,-0.95511,0.131859,0,0.125807,-0.101305,-0.986869,0,0.330467,0.121273,0.547249,1
0.955737,0.278944,0.093473,0,0.26579,-0.954929,0.132089,0,0.126108,-0.1014,-0.986821,0,0.330472,0.121551,0.547366,1
0.955549,0.279535,0.0936324,0,0.266333,-0.954745,0.132323,0,0.126386,-0.101506,-0.986774,0,0.330474,0.121829,0.547472,1
0.955354,0.280139,0.0938151,0,0.266889,-0.954558,0.132556,0,0.126688,-0.101602,-0.986725,0,0.330477,0.122112,0.54759,1
0.955165,0.280725,0.0939884,0,0.267427,-0.954375,0.132785,0,0.126979,-0.101698,-0.986678,0,0.33048,0.122389,0.547704,1
0.954976,0.281311,0.0941597,0,0.267965,-0.954193,0.133011,0,0.127266,-0.101793,-0.986631,0,0.330484,0.122666,0.547817,1
0.954783,0.281907,0.0943285,0,0.268514,-0.954006,0.13324,0,0.127554,-0.101888,-0.986584,0,0.330486,0.122947,0.547929,1
0.954592,0.28249,0.0945204,0,0.269048,-0.953825,0.13346,0,0.12786,-0.101971,-0.986536,0,0.330487,0.123223,0.548047,1
0.954401,0.283079,0.0946894,0,0.269591,-0.953641,0.133681,0,0.128144,-0.10206,-0.98649,0,0.33049,0.123504,0.548158,1
0.954209,0.283664,0.0948724,0,0.270127,-0.953458,0.133905,0,0.128443,-0.102147,-0.986442,0,0.330492,0.123781,0.548275,1
0.954013,0.284262,0.0950495,0,0.270677,-0.95327,0.134127,0,0.128738,-0.102233,-0.986395,0,0.330491,0.124064,0.548388,1
0.953817,0.28486,0.0952299,0,0.271226,-0.953082,0.134359,0,0.129038,-0.102327,-0.986346,0,0.330491,0.124348,0.548506,1
0.953622,0.285451,0.0954141,0,0.271769,-0.952896,0.134578,0,0.129338,-0.102408,-0.986298,0,0.330491,0.124627,0.548624,1
0.953424,0.286055,0.0955776,0,0.272325,-0.952704,0.134811,0,0.129623,-0.102506,-0.986251,0,0.330492,0.124913,0.548733,1
0.953227,0.28665,0.0957672,0,0.272869,-0.952517,0.135038,0,0.129931,-0.102592,-0.986201,0,0.330492,0.125194,0.548854,1
0.953025,0.28726,0.0959434,0,0.27343,-0.952322,0.135276,0,0.130231,-0.102689,-0.986152,0,0.330488,0.125481,0.548967,1
0.952826,0.287863,0.0961128,0,0.273984,-0.95213,0.135503,0,0.130521,-0.102779,-0.986104,0,0.330488,0.125766,0.54908,1
0.952626,0.288467,0.0962872,0,0.274538,-0.951937,0.135737,0,0.130818,-0.102874,-0.986055,0,0.330485,0.126051,0.549192,1
0.952425,0.289067,0.0964738,0,0.275088,-0.951746,0.135965,0,0.131124,-0.10296,-0.986005,0,0.330484,0.126336,0.549311,1
0.95222,0.289686,0.0966448,0,0.275658,-0.951547,0.136201,0,0.13142,-0.103054,-0.985956,0,0.330479,0.126628,0.549423,1
0.952025,0.29027,0.0968144,0,0.276195,-0.95136,0.136421,0,0.131707,-0.103138,-0.985909,0,0.330477,0.126906,0.549534,1
0.95182,0.290883,0.0969892,0,0.276758,-0.951163,0.136653,0,0.132005,-0.103228,-0.985859,0,0.330474,0.127197,0.549648,1
0.951615,0.291494,0.0971645,0,0.277319,-0.950967,0.136878,0,0.132302,-0.103312,-0.985811,0,0.33047,0.127485,0.549761,1
0.95141,0.292107,0.0973291,0,0.277884,-0.95077,0.137104,0,0.132589,-0.103398,-0.985763,0,0.330466,0.127773,0.549871,1
0.951206,0.292715,0.0974961,0,0.278444,-0.950574,0.137329,0,0.132878,-0.103483,-0.985715,0,0.330463,0.128062,0.549982,1
0.951001,0.29332,0.0976816,0,0.279,-0.950379,0.137547,0,0.133183,-0.103557,-0.985666,0,0.330459,0.128349,0.550099,1
0.950792,0.29394,0.0978543,0,0.27957,-0.950178,0.137777,0,0.13348,-0.103642,-0.985617,0,0.330451,0.128642,0.550211,1
0.950583,0.294554,0.0980329,0,0.280135,-0.949979,0.138002,0,0.133781,-0.103722,-0.985568,0,0.330447,0.128934,0.550327,1
0.950372,0.295178,0.0982075,0,0.280707,-0.949776,0.138239,0,0.134083,-0.103813,-0.985517,0,0.330441,0.129227,0.550441,1
0.950161,0.295794,0.0983939,0,0.281273,-0.949576,0.138463,0,0.134391,-0.103888,-0.985467,0,0.330436,0.12952,0.55056,1
0.949949,0.296416,0.0985679,0,0.281845,-0.949372,0.138698,0,0.134693,-0.103977,-0.985417,0,0.330429,0.129816,0.550673,1
0.949739,0.297029,0.0987438,0,0.282408,-0.949172,0.138922,0,0.134991,-0.104056,-0.985368,0,0.330425,0.130107,0.550788,1
0.949523,0.297657,0.098929,0,0.282983,-0.948965,0.139162,0,0.135305,-0.104144,-0.985315,0,0.330417,0.130404,0.550906,1
0.949311,0.298276,0.0990978,0,0.283552,-0.948761,0.139394,0,0.135601,-0.104231,-0.985266,0,0.330409,0.130696,0.551017,1
0.949096,0.298905,0.0992656,0,0.28413,-0.948554,0.139629,0,0.135897,-0.104319,-0.985215,0,0.330402,0.130991,0.551127,1
0.948882,0.299529,0.0994294,0,0.284705,-0.948348,0.139859,0,0.136188,-0.104403,-0.985166,0,0.330393,0.131285,0.551236,1
0.948667,0.300154,0.0995982,0,0.28528,-0.948141,0.140092,0,0.136485,-0.104489,-0.985116,0,0.330384,0.131582,0.551348,1
0.948449,0.300788,0.0997592,0,0.285864,-0.94793,0.140328,0,0.136776,-0.104578,-0.985066,0,0.330373,0.131882,0.551455,1
0.948236,0.301409,0.0999128,0,0.286437,-0.947724,0.140551,0,0.137056,-0.104658,-0.985019,0,0.330365,0.132175,0.551559,1
0.948016,0.302048,0.100068,0,0.287026,-0.94751,0.140788,0,0.137343,-0.104749,-0.984969,0,0.330354,0.132476,0.551665,1
0.947799,0.302674,0.100231,0,0.287602,-0.947301,0.141016,0,0.137633,-0.10483,-0.98492,0,0.330343,0.132774,0.551773,1
0.947579,0.303312,0.100384,0,0.288191,-0.947088,0.141251,0,0.137919,-0.104918,-0.984871,0,0.330331,0.133076,0.551878,1
0.947362,0.303942,0.100528,0,0.288774,-0.946876,0.141479,0,0.138192,-0.105004,-0.984823,0,0.330318,0.133374,0.551978,1
0.94714,0.304578,0.100687,0,0.289359,-0.946662,0.141715,0,0.138482,-0.105092,-0.984773,0,0.330305,0.133677,0.552084,1
0.946919,0.305217,0.100832,0,0.28995,-0.946447,0.141946,0,0.138759,-0.105178,-0.984725,0,0.33029,0.133979,0.552184,1
0.946697,0.305854,0.100989,0,0.290536,-0.946231,0.142186,0,0.13905,-0.105268,-0.984674,0,0.330277,0.13428,0.55229,1
0.946478,0.306487,0.101126,0,0.29112,-0.946015,0.142424,0,0.139321,-0.105363,-0.984626,0,0.330262,0.134581,0.552387,1
0.946249,0.30714,0.101286,0,0.291721,-0.945794,0.142668,0,0.139618,-0.105454,-0.984574,0,0.330246,0.13489,0.552495,1
0.946026,0.30778,0.101423,0,0.292313,-0.945576,0.142897,0,0.139887,-0.105539,-0.984527,0,0.33023,0.135191,0.552591,1
0.945802,0.308417,0.10158,0,0.292899,-0.945359,0.143136,0,0.140178,-0.105628,-0.984476,0,0.330217,0.135495,0.552696,1
0.945577,0.309055,0.101736,0,0.293486,-0.94514,0.143375,0,0.140468,-0.105716,-0.984425,0,0.330203,0.135798,0.552801,1
0.945349,0.309699,0.101897,0,0.294079,-0.94492,0.143608,0,0.140763,-0.105796,-0.984374,0,0.330188,0.136101,0.552908,1
0.945124,0.310331,0.102054,0,0.29466,-0.944703,0.14385,0,0.141054,-0.105887,-0.984323,0,0.330176,0.136403,0.553012,1
0.944903,0.310955,0.102202,0,0.295235,-0.944489,0.144078,0,0.141333,-0.105968,-0.984274,0,0.330164,0.1367,0.553113,1
0.944678,0.311583,0.102375,0,0.295811,-0.944273,0.14431,0,0.141637,-0.106045,-0.984222,0,0.330153,0.137001,0.553226,1
0.94445,0.312216,0.102547,0,0.296391,-0.944056,0.14454,0,0.141941,-0.106119,-0.98417,0,0.330139,0.137304,0.553338,1
0.944225,0.312841,0.102718,0,0.296965,-0.94384,0.144772,0,0.142243,-0.106196,-0.984119,0,0.330125,0.137601,0.553449,1
0.944001,0.313459,0.102885,0,0.297531,-0.943626,0.145001,0,0.14254,-0.106271,-0.984067,0,0.330113,0.137898,0.553558,1
0.943772,0.314087,0.103076,0,0.298105,-0.94341,0.145231,0,0.142861,-0.106339,-0.984014,0,0.3301,0.138197,0.553679,1
0.943546,0.314712,0.10324,0,0.298678,-0.943193,0.145464,0,0.143157,-0.106419,-0.983962,0,0.330086,0.138495,0.553787,1
0.943319,0.315329,0.103425,0,0.299242,-0.942979,0.145692,0,0.143472,-0.106487,-0.983909,0,0.330075,0.138794,0.553906,1
0.943093,0.315952,0.103594,0,0.299812,-0.942762,0.145924,0,0.143772,-0.106563,-0.983857,0,0.33006,0.139091,0.554016,1
0.942861,0.31658,0.103786,0,0.300385,-0.942543,0.146156,0,0.144095,-0.106631,-0.983802,0,0.330048,0.139392,0.554137,1
0.942632,0.3172,0.103974,0,0.300951,-0.942327,0.146384,0,0.144414,-0.106697,-0.983748,0,0.330036,0.139691,0.554257,1
0.942405,0.317816,0.10415,0,0.301513,-0.942111,0.146618,0,0.144721,-0.106773,-0.983695,0,0.330022,0.139987,0.55437,1
0.942171,0.318443,0.104346,0,0.302085,-0.941892,0.146847,0,0.145047,-0.106836,-0.98364,0,0.330009,0.140287,0.554491,1
0.941942,0.319064,0.104519,0,0.302653,-0.941674,0.147078,0,0.145352,-0.106908,-0.983587,0,0.329993,0.140584,0.554602,1
0.941711,0.319681,0.104714,0,0.303216,-0.941458,0.147302,0,0.145677,-0.106967,-0.983533,0,0.329981,0.140882,0.554725,1
0.941477,0.320311,0.104891,0,0.303792,-0.941236,0.147534,0,0.145987,-0.107037,-0.983479,0,0.329966,0.141183,0.55484,1
0.941245,0.32093,0.10508,0,0.304356,-0.941018,0.147761,0,0.146306,-0.107099,-0.983425,0,0.329952,0.141482,0.554961,1
0.941007,0.321569,0.105261,0,0.304941,-0.940793,0.147988,0,0.14662,-0.107162,-0.983371,0,0.329935,0.141789,0.555078,1
0.940777,0.322183,0.10544,0,0.305503,-0.940576,0.148211,0,0.146928,-0.107224,-0.983318,0,0.329919,0.142087,0.555193,1
0.940539,0.322814,0.10563,0,0.306079,-0.940352,0.148442,0,0.147251,-0.107286,-0.983263,0,0.329902,0.14239,0.555314,1
0.940302,0.323446,0.105806,0,0.306657,-0.940127,0.148671,0,0.147561,-0.107351,-0.98321,0,0.329884,0.142693,0.555427,1
0.940065,0.324075,0.105988,0,0.307232,-0.939904,0.148893,0,0.147874,-0.107408,-0.983157,0,0.329867,0.142995,0.555545,1
0.939828,0.324707,0.106157,0,0.307811,-0.939678,0.149124,0,0.148178,-0.107477,-0.983103,0,0.329851,0.1433,0.555657,1
0.939588,0.325339,0.106349,0,0.308388,-0.939453,0.149348,0,0.148501,-0.107531,-0.983049,0,0.329832,0.143605,0.555778,1
0.939347,0.325978,0.106514,0,0.308974,-0.939224,0.149581,0,0.148803,-0.107601,-0.982995,0,0.329812,0.143912,0.555887,1
0.939107,0.326617,0.106678,0,0.30956,-0.938994,0.14981,0,0.149103,-0.107666,-0.982943,0,0.329794,0.144217,0.555996,1
0.938866,0.327251,0.106851,0,0.310141,-0.938766,0.150038,0,0.149411,-0.107729,-0.982889,0,0.329774,0.14452,0.556109,1
0.938626,0.327886,0.107019,0,0.310722,-0.938537,0.150267,0,0.149715,-0.107793,-0.982836,0,0.329756,0.144826,0.55622,1
0.938379,0.328533,0.107197,0,0.311314,-0.938304,0.150495,0,0.150029,-0.107852,-0.982781,0,0.329735,0.145136,0.556335,1
0.938139,0.329165,0.107364,0,0.311893,-0.938075,0.150728,0,0.150332,-0.10792,-0.982728,0,0.329716,0.145441,0.556446,1
0.937892,0.329807,0.107544,0,0.31248,-0.937842,0.150959,0,0.15065,-0.10798,-0.982672,0,0.329696,0.145751,0.556561,1
0.937644,0.330461,0.107706,0,0.313081,-0.937605,0.151189,0,0.150951,-0.108043,-0.982619,0,0.329673,0.146061,0.55667,1
0.937398,0.331096,0.107891,0,0.31366,-0.937375,0.151416,0,0.151271,-0.108098,-0.982564,0,0.329654,0.146369,0.556788,1
0.937149,0.331741,0.10808,0,0.314249,-0.93714,0.151645,0,0.151596,-0.108152,-0.982508,0,0.329631,0.146682,0.556907,1
0.936901,0.332383,0.108256,0,0.314837,-0.936906,0.151873,0,0.151908,-0.108209,-0.982453,0,0.329609,0.146991,0.557021,1
0.936648,0.333038,0.108433,0,0.315437,-0.936668,0.152097,0,0.152223,-0.108259,-0.982399,0,0.329586,0.147307,0.557136,1
0.936401,0.333674,0.108606,0,0.31602,-0.936435,0.15232,0,0.152531,-0.108313,-0.982345,0,0.329564,0.147614,0.557248,1
0.936147,0.334329,0.108782,0,0.316619,-0.936195,0.152552,0,0.152847,-0.108371,-0.98229,0,0.329542,0.147927,0.557364,1
0.93589,0.334992,0.10895,0,0.317228,-0.935951,0.152787,0,0.153157,-0.108432,-0.982235,0,0.329516,0.148245,0.557475,1
0.935642,0.335631,0.109117,0,0.317812,-0.935716,0.15301,0,0.153461,-0.108486,-0.982182,0,0.329495,0.148553,0.557585,1
0.935387,0.336288,0.109281,0,0.318415,-0.935473,0.153243,0,0.153767,-0.108547,-0.982127,0,0.32947,0.148869,0.557694,1
0.935133,0.336941,0.109444,0,0.319015,-0.935231,0.15347,0,0.154069,-0.108602,-0.982073,0,0.329445,0.149182,0.557802,1
0.934878,0.337599,0.109597,0,0.31962,-0.934986,0.153705,0,0.154365,-0.108668,-0.98202,0,0.329419,0.149498,0.557905,1
0.934623,0.338253,0.109747,0,0.320221,-0.934743,0.153931,0,0.154656,-0.108726,-0.981967,0,0.329394,0.149811,0.558009,1
0.934367,0.338913,0.109896,0,0.320829,-0.934497,0.154162,0,0.154948,-0.108788,-0.981915,0,0.329365,0.150128,0.558111,1
0.934112,0.339568,0.11004,0,0.321431,-0.934252,0.154391,0,0.155234,-0.10885,-0.981863,0,0.329336,0.150443,0.558212,1
0.933855,0.340225,0.110191,0,0.322035,-0.934006,0.154618,0,0.155527,-0.108908,-0.98181,0,0.329307,0.150759,0.558316,1
0.933597,0.340887,0.110334,0,0.322644,-0.933756,0.154855,0,0.155817,-0.108976,-0.981756,0,0.329275,0.15108,0.558415,1
0.933336,0.341554,0.110475,0,0.32326,-0.933506,0.155084,0,0.156102,-0.109036,-0.981704,0,0.329245,0.151398,0.558516,1
0.933075,0.342222,0.110615,0,0.323875,-0.933254,0.155318,0,0.156388,-0.1091,-0.981652,0,0.329213,0.151716,0.558615,1
0.932818,0.342879,0.110752,0,0.324479,-0.933005,0.155552,0,0.156671,-0.109167,-0.981599,0,0.329184,0.152033,0.558712,1
0.932556,0.343541,0.110903,0,0.325087,-0.932754,0.155787,0,0.156967,-0.109229,-0.981545,0,0.329153,0.152353,0.558815,1
0.932295,0.344205,0.111041,0,0.325699,-0.932502,0.156017,0,0.15725,-0.10929,-0.981493,0,0.329124,0.15267,0.558912,1
0.932034,0.344859,0.111196,0,0.326299,-0.932253,0.156251,0,0.157551,-0.10935,-0.981438,0,0.329094,0.152987,0.559016,1
0.931776,0.345509,0.111343,0,0.326895,-0.932005,0.156482,0,0.157841,-0.109411,-0.981384,0,0.329064,0.153301,0.559115,1
0.931513,0.346168,0.111503,0,0.327498,-0.931754,0.156716,0,0.158147,-0.109468,-0.981329,0,0.329035,0.153618,0.559221,1
0.931252,0.34682,0.111653,0,0.328096,-0.931504,0.156951,0,0.158442,-0.10953,-0.981274,0,0.329007,0.153936,0.559322,1
0.930996,0.347459,0.111804,0,0.328683,-0.93126,0.15717,0,0.158731,-0.109579,-0.981222,0,0.32898,0.154245,0.559424,1
0.930735,0.348102,0.111974,0,0.32927,-0.931014,0.157401,0,0.159044,-0.109631,-0.981166,0,0.328951,0.154558,0.559535,1
0.930474,0.348747,0.11214,0,0.32986,-0.930767,0.157624,0,0.15935,-0.109677,-0.981111,0,0.328922,0.154871,0.559644,1
0.930217,0.349377,0.112305,0,0.330436,-0.930525,0.157848,0,0.159654,-0.109725,-0.981056,0,0.328896,0.155179,0.559752,1
0.929954,0.350023,0.112473,0,0.331026,-0.930277,0.158076,0,0.159964,-0.109774,-0.981,0,0.328867,0.155492,0.559862,1
0.929692,0.350661,0.112653,0,0.331607,-0.930031,0.158304,0,0.160285,-0.109819,-0.980943,0,0.328838,0.1558,0.559976,1
0.929432,0.351294,0.112822,0,0.332184,-0.929787,0.158528,0,0.160593,-0.109866,-0.980887,0,0.328811,0.156111,0.560087,1
0.929172,0.351925,0.112997,0,0.332759,-0.929543,0.158752,0,0.160907,-0.109909,-0.980831,0,0.328785,0.156417,0.560202,1
0.928908,0.352565,0.113175,0,0.333343,-0.929296,0.158973,0,0.161224,-0.109948,-0.980774,0,0.328757,0.156727,0.560316,1
0.928643,0.353202,0.11336,0,0.333921,-0.929048,0.159207,0,0.161553,-0.109995,-0.980715,0,0.328728,0.157039,0.560434,1
0.928386,0.353822,0.113534,0,0.334486,-0.928808,0.159425,0,0.161863,-0.110035,-0.980659,0,0.328703,0.157342,0.560546,1
0.928123,0.354456,0.113705,0,0.335064,-0.928561,0.159651,0,0.162175,-0.110079,-0.980603,0,0.328676,0.157651,0.560656,1
0.92786,0.355084,0.113893,0,0.335636,-0.928317,0.159865,0,0.162498,-0.110107,-0.980546,0,0.328649,0.157959,0.560775,1
0.927602,0.355705,0.11406,0,0.336203,-0.928075,0.16008,0,0.1628,-0.110145,-0.980492,0,0.32862,0.158263,0.560884,1
0.927341,0.35633,0.114231,0,0.336774,-0.927831,0.160291,0,0.163106,-0.110177,-0.980437,0,0.328594,0.15857,0.560997,1
0.927077,0.356959,0.114411,0,0.337346,-0.927586,0.160507,0,0.163423,-0.110208,-0.980381,0,0.328564,0.158878,0.561112,1
0.92681,0.357592,0.114592,0,0.337924,-0.927339,0.16072,0,0.163741,-0.110236,-0.980325,0,0.328533,0.159189,0.561228,1
0.926542,0.358233,0.114764,0,0.33851,-0.927088,0.160935,0,0.164051,-0.110266,-0.98027,0,0.328504,0.159503,0.561343,1
0.926276,0.358863,0.114937,0,0.339085,-0.92684,0.161153,0,0.164363,-0.1103,-0.980213,0,0.328472,0.159813,0.561455,1
0.926004,0.359504,0.115126,0,0.339667,-0.926588,0.161376,0,0.164693,-0.110333,-0.980155,0,0.328443,0.160124,0.561575,1
0.925734,0.360145,0.115291,0,0.340253,-0.926333,0.161602,0,0.165001,-0.110375,-0.980098,0,0.32841,0.160437,0.561685,1
0.92547,0.360773,0.115453,0,0.340825,-0.926085,0.161821,0,0.165303,-0.110414,-0.980043,0,0.328381,0.160744,0.561792,1
0.925196,0.361416,0.115636,0,0.34141,-0.92583,0.162047,0,0.165629,-0.110448,-0.979984,0,0.328348,0.161058,0.56191,1
0.924926,0.362056,0.115789,0,0.341997,-0.925575,0.162264,0,0.165924,-0.110485,-0.97993,0,0.328315,0.161372,0.562014,1
0.924652,0.362701,0.115963,0,0.342585,-0.925318,0.162487,0,0.166241,-0.110519,-0.979872,0,0.328281,0.161688,0.562126,1
0.924379,0.363341,0.116134,0,0.343168,-0.925063,0.162708,0,0.166553,-0.110553,-0.979815,0,0.328248,0.162001,0.562238,1
0.924106,0.363982,0.116303,0,0.343753,-0.924807,0.162932,0,0.166866,-0.110589,-0.979758,0,0.328213,0.162315,0.562349,1
0.923828,0.364631,0.116475,0,0.344345,-0.924548,0.163151,0,0.16718,-0.110618,-0.979701,0,0.328178,0.162634,0.562461,1
0.92355,0.365283,0.11664,0,0.344943,-0.924288,0.163364,0,0.167486,-0.110643,-0.979646,0,0.328142,0.162949,0.56257,1
0.923274,0.365925,0.116812,0,0.345528,-0.92403,0.163585,0,0.167801,-0.110674,-0.979589,0,0.328106,0.163263,0.562683,1
0.922992,0.36658,0.116985,0,0.346127,-0.923767,0.163802,0,0.168116,-0.110698,-0.979532,0,0.328069,0.163585,0.562794,1
0.922715,0.367222,0.117159,0,0.346713,-0.923509,0.164017,0,0.168431,-0.110723,-0.979475,0,0.328034,0.1639,0.562906,1
0.922432,0.367875,0.117335,0,0.347308,-0.923246,0.164241,0,0.168752,-0.110752,-0.979417,0,0.327997,0.164219,0.56302,1
0.92215,0.368525,0.117516,0,0.347901,-0.922984,0.164454,0,0.169074,-0.110769,-0.979359,0,0.32796,0.164539,0.563137,1
0.921862,0.369192,0.117681,0,0.348512,-0.922715,0.164674,0,0.169386,-0.110796,-0.979302,0,0.32792,0.164864,0.563247,1
0.921577,0.369846,0.11786,0,0.349108,-0.92245,0.164896,0,0.169709,-0.110821,-0.979243,0,0.327883,0.165184,0.563362,1
0.92129,0.370503,0.118042,0,0.349706,-0.922184,0.165118,0,0.170036,-0.110844,-0.979184,0,0.327843,0.165508,0.563478,1
0.921005,0.371158,0.118203,0,0.350305,-0.921917,0.165339,0,0.170343,-0.110873,-0.979127,0,0.327804,0.165828,0.563585,1
0.920715,0.371821,0.11838,0,0.35091,-0.921646,0.165565,0,0.170668,-0.110899,-0.979068,0,0.327763,0.166151,0.563699,1
0.920429,0.372477,0.118543,0,0.351508,-0.921377,0.165792,0,0.17098,-0.110933,-0.97901,0,0.327723,0.166471,0.563807,1
0.92014,0.373139,0.118703,0,0.352114,-0.921105,0.166016,0,0.171288,-0.110963,-0.978952,0,0.32768,0.166796,0.563914,1
0.919847,0.373813,0.118858,0,0.352731,-0.920829,0.166239,0,0.171593,-0.110992,-0.978896,0,0.327637,0.167122,0.564017,1
0.919558,0.374475,0.119009,0,0.353338,-0.920556,0.16646,0,0.171893,-0.111021,-0.97884,0,0.327596,0.167446,0.56412,1
0.919262,0.375147,0.119177,0,0.353952,-0.920279,0.166687,0,0.172212,-0.111048,-0.978781,0,0.32755,0.167775,0.564231,1
0.918972,0.37581,0.119323,0,0.354561,-0.920005,0.166907,0,0.172506,-0.111077,-0.978725,0,0.327506,0.168098,0.564331,1
0.918675,0.376487,0.119478,0,0.355182,-0.919725,0.167128,0,0.172812,-0.111102,-0.978669,0,0.327459,0.168428,0.564436,1
0.918385,0.377149,0.119621,0,0.355789,-0.919451,0.167348,0,0.173104,-0.111132,-0.978614,0,0.327413,0.168752,0.564534,1
0.918087,0.377825,0.119768,0,0.35641,-0.919169,0.167574,0,0.173404,-0.111163,-0.978557,0,0.327365,0.169082,0.564636,1
0.917788,0.378505,0.119918,0,0.357033,-0.918885,0.167802,0,0.173708,-0.111194,-0.9785,0,0.327318,0.169413,0.564738,1
0.9175,0.37916,0.120049,0,0.357636,-0.918612,0.168015,0,0.173986,-0.111223,-0.978447,0,0.327274,0.169735,0.564832,1
0.917202,0.379834,0.1202,0,0.358253,-0.91833,0.168241,0,0.17429,-0.111251,-0.97839,0,0.327228,0.170066,0.564936,1
0.916905,0.380506,0.12034,0,0.358872,-0.918049,0.168456,0,0.17458,-0.111274,-0.978335,0,0.327181,0.170394,0.565034,1
0.916608,0.381173,0.120488,0,0.359482,-0.917769,0.16868,0,0.17488,-0.111303,-0.978278,0,0.327135,0.170721,0.565134,1
0.916308,0.381846,0.120637,0,0.360099,-0.917485,0.16891,0,0.175183,-0.111334,-0.978221,0,0.327088,0.171051,0.565234,1
0.916011,0.38251,0.120791,0,0.360705,-0.917206,0.169133,0,0.175489,-0.11136,-0.978163,0,0.327042,0.171376,0.565337,1
0.91571,0.38318,0.120952,0,0.361318,-0.916923,0.169356,0,0.1758,-0.111381,-0.978105,0,0.326996,0.171704,0.565443,1
0.915415,0.383834,0.121107,0,0.361916,-0.916647,0.169576,0,0.176105,-0.111404,-0.978047,0,0.326953,0.172027,0.565548,1
0.915117,0.384491,0.121276,0,0.362515,-0.91637,0.169795,0,0.176421,-0.111421,-0.977988,0,0.326908,0.172352,0.565657,1
0.914815,0.38516,0.121433,0,0.363126,-0.916086,0.170019,0,0.176731,-0.111443,-0.97793,0,0.326862,0.17268,0.565762,1
0.91452,0.385805,0.121605,0,0.363714,-0.915813,0.170237,0,0.177049,-0.111458,-0.977871,0,0.326818,0.172999,0.565873,1
0.914225,0.38645,0.121778,0,0.3643,-0.915538,0.170458,0,0.177369,-0.111475,-0.977811,0,0.326773,0.17332,0.565983,1
0.913922,0.387108,0.121963,0,0.364898,-0.91526,0.170673,0,0.1777,-0.11148,-0.97775,0,0.326728,0.173645,0.5661,1
0.913623,0.387761,0.122131,0,0.365493,-0.914982,0.170891,0,0.178016,-0.111494,-0.977691,0,0.32668,0.173967,0.56621,1
0.913325,0.388405,0.122309,0,0.366078,-0.914706,0.171113,0,0.178341,-0.111509,-0.97763,0,0.326638,0.174288,0.566325,1
0.913018,0.389065,0.122504,0,0.366678,-0.914427,0.171325,0,0.178681,-0.111506,-0.977568,0,0.32659,0.174614,0.566447,1
0.912718,0.389715,0.122674,0,0.367268,-0.914148,0.171547,0,0.179,-0.111522,-0.977508,0,0.326545,0.174935,0.566558,1
0.912416,0.390362,0.122864,0,0.367855,-0.913871,0.171765,0,0.179336,-0.111527,-0.977446,0,0.3265,0.175258,0.566676,1
0.912119,0.390999,0.123039,0,0.368434,-0.913597,0.171981,0,0.179656,-0.111538,-0.977386,0,0.326456,0.175575,0.566788,1
0.911817,0.391647,0.123222,0,0.369023,-0.913319,0.172195,0,0.179984,-0.111541,-0.977325,0,0.326408,0.175896,0.566904,1
0.911514,0.392291,0.123413,0,0.369606,-0.913043,0.17241,0,0.180319,-0.111542,-0.977263,0,0.326363,0.176217,0.567022,1
0.911214,0.392935,0.12358,0,0.370192,-0.912765,0.172623,0,0.180633,-0.11155,-0.977204,0,0.326318,0.176537,0.567132,1
0.910903,0.393594,0.123772,0,0.370791,-0.912481,0.17284,0,0.180972,-0.111549,-0.977142,0,0.326267,0.176865,0.567255,1
0.910595,0.394246,0.123963,0,0.371382,-0.912199,0.173057,0,0.18131,-0.11155,-0.977079,0,0.326216,0.177192,0.567374,1
0.910288,0.394895,0.124152,0,0.371971,-0.911919,0.173267,0,0.181643,-0.111544,-0.977018,0,0.32617,0.177515,0.567495,1
0.909979,0.395549,0.124341,0,0.372565,-0.911636,0.173482,0,0.181978,-0.111542,-0.976956,0,0.32612,0.177839,0.567614,1
0.909675,0.396196,0.1245,0,0.373155,-0.911354,0.173697,0,0.182285,-0.111552,-0.976897,0,0.32607,0.178159,0.56772,1
0.909364,0.396854,0.12468,0,0.373753,-0.911068,0.173911,0,0.182612,-0.111551,-0.976836,0,0.326022,0.178486,0.567834,1
0.909054,0.397509,0.124851,0,0.37435,-0.910782,0.174124,0,0.182932,-0.111552,-0.976776,0,0.325971,0.178811,0.567947,1
0.908741,0.398172,0.125022,0,0.374954,-0.910492,0.174342,0,0.183253,-0.111557,-0.976716,0,0.32592,0.179139,0.568057,1
0.908423,0.39884,0.125197,0,0.375562,-0.910199,0.174561,0,0.183579,-0.111559,-0.976654,0,0.325866,0.179471,0.56817,1
0.908119,0.399482,0.125356,0,0.376148,-0.909917,0.174767,0,0.183883,-0.111559,-0.976597,0,0.325818,0.17979,0.568276,1
0.907801,0.400147,0.125539,0,0.376753,-0.909626,0.174983,0,0.184216,-0.111555,-0.976535,0,0.325764,0.180122,0.568394,1
0.907485,0.400812,0.125705,0,0.37736,-0.909333,0.175197,0,0.184532,-0.111555,-0.976475,0,0.32571,0.180451,0.568503,1
0.90717,0.401471,0.125875,0,0.37796,-0.909042,0.175411,0,0.184852,-0.111554,-0.976415,0,0.325658,0.180781,0.568613,1
0.906849,0.402137,0.126059,0,0.378566,-0.908748,0.175628,0,0.185186,-0.111549,-0.976352,0,0.325602,0.181113,0.56873,1
0.906533,0.402798,0.126226,0,0.379167,-0.908456,0.175843,0,0.185503,-0.111549,-0.976292,0,0.325548,0.18144,0.568838,1
0.906212,0.403463,0.126405,0,0.379773,-0.908161,0.176061,0,0.185834,-0.111546,-0.976229,0,0.325494,0.181772,0.568953,1
0.90589,0.404129,0.126585,0,0.380378,-0.907865,0.176278,0,0.186165,-0.111541,-0.976167,0,0.325438,0.182102,0.569067,1
0.905567,0.404798,0.126756,0,0.380988,-0.907568,0.176493,0,0.186487,-0.111536,-0.976106,0,0.325383,0.182435,0.569179,1
0.905239,0.405476,0.126937,0,0.381605,-0.907266,0.17671,0,0.186821,-0.111527,-0.976043,0,0.325325,0.182772,0.569295,1
0.90492,0.406132,0.12711,0,0.382204,-0.906974,0.176914,0,0.187139,-0.111513,-0.975983,0,0.32527,0.183102,0.569407,1
0.904589,0.406814,0.12729,0,0.382823,-0.906669,0.177137,0,0.187476,-0.111509,-0.975919,0,0.325212,0.183439,0.569522,1
0.904265,0.407479,0.12746,0,0.38343,-0.906371,0.177349,0,0.187796,-0.111501,-0.975859,0,0.325154,0.183769,0.569633,1
0.903939,0.408152,0.127624,0,0.384044,-0.906069,0.177566,0,0.188114,-0.111498,-0.975798,0,0.325095,0.184103,0.56974,1
0.903608,0.408833,0.127781,0,0.384667,-0.905762,0.177784,0,0.188427,-0.111497,-0.975738,0,0.325037,0.184442,0.569845,1
0.903281,0.409511,0.127922,0,0.385289,-0.905456,0.177998,0,0.188724,-0.111498,-0.97568,0,0.324975,0.184776,0.569943,1
0.902951,0.410189,0.128082,0,0.385907,-0.905149,0.178217,0,0.18904,-0.111496,-0.975619,0,0.324916,0.185112,0.570049,1
0.902622,0.410863,0.12824,0,0.386523,-0.904844,0.178432,0,0.189352,-0.111491,-0.975559,0,0.324854,0.185448,0.570154,1
0.902291,0.411544,0.128386,0,0.387148,-0.904535,0.178645,0,0.189654,-0.111488,-0.975501,0,0.324793,0.185785,0.570255,1
0.901958,0.412228,0.128532,0,0.387775,-0.904223,0.178863,0,0.189958,-0.111488,-0.975442,0,0.324729,0.186125,0.570355,1
0.901629,0.412903,0.128673,0,0.388393,-0.903915,0.179079,0,0.190256,-0.111489,-0.975383,0,0.324665,0.18646,0.570453,1
0.901297,0.413583,0.128816,0,0.389016,-0.903604,0.179294,0,0.190556,-0.111488,-0.975325,0,0.324601,0.186799,0.570551,1
0.900964,0.414264,0.128954,0,0.389641,-0.903291,0.179515,0,0.190854,-0.111493,-0.975266,0,0.324536,0.187136,0.570648,1
0.900634,0.414942,0.129083,0,0.390264,-0.90298,0.179728,0,0.191139,-0.111495,-0.97521,0,0.324472,0.187474,0.570741,1
0.900302,0.415622,0.129213,0,0.390888,-0.902667,0.179943,0,0.191428,-0.111497,-0.975153,0,0.324408,0.187812,0.570835,1
0.899965,0.416303,0.129365,0,0.391512,-0.902354,0.180154,0,0.191736,-0.111487,-0.975094,0,0.324342,0.188149,0.570937,1
0.89963,0.416984,0.129504,0,0.392135,-0.902039,0.180378,0,0.192036,-0.111492,-0.975034,0,0.324276,0.188488,0.571032,1
0.899295,0.41766,0.129654,0,0.392753,-0.901727,0.180592,0,0.192342,-0.111485,-0.974975,0,0.324214,0.188824,0.571133,1
0.898958,0.418337,0.129803,0,0.393372,-0.901414,0.18081,0,0.192649,-0.111482,-0.974914,0,0.324149,0.189159,0.571233,1
0.898624,0.419011,0.129943,0,0.393988,-0.9011,0.181032,0,0.192949,-0.111486,-0.974855,0,0.324084,0.189496,0.571328,1
0.898293,0.419671,0.130101,0,0.39459,-0.900795,0.18124,0,0.193259,-0.111473,-0.974795,0,0.324023,0.189826,0.571432,1
0.897961,0.420333,0.130255,0,0.395195,-0.900487,0.181452,0,0.193567,-0.111463,-0.974735,0,0.323961,0.190157,0.571534,1
0.897625,0.421,0.130421,0,0.395801,-0.900177,0.181669,0,0.193888,-0.111452,-0.974672,0,0.323897,0.190491,0.571641,1
0.897298,0.421649,0.130574,0,0.396395,-0.899875,0.181869,0,0.194189,-0.111434,-0.974614,0,0.323837,0.19082,0.571743,1
0.89663,0.422961,0.130918,0,0.397588,-0.899264,0.182289,0,0.194835,-0.111396,-0.97449,0,0.323716,0.191481,0.571964,1
0.896299,0.423613,0.131077,0,0.398181,-0.898959,0.1825,0,0.195146,-0.111384,-0.974429,0,0.323656,0.191808,0.572069,1
0.895968,0.42426,0.131247,0,0.398769,-0.898656,0.182704,0,0.195464,-0.111362,-0.974368,0,0.323596,0.192135,0.57218,1
0.895631,0.424914,0.131432,0,0.399362,-0.89835,0.182914,0,0.195799,-0.111337,-0.974303,0,0.323534,0.192463,0.572297,1
0.895295,0.425569,0.131603,0,0.399957,-0.898043,0.183124,0,0.196121,-0.111317,-0.974241,0,0.323472,0.192793,0.572407,1
0.894962,0.426217,0.13177,0,0.400546,-0.897738,0.183329,0,0.196436,-0.111295,-0.97418,0,0.323414,0.19312,0.572516,1
0.894632,0.426859,0.131932,0,0.401131,-0.897435,0.183534,0,0.196748,-0.111275,-0.974119,0,0.323354,0.193443,0.572622,1
0.8943,0.4275,0.132107,0,0.401714,-0.897134,0.183732,0,0.197067,-0.111245,-0.974058,0,0.323295,0.193767,0.572733,1
0.893968,0.428143,0.132275,0,0.402299,-0.896831,0.183932,0,0.197382,-0.111217,-0.973998,0,0.323234,0.194092,0.572843,1
0.893638,0.428778,0.132446,0,0.402876,-0.896531,0.18413,0,0.197697,-0.111188,-0.973937,0,0.323173,0.194415,0.572953,1
0.893301,0.429423,0.132628,0,0.403461,-0.896227,0.18433,0,0.198024,-0.111154,-0.973874,0,0.323109,0.194743,0.573068,1
0.892962,0.430076,0.132793,0,0.404058,-0.895917,0.184527,0,0.198336,-0.111122,-0.973815,0,0.323044,0.195072,0.573176,1
0.892627,0.430717,0.132969,0,0.404641,-0.895614,0.184722,0,0.198655,-0.111086,-0.973754,0,0.322982,0.1954,0.57329,1
0.892286,0.431367,0.133147,0,0.405233,-0.895305,0.18492,0,0.19898,-0.111048,-0.973692,0,0.322917,0.19573,0.573405,1
0.89195,0.432013,0.133306,0,0.40582,-0.894997,0.185125,0,0.199288,-0.111027,-0.973631,0,0.322854,0.196055,0.57351,1
0.891605,0.432672,0.13348,0,0.406419,-0.894682,0.185335,0,0.199615,-0.110999,-0.973567,0,0.322786,0.19639,0.573623,1
0.891271,0.433312,0.133632,0,0.407003,-0.894375,0.185535,0,0.199916,-0.110976,-0.973508,0,0.322724,0.196712,0.573725,1
0.890924,0.43397,0.133808,0,0.4076,-0.894059,0.185746,0,0.200244,-0.110947,-0.973444,0,0.322656,0.197044,0.573836,1
0.890572,0.43464,0.133976,0,0.40821,-0.893737,0.185958,0,0.200568,-0.110921,-0.97338,0,0.322586,0.19738,0.573946,1
0.890237,0.43528,0.134128,0,0.408794,-0.893428,0.186156,0,0.200868,-0.110895,-0.973321,0,0.322521,0.197704,0.574047,1
0.889886,0.435945,0.134293,0,0.4094,-0.893108,0.186361,0,0.201185,-0.110862,-0.97326,0,0.322452,0.19804,0.574156,1
0.889542,0.436598,0.134456,0,0.409994,-0.892793,0.186562,0,0.201498,-0.11083,-0.973198,0,0.322383,0.19837,0.574262,1
0.889194,0.437254,0.134624,0,0.410593,-0.892477,0.186758,0,0.201813,-0.110791,-0.973138,0,0.322314,0.198703,0.574372,1
0.888841,0.43792,0.134789,0,0.411201,-0.892154,0.186962,0,0.202131,-0.110757,-0.973076,0,0.322242,0.199039,0.57448,1
0.888493,0.438575,0.134955,0,0.411798,-0.891838,0.187159,0,0.202445,-0.110717,-0.973015,0,0.322171,0.199371,0.574587,1
0.888138,0.439242,0.135123,0,0.412406,-0.891514,0.187365,0,0.202766,-0.110683,-0.972952,0,0.322099,0.199709,0.574696,1
0.887789,0.439895,0.135295,0,0.413001,-0.891197,0.187559,0,0.203084,-0.110638,-0.97289,0,0.322029,0.200039,0.574805,1
0.887436,0.440555,0.135461,0,0.413602,-0.890876,0.18776,0,0.203401,-0.110601,-0.972829,0,0.321958,0.200373,0.574913,1
0.887076,0.441229,0.135623,0,0.414219,-0.890547,0.187961,0,0.203716,-0.110561,-0.972767,0,0.321884,0.200714,0.575021,1
0.886724,0.441887,0.135785,0,0.414819,-0.890226,0.188158,0,0.204027,-0.11052,-0.972707,0,0.321815,0.201048,0.575127,1
0.886359,0.442564,0.135961,0,0.415436,-0.889895,0.188365,0,0.204359,-0.110479,-0.972642,0,0.321741,0.201389,0.575241,1
0.886002,0.443227,0.136128,0,0.41604,-0.88957,0.188567,0,0.204677,-0.110438,-0.972579,0,0.321666,0.201723,0.575349,1
0.885644,0.443894,0.136284,0,0.416648,-0.889241,0.188775,0,0.204989,-0.110407,-0.972517,0,0.321591,0.202061,0.575453,1
0.885284,0.444565,0.136434,0,0.417261,-0.888909,0.188983,0,0.205296,-0.110377,-0.972456,0,0.321515,0.202399,0.575553,1
0.884925,0.445234,0.136581,0,0.417873,-0.888578,0.189188,0,0.2056,-0.110346,-0.972395,0,0.321436,0.202735,0.575651,1
0.884557,0.445918,0.136735,0,0.418496,-0.888239,0.189403,0,0.205916,-0.110317,-0.972332,0,0.32136,0.203078,0.575754,1
0.884199,0.446582,0.136885,0,0.419103,-0.88791,0.189603,0,0.206219,-0.11028,-0.972272,0,0.321282,0.203416,0.575854,1
0.883834,0.447258,0.137032,0,0.419722,-0.887574,0.189808,0,0.206523,-0.110245,-0.972211,0,0.321203,0.203757,0.575954,1
0.883467,0.447937,0.137181,0,0.420345,-0.887237,0.190004,0,0.206826,-0.110201,-0.972152,0,0.321123,0.2041,0.576054,1
0.883107,0.448605,0.137321,0,0.420958,-0.886904,0.190201,0,0.207119,-0.110164,-0.972093,0,0.321044,0.204438,0.576151,1
0.882736,0.449291,0.137457,0,0.421588,-0.88656,0.190407,0,0.207417,-0.110131,-0.972034,0,0.320962,0.204784,0.576245,1
0.882366,0.449977,0.137594,0,0.422217,-0.886216,0.190616,0,0.207715,-0.1101,-0.971974,0,0.320875,0.205128,0.57634,1
0.882001,0.450651,0.137727,0,0.422835,-0.885878,0.19082,0,0.208006,-0.11007,-0.971915,0,0.320793,0.205467,0.576434,1
0.881633,0.451329,0.137863,0,0.423457,-0.885536,0.191024,0,0.208302,-0.110036,-0.971855,0,0.320711,0.205809,0.576528,1
0.88126,0.452011,0.138014,0,0.42408,-0.885194,0.191228,0,0.208611,-0.109995,-0.971794,0,0.320629,0.206152,0.57663,1
0.88089,0.452692,0.138142,0,0.424706,-0.88485,0.191433,0,0.208899,-0.109963,-0.971735,0,0.320546,0.206498,0.57672,1
0.880525,0.453359,0.138284,0,0.425318,-0.884513,0.191629,0,0.209195,-0.109922,-0.971676,0,0.320466,0.206838,0.576816,1
0.880151,0.454038,0.138437,0,0.425938,-0.88417,0.191835,0,0.209506,-0.10988,-0.971614,0,0.320384,0.207179,0.576916,1
0.87978,0.454714,0.138577,0,0.426557,-0.883827,0.192042,0,0.209806,-0.109846,-0.971553,0,0.320303,0.207522,0.577012,1
0.879408,0.455384,0.138736,0,0.427168,-0.883488,0.192243,0,0.210121,-0.109799,-0.97149,0,0.320222,0.207864,0.577116,1
0.879041,0.456049,0.138876,0,0.427776,-0.88315,0.192445,0,0.210417,-0.109762,-0.97143,0,0.320142,0.208202,0.577211,1
0.878671,0.456712,0.13904,0,0.428381,-0.882812,0.192646,0,0.210734,-0.109713,-0.971367,0,0.320063,0.208538,0.577318,1
0.878306,0.457365,0.1392,0,0.428976,-0.88248,0.192843,0,0.211045,-0.109664,-0.971305,0,0.319985,0.208872,0.577421,1
0.877934,0.458027,0.139369,0,0.429578,-0.882144,0.193044,0,0.211367,-0.109612,-0.971241,0,0.319906,0.209211,0.577528,1
0.877559,0.458693,0.139541,0,0.430184,-0.881805,0.193242,0,0.211691,-0.109555,-0.971177,0,0.319826,0.209549,0.577639,1
0.877193,0.459346,0.139693,0,0.430781,-0.88147,0.193438,0,0.211994,-0.109508,-0.971116,0,0.319747,0.209883,0.57774,1
0.876823,0.459999,0.13987,0,0.431375,-0.881137,0.193633,0,0.21232,-0.109448,-0.971052,0,0.319668,0.210219,0.577852,1
0.876447,0.460655,0.140062,0,0.431969,-0.880802,0.193832,0,0.212661,-0.109383,-0.970984,0,0.319588,0.210554,0.577972,1
0.87608,0.461307,0.140218,0,0.432562,-0.880467,0.194031,0,0.21297,-0.109336,-0.970922,0,0.319508,0.210887,0.578074,1
0.875705,0.461963,0.140398,0,0.433159,-0.880131,0.194227,0,0.213298,-0.109273,-0.970857,0,0.319427,0.211225,0.578187,1
0.875336,0.462609,0.140571,0,0.433746,-0.879799,0.194419,0,0.213618,-0.109212,-0.970793,0,0.319349,0.211556,0.578297,1
0.874963,0.463262,0.140745,0,0.43434,-0.879463,0.194614,0,0.213942,-0.109151,-0.970729,0,0.319268,0.211891,0.578408,1
0.874594,0.463902,0.140927,0,0.43492,-0.879134,0.194803,0,0.214268,-0.109084,-0.970665,0,0.319189,0.212222,0.578522,1
0.874224,0.464551,0.141088,0,0.435513,-0.878798,0.194996,0,0.214577,-0.109026,-0.970603,0,0.319108,0.212556,0.578628,1
0.873847,0.465205,0.141267,0,0.436106,-0.87846,0.195192,0,0.214906,-0.108962,-0.970537,0,0.319025,0.212893,0.578742,1
0.873467,0.465864,0.141445,0,0.436705,-0.878119,0.195386,0,0.215233,-0.108896,-0.970472,0,0.318942,0.213232,0.578855,1
0.873094,0.466512,0.141615,0,0.437295,-0.877783,0.195578,0,0.215551,-0.108832,-0.970409,0,0.31886,0.213565,0.578965,1
0.872712,0.467168,0.141803,0,0.437889,-0.877442,0.195778,0,0.215889,-0.108766,-0.970341,0,0.318774,0.213903,0.579082,1
0.872335,0.467826,0.141954,0,0.438491,-0.877099,0.19597,0,0.216192,-0.108707,-0.97028,0,0.31869,0.214238,0.579182,1
0.871957,0.468481,0.142116,0,0.439089,-0.876757,0.196161,0,0.216502,-0.108644,-0.970218,0,0.318608,0.214575,0.579288,1
0.871575,0.469137,0.142297,0,0.439684,-0.876415,0.196355,0,0.216833,-0.108574,-0.970152,0,0.318522,0.214911,0.579402,1
0.871195,0.469797,0.142447,0,0.440288,-0.876068,0.19655,0,0.217136,-0.108517,-0.970091,0,0.318435,0.215249,0.579503,1
0.870807,0.470463,0.142622,0,0.440894,-0.87572,0.196744,0,0.217462,-0.108446,-0.970026,0,0.318346,0.215591,0.579615,1
0.870431,0.471113,0.142772,0,0.441488,-0.875378,0.196932,0,0.217761,-0.108386,-0.969965,0,0.318262,0.215926,0.579714,1
0.870046,0.47177,0.142945,0,0.442087,-0.875032,0.197126,0,0.218084,-0.108316,-0.969901,0,0.318174,0.216266,0.579823,1
0.869655,0.472438,0.143117,0,0.442695,-0.87468,0.197321,0,0.218408,-0.108246,-0.969835,0,0.318085,0.216607,0.579934,1
0.869277,0.473092,0.143259,0,0.443295,-0.874334,0.19751,0,0.2187,-0.108187,-0.969776,0,0.317999,0.216945,0.58003,1
0.868883,0.47376,0.143436,0,0.443903,-0.873981,0.197706,0,0.21903,-0.108114,-0.96971,0,0.317908,0.217288,0.580142,1
0.868496,0.474423,0.143592,0,0.444508,-0.87363,0.1979,0,0.219339,-0.10805,-0.969647,0,0.317818,0.217627,0.580244,1
0.868104,0.475091,0.143753,0,0.445117,-0.873275,0.198095,0,0.219654,-0.107982,-0.969583,0,0.317727,0.21797,0.580351,1
0.86771,0.475755,0.143936,0,0.445721,-0.872923,0.19829,0,0.219986,-0.107905,-0.969517,0,0.317636,0.218312,0.580464,1
0.867316,0.476422,0.1441,0,0.44633,-0.872568,0.198484,0,0.220304,-0.107834,-0.969452,0,0.317545,0.218653,0.58057,1
0.866918,0.477099,0.144257,0,0.446949,-0.872207,0.198677,0,0.220615,-0.107763,-0.96939,0,0.317451,0.219,0.580674,1
0.866528,0.477758,0.144421,0,0.447551,-0.871855,0.198867,0,0.220929,-0.10769,-0.969326,0,0.31736,0.21934,0.58078,1
0.866128,0.478431,0.144588,0,0.448164,-0.871495,0.199065,0,0.221251,-0.107618,-0.969261,0,0.317266,0.219684,0.580887,1
0.865724,0.479115,0.144747,0,0.448789,-0.871127,0.199265,0,0.221568,-0.107549,-0.969196,0,0.317168,0.220035,0.580992,1
0.865337,0.479767,0.144899,0,0.449386,-0.870777,0.19945,0,0.221869,-0.107478,-0.969135,0,0.317078,0.220371,0.581091,1
0.864935,0.480445,0.145054,0,0.450005,-0.870412,0.19965,0,0.222182,-0.107411,-0.969071,0,0.316981,0.220719,0.581194,1
0.864539,0.481116,0.145191,0,0.450621,-0.870049,0.199842,0,0.222475,-0.107347,-0.969011,0,0.316885,0.221061,0.581287,1
0.864144,0.481785,0.145327,0,0.451234,-0.869686,0.200034,0,0.222766,-0.107284,-0.968951,0,0.31679,0.221406,0.581379,1
0.863738,0.482465,0.145481,0,0.451856,-0.869318,0.200232,0,0.223079,-0.107214,-0.968887,0,0.316691,0.221754,0.581482,1
0.863332,0.48315,0.145615,0,0.452486,-0.868945,0.200426,0,0.223372,-0.107147,-0.968826,0,0.31659,0.222103,0.581575,1
0.862927,0.483835,0.145748,0,0.453115,-0.868572,0.200622,0,0.223665,-0.107084,-0.968766,0,0.31649,0.222452,0.581668,1
0.86253,0.4845,0.145882,0,0.453726,-0.868209,0.200813,0,0.223954,-0.107019,-0.968706,0,0.316391,0.222794,0.581762,1
0.862127,0.485182,0.146,0,0.454355,-0.867836,0.201007,0,0.224233,-0.106959,-0.968648,0,0.316289,0.223142,0.581848,1
0.861716,0.485873,0.146132,0,0.454989,-0.867457,0.201205,0,0.224528,-0.106896,-0.968587,0,0.316185,0.223496,0.581939,1
0.861317,0.486545,0.146247,0,0.455609,-0.867088,0.201395,0,0.224801,-0.106835,-0.96853,0,0.316086,0.22384,0.582024,1
0.860906,0.487227,0.146391,0,0.456234,-0.866713,0.201593,0,0.225105,-0.106766,-0.968467,0,0.315982,0.22419,0.58212,1
0.859685,0.489255,0.146805,0,0.458095,-0.865596,0.20217,0,0.225991,-0.106554,-0.968284,0,0.315677,0.225232,0.582399,1
0.859279,0.489926,0.146947,0,0.45871,-0.865225,0.202366,0,0.226291,-0.106485,-0.968222,0,0.315577,0.225578,0.582492,1
0.858874,0.49059,0.147097,0,0.459316,-0.864858,0.202558,0,0.226595,-0.10641,-0.968159,0,0.315479,0.225921,0.582591,1
0.858471,0.49125,0.147246,0,0.459919,-0.864492,0.202755,0,0.226901,-0.106341,-0.968095,0,0.31538,0.226261,0.582688,1
0.858067,0.491909,0.147399,0,0.460522,-0.864127,0.202941,0,0.227204,-0.106259,-0.968033,0,0.315283,0.226601,0.582788,1
0.857668,0.492564,0.147536,0,0.461122,-0.863763,0.203129,0,0.227494,-0.106187,-0.967972,0,0.315188,0.226941,0.582881,1
0.857268,0.493213,0.147692,0,0.461715,-0.863403,0.20331,0,0.227798,-0.106102,-0.96791,0,0.315091,0.227277,0.582983,1
0.856862,0.493867,0.147862,0,0.462311,-0.863039,0.203501,0,0.228118,-0.106017,-0.967844,0,0.314994,0.227618,0.583089,1
0.856456,0.494523,0.148025,0,0.462909,-0.862674,0.203689,0,0.228431,-0.105931,-0.96778,0,0.314896,0.227959,0.583194,1
0.856057,0.495162,0.148196,0,0.463491,-0.862318,0.203875,0,0.228747,-0.105843,-0.967715,0,0.3148,0.228291,0.583303,1
0.855653,0.495809,0.148364,0,0.46408,-0.861957,0.20406,0,0.229062,-0.105754,-0.96765,0,0.314703,0.228628,0.58341,1
0.855247,0.496457,0.148538,0,0.46467,-0.861596,0.20424,0,0.229381,-0.105657,-0.967585,0,0.314606,0.228965,0.583519,1
0.854845,0.497101,0.148699,0,0.465258,-0.861236,0.204423,0,0.229688,-0.105569,-0.967522,0,0.314512,0.229301,0.583624,1
0.854443,0.497744,0.14886,0,0.465845,-0.860875,0.204604,0,0.229995,-0.105479,-0.967459,0,0.314416,0.229637,0.583727,1
0.854043,0.49838,0.149024,0,0.466426,-0.860518,0.204782,0,0.230302,-0.105386,-0.967396,0,0.31432,0.229968,0.583832,1
0.853646,0.499013,0.149182,0,0.467004,-0.860163,0.204959,0,0.230602,-0.105296,-0.967334,0,0.314226,0.230299,0.583934,1
0.853245,0.49965,0.149345,0,0.467585,-0.859804,0.205138,0,0.230909,-0.105204,-0.967271,0,0.314128,0.230633,0.584039,1
0.852842,0.500286,0.14952,0,0.468164,-0.859447,0.205315,0,0.231225,-0.105104,-0.967206,0,0.314029,0.230966,0.584149,1
0.852434,0.500932,0.149677,0,0.468757,-0.859081,0.205492,0,0.231527,-0.105009,-0.967144,0,0.31393,0.231305,0.584252,1
0.852033,0.501565,0.149844,0,0.469335,-0.858724,0.205664,0,0.231834,-0.104908,-0.967082,0,0.313832,0.231636,0.58436,1
0.851624,0.502211,0.150007,0,0.469925,-0.858359,0.205844,0,0.232142,-0.104812,-0.967018,0,0.313732,0.231976,0.584467,1
0.851214,0.502855,0.150173,0,0.470512,-0.857993,0.206026,0,0.232453,-0.104716,-0.966954,0,0.313631,0.232311,0.584574,1
0.85081,0.50349,0.150333,0,0.471092,-0.857632,0.206205,0,0.232757,-0.104623,-0.966891,0,0.313533,0.232645,0.584676,1
0.8504,0.504138,0.150485,0,0.471684,-0.857262,0.206389,0,0.233058,-0.104534,-0.966828,0,0.313433,0.232981,0.584776,1
0.849987,0.504788,0.150636,0,0.472279,-0.85689,0.206573,0,0.233359,-0.104444,-0.966765,0,0.31333,0.233317,0.584875,1
0.849576,0.505434,0.150788,0,0.472869,-0.856521,0.206756,0,0.233659,-0.104354,-0.966702,0,0.313229,0.233654,0.584976,1
0.849165,0.506077,0.15095,0,0.473456,-0.856153,0.206935,0,0.233966,-0.104256,-0.966639,0,0.313127,0.233991,0.58508,1
0.848749,0.506728,0.151105,0,0.474052,-0.85578,0.207115,0,0.234268,-0.104159,-0.966576,0,0.31302,0.234331,0.58518,1
0.848337,0.507372,0.151259,0,0.474642,-0.85541,0.20729,0,0.234566,-0.10406,-0.966515,0,0.312916,0.234669,0.585282,1
0.847926,0.508014,0.15141,0,0.475231,-0.855041,0.207463,0,0.23486,-0.103961,-0.966454,0,0.312811,0.235004,0.585382,1
0.847506,0.508665,0.151575,0,0.475827,-0.854667,0.20764,0,0.23517,-0.103855,-0.96639,0,0.312704,0.235346,0.585487,1
0.847084,0.509321,0.151727,0,0.476428,-0.854288,0.207819,0,0.23547,-0.103755,-0.966328,0,0.312597,0.235689,0.585586,1
0.846663,0.509974,0.151886,0,0.477027,-0.853911,0.207997,0,0.235775,-0.103652,-0.966264,0,0.312488,0.236029,0.585688,1
0.846242,0.510625,0.152043,0,0.477622,-0.853534,0.208176,0,0.236078,-0.10355,-0.966201,0,0.312381,0.236369,0.58579,1
0.845818,0.511278,0.152208,0,0.478218,-0.853156,0.208359,0,0.236391,-0.103447,-0.966136,0,0.312271,0.236711,0.585896,1
0.845394,0.511933,0.152366,0,0.478818,-0.852776,0.208535,0,0.236694,-0.103341,-0.966073,0,0.312162,0.237053,0.585999,1
0.844973,0.512582,0.152518,0,0.479414,-0.852398,0.20871,0,0.236991,-0.103237,-0.966011,0,0.312058,0.237391,0.586097,1
0.84454,0.513245,0.152687,0,0.48002,-0.852013,0.208893,0,0.237309,-0.103128,-0.965945,0,0.311945,0.237738,0.586204,1
0.844114,0.513902,0.152832,0,0.480623,-0.851628,0.209074,0,0.237604,-0.10303,-0.965882,0,0.311835,0.238081,0.586301,1
0.843681,0.514564,0.152993,0,0.481227,-0.851241,0.209261,0,0.237916,-0.102927,-0.965817,0,0.31172,0.238425,0.586404,1
0.843254,0.515221,0.153139,0,0.481829,-0.850855,0.209445,0,0.238214,-0.10283,-0.965754,0,0.311607,0.238768,0.5865,1
0.842827,0.515877,0.153278,0,0.482432,-0.850469,0.209626,0,0.238504,-0.102735,-0.965692,0,0.311494,0.23911,0.586594,1
0.842397,0.516535,0.153424,0,0.483035,-0.850082,0.209806,0,0.2388,-0.102633,-0.96563,0,0.31138,0.239453,0.586691,1
0.841963,0.517202,0.153559,0,0.483649,-0.849687,0.209991,0,0.239089,-0.102538,-0.965568,0,0.311265,0.239799,0.586782,1
0.841534,0.51786,0.153694,0,0.484255,-0.849299,0.210165,0,0.239373,-0.102436,-0.965509,0,0.31115,0.240143,0.586874,1
0.841096,0.518532,0.15383,0,0.484873,-0.848901,0.210347,0,0.239662,-0.102336,-0.965448,0,0.31103,0.240491,0.586967,1
0.840667,0.519186,0.153966,0,0.485476,-0.848514,0.210519,0,0.239945,-0.102232,-0.965388,0,0.310915,0.240832,0.587057,1
0.84023,0.51985,0.154114,0,0.486085,-0.84812,0.2107,0,0.240245,-0.102126,-0.965325,0,0.310795,0.241178,0.587154,1
0.839789,0.520528,0.154229,0,0.486712,-0.847715,0.210884,0,0.240517,-0.102035,-0.965267,0,0.310675,0.24153,0.587237,1
0.839353,0.521195,0.15435,0,0.487328,-0.847316,0.211063,0,0.240792,-0.101939,-0.965209,0,0.310557,0.241876,0.587323,1
0.838914,0.52186,0.154486,0,0.487939,-0.846919,0.211245,0,0.241083,-0.101839,-0.965147,0,0.310437,0.242223,0.587415,1
0.838477,0.522527,0.154603,0,0.488555,-0.846519,0.211424,0,0.241354,-0.101744,-0.965089,0,0.310318,0.24257,0.5875,1
0.838035,0.523193,0.154747,0,0.489166,-0.84612,0.21161,0,0.241652,-0.101642,-0.965025,0,0.310197,0.242917,0.587595,1
0.837606,0.523843,0.154874,0,0.489764,-0.84573,0.211786,0,0.241928,-0.101544,-0.964966,0,0.310082,0.243257,0.587681,1
0.837166,0.524503,0.15502,0,0.490369,-0.845333,0.211967,0,0.242226,-0.101436,-0.964903,0,0.309965,0.243604,0.587776,1
0.836728,0.525158,0.15516,0,0.490972,-0.844939,0.212145,0,0.242515,-0.10133,-0.964841,0,0.309847,0.243948,0.587869,1
0.836291,0.525812,0.155307,0,0.491571,-0.844545,0.212324,0,0.242811,-0.101222,-0.964778,0,0.309731,0.244291,0.587964,1
0.835849,0.526468,0.15546,0,0.492174,-0.844151,0.212495,0,0.243109,-0.101103,-0.964716,0,0.309614,0.244636,0.588064,1
0.835418,0.527108,0.155612,0,0.492761,-0.843765,0.212668,0,0.243404,-0.100988,-0.964653,0,0.309498,0.244975,0.588161,1
0.834978,0.52776,0.155765,0,0.49336,-0.843371,0.212841,0,0.243701,-0.100871,-0.96459,0,0.309383,0.245316,0.588259,1
0.83454,0.528403,0.155931,0,0.493948,-0.842983,0.213016,0,0.244011,-0.100751,-0.964525,0,0.309266,0.245654,0.588364,1
0.834106,0.529042,0.156083,0,0.494533,-0.842595,0.213193,0,0.244307,-0.100639,-0.964461,0,0.309152,0.245993,0.588462,1
0.833669,0.529681,0.156251,0,0.495118,-0.842209,0.213363,0,0.244615,-0.100513,-0.964396,0,0.309037,0.246331,0.588569,1
0.833228,0.530329,0.156408,0,0.495711,-0.841815,0.213539,0,0.244917,-0.100395,-0.964332,0,0.308918,0.246671,0.58867,1
0.832787,0.53097,0.156582,0,0.496296,-0.841426,0.213712,0,0.245231,-0.100267,-0.964266,0,0.308801,0.247012,0.588778,1
0.832351,0.5316,0.15676,0,0.496871,-0.841044,0.213883,0,0.245547,-0.100138,-0.964199,0,0.308686,0.247348,0.588889,1
0.831909,0.532244,0.156922,0,0.49746,-0.840651,0.214058,0,0.245853,-0.100016,-0.964133,0,0.308569,0.247687,0.58899,1
0.831468,0.532878,0.157106,0,0.498037,-0.840265,0.214231,0,0.246174,-0.0998838,-0.964065,0,0.308453,0.248024,0.589102,1
0.831034,0.533507,0.157266,0,0.498612,-0.83988,0.214402,0,0.246475,-0.099762,-0.964001,0,0.308335,0.248359,0.589202,1
0.830597,0.534137,0.157439,0,0.499188,-0.839495,0.21457,0,0.246784,-0.0996316,-0.963935,0,0.30822,0.248694,0.58931,1
0.830153,0.534773,0.157621,0,0.499767,-0.839106,0.214742,0,0.247104,-0.0994969,-0.963867,0,0.308101,0.249033,0.589422,1
0.829714,0.535406,0.157782,0,0.500348,-0.838718,0.214908,0,0.247403,-0.0993677,-0.963804,0,0.307983,0.24937,0.589526,1
0.829269,0.536045,0.157954,0,0.500933,-0.838326,0.215074,0,0.247711,-0.0992319,-0.963739,0,0.307864,0.249709,0.589634,1
0.828823,0.536685,0.158122,0,0.50152,-0.837932,0.215241,0,0.248017,-0.0990977,-0.963674,0,0.307741,0.250048,0.589741,1
0.828381,0.537316,0.158294,0,0.502096,-0.837543,0.215411,0,0.248326,-0.0989657,-0.963608,0,0.307622,0.250384,0.589848,1
0.827931,0.53796,0.158464,0,0.502685,-0.837145,0.215584,0,0.248638,-0.0988329,-0.963541,0,0.307498,0.250725,0.589956,1
0.827493,0.538588,0.158616,0,0.503262,-0.836756,0.215747,0,0.248927,-0.0987061,-0.963479,0,0.307381,0.251058,0.590054,1
0.827042,0.539234,0.158775,0,0.503854,-0.836355,0.215921,0,0.249229,-0.0985785,-0.963414,0,0.307257,0.2514,0.590156,1
0.826591,0.539877,0.158934,0,0.504444,-0.835955,0.216092,0,0.24953,-0.0984484,-0.96335,0,0.307135,0.251741,0.590258,1
0.826151,0.54051,0.159075,0,0.505026,-0.835561,0.216256,0,0.24981,-0.0983248,-0.96329,0,0.307016,0.252076,0.590352,1
0.825699,0.541154,0.15923,0,0.505618,-0.83516,0.216426,0,0.250107,-0.0981945,-0.963226,0,0.306892,0.252418,0.590452,1
0.825251,0.541791,0.159383,0,0.506205,-0.834762,0.216589,0,0.250398,-0.0980616,-0.963164,0,0.306767,0.252758,0.590551,1
0.824796,0.542438,0.159541,0,0.506799,-0.834358,0.216756,0,0.250695,-0.0979265,-0.9631,0,0.306641,0.253102,0.590652,1
0.824339,0.54308,0.159721,0,0.507386,-0.833957,0.216925,0,0.251012,-0.0977816,-0.963032,0,0.306514,0.253443,0.590762,1
0.823884,0.543726,0.159871,0,0.507979,-0.833551,0.217097,0,0.251306,-0.0976533,-0.962969,0,0.306386,0.253785,0.590859,1
0.823425,0.544375,0.160024,0,0.508576,-0.833143,0.217265,0,0.251602,-0.0975191,-0.962905,0,0.306259,0.25413,0.590958,1
0.82297,0.545016,0.160183,0,0.509164,-0.83274,0.217434,0,0.251901,-0.0973837,-0.962841,0,0.306132,0.254469,0.591059,1
0.82251,0.545662,0.160348,0,0.509756,-0.832332,0.217606,0,0.252207,-0.0972465,-0.962774,0,0.306005,0.254812,0.591162,1
0.822045,0.546313,0.160512,0,0.510353,-0.831921,0.217778,0,0.252513,-0.0971076,-0.962708,0,0.305873,0.255158,0.591267,1
0.821589,0.546953,0.160668,0,0.510943,-0.831517,0.21794,0,0.252806,-0.0969666,-0.962646,0,0.305748,0.255498,0.591366,1
0.821121,0.547607,0.160833,0,0.511542,-0.831104,0.21811,0,0.253113,-0.0968234,-0.962579,0,0.305615,0.255844,0.591471,1
0.82066,0.548251,0.160992,0,0.512134,-0.830695,0.218278,0,0.253411,-0.0966843,-0.962515,0,0.305484,0.256187,0.591571,1
0.820198,0.5489,0.161137,0,0.512732,-0.830281,0.218448,0,0.2537,-0.0965522,-0.962452,0,0.305352,0.256531,0.591666,1
0.81973,0.549552,0.161294,0,0.51333,-0.829866,0.218622,0,0.254002,-0.0964157,-0.962386,0,0.30522,0.256877,0.591765,1
0.819269,0.550204,0.161418,0,0.513933,-0.829449,0.21879,0,0.254271,-0.0962915,-0.962327,0,0.305086,0.257221,0.59185,1
0.818805,0.550853,0.161554,0,0.514532,-0.829032,0.218959,0,0.254552,-0.0961622,-0.962266,0,0.304954,0.257566,0.591941,1
0.818342,0.551502,0.161689,0,0.515132,-0.828617,0.219122,0,0.254829,-0.0960273,-0.962206,0,0.304823,0.257907,0.592033,1
0.817879,0.552149,0.161822,0,0.51573,-0.828201,0.219287,0,0.255105,-0.0958957,-0.962146,0,0.30469,0.258251,0.592121,1
0.81741,0.552806,0.161946,0,0.516338,-0.827777,0.219458,0,0.255378,-0.0957704,-0.962086,0,0.304553,0.2586,0.592208,1
0.816947,0.553455,0.162065,0,0.516939,-0.827357,0.219623,0,0.255642,-0.095645,-0.962029,0,0.304419,0.258941,0.592292,1
0.816473,0.554116,0.162195,0,0.51755,-0.82693,0.219796,0,0.255921,-0.0955155,-0.961967,0,0.304278,0.259289,0.59238,1
0.816001,0.554777,0.162311,0,0.518161,-0.8265,0.219971,0,0.25619,-0.0953954,-0.961908,0,0.304136,0.259639,0.592462,1
0.815541,0.555422,0.162419,0,0.518759,-0.826081,0.220135,0,0.256444,-0.0952741,-0.961852,0,0.304002,0.259979,0.592541,1
0.815064,0.556082,0.162557,0,0.519368,-0.825653,0.220308,0,0.25673,-0.0951399,-0.961789,0,0.303862,0.260328,0.592633,1
0.814601,0.556722,0.162685,0,0.519959,-0.825236,0.220473,0,0.257001,-0.0950094,-0.96173,0,0.303726,0.260668,0.592719,1
0.814131,0.557372,0.162814,0,0.52056,-0.824813,0.220639,0,0.257274,-0.0948766,-0.96167,0,0.30359,0.261014,0.592805,1
0.813655,0.558026,0.162953,0,0.521162,-0.824386,0.220813,0,0.25756,-0.0947429,-0.961606,0,0.303452,0.26136,0.592895,1
0.81319,0.558661,0.163095,0,0.521747,-0.823971,0.220982,0,0.257845,-0.0946077,-0.961543,0,0.303315,0.2617,0.592986,1
0.812719,0.559307,0.163232,0,0.522343,-0.823548,0.221148,0,0.258124,-0.0944698,-0.961482,0,0.303179,0.262043,0.593076,1
0.812253,0.559939,0.16338,0,0.522926,-0.823135,0.221308,0,0.258407,-0.0943241,-0.96142,0,0.303046,0.262381,0.59317,1
0.811783,0.560576,0.163534,0,0.523512,-0.822719,0.221472,0,0.258699,-0.094177,-0.961356,0,0.302912,0.262719,0.593267,1
0.811319,0.561209,0.163668,0,0.524096,-0.822302,0.221635,0,0.258973,-0.094041,-0.961296,0,0.30278,0.263059,0.593356,1
0.810864,0.561825,0.163806,0,0.524666,-0.821898,0.22179,0,0.259244,-0.0938994,-0.961236,0,0.302654,0.26339,0.593446,1
0.810396,0.562455,0.163961,0,0.525245,-0.821484,0.22195,0,0.259534,-0.0937493,-0.961173,0,0.302521,0.263728,0.593545,1
0.809931,0.563078,0.164122,0,0.525819,-0.821075,0.222107,0,0.259825,-0.0935947,-0.961109,0,0.302388,0.264064,0.593646,1
0.80947,0.563695,0.164278,0,0.526385,-0.820668,0.222267,0,0.260113,-0.0934472,-0.961046,0,0.302257,0.264396,0.593746,1
0.809009,0.564311,0.164432,0,0.526952,-0.820262,0.222425,0,0.260399,-0.093298,-0.960983,0,0.302126,0.264729,0.593845,1
0.80854,0.564932,0.164607,0,0.527521,-0.819853,0.222584,0,0.260703,-0.0931363,-0.960916,0,0.301992,0.265065,0.59395,1
0.808077,0.565549,0.164761,0,0.528091,-0.819445,0.222736,0,0.260986,-0.092981,-0.960854,0,0.301864,0.265399,0.594049,1
0.807614,0.566165,0.164917,0,0.528657,-0.819037,0.222893,0,0.261272,-0.0928287,-0.960791,0,0.301734,0.265731,0.594146,1
0.807149,0.56678,0.165082,0,0.529223,-0.81863,0.223046,0,0.261564,-0.0926681,-0.960727,0,0.301604,0.266061,0.594249,1
0.806693,0.567386,0.165228,0,0.529783,-0.818226,0.223195,0,0.261836,-0.0925169,-0.960668,0,0.301474,0.266391,0.594344,1
0.806236,0.567989,0.165385,0,0.530338,-0.817825,0.223347,0,0.26212,-0.0923621,-0.960605,0,0.301345,0.266715,0.594444,1
0.805769,0.568605,0.165546,0,0.530905,-0.817415,0.223503,0,0.26241,-0.0922041,-0.960541,0,0.301211,0.267047,0.594545,1
0.805301,0.569219,0.165715,0,0.531469,-0.817006,0.223657,0,0.262705,-0.0920401,-0.960476,0,0.301075,0.26738,0.594651,1
0.804843,0.569822,0.165863,0,0.532029,-0.816604,0.223794,0,0.262973,-0.091877,-0.960419,0,0.300946,0.26771,0.594748,1
0.804377,0.570435,0.166019,0,0.532594,-0.816194,0.223945,0,0.263255,-0.0917175,-0.960357,0,0.300811,0.268042,0.594847,1
0.803908,0.571049,0.166183,0,0.533159,-0.815783,0.224099,0,0.263546,-0.0915551,-0.960292,0,0.300675,0.268374,0.59495,1
0.80344,0.571661,0.16634,0,0.533723,-0.815372,0.224253,0,0.263831,-0.0913964,-0.960229,0,0.300541,0.268706,0.59505,1
0.80297,0.57228,0.166483,0,0.534295,-0.814955,0.224406,0,0.264105,-0.091242,-0.960169,0,0.300407,0.26904,0.595143,1
0.802498,0.572895,0.166639,0,0.53486,-0.81454,0.224567,0,0.264393,-0.0910873,-0.960104,0,0.300268,0.269371,0.595243,1
0.802027,0.573515,0.166776,0,0.535434,-0.81412,0.224721,0,0.264662,-0.0909368,-0.960044,0,0.300133,0.269704,0.595333,1
0.801549,0.574141,0.16692,0,0.536012,-0.813696,0.224878,0,0.264939,-0.0907811,-0.959982,0,0.299993,0.270041,0.595426,1
0.801075,0.574757,0.167074,0,0.536581,-0.813279,0.22503,0,0.26522,-0.090619,-0.95992,0,0.299857,0.270374,0.595524,1
0.800601,0.575377,0.167213,0,0.537156,-0.812858,0.225179,0,0.265489,-0.0904607,-0.959861,0,0.299716,0.270708,0.595616,1
0.800131,0.575988,0.167355,0,0.537724,-0.812444,0.22532,0,0.265754,-0.0902963,-0.959803,0,0.299578,0.271038,0.595709,1
0.799652,0.576607,0.167514,0,0.538295,-0.812023,0.225471,0,0.266039,-0.0901283,-0.95974,0,0.299437,0.271374,0.595808,1
0.799171,0.577231,0.167666,0,0.538872,-0.811599,0.225621,0,0.266318,-0.0899607,-0.959678,0,0.29929,0.271711,0.595905,1
0.79869,0.577853,0.167811,0,0.539449,-0.811174,0.22577,0,0.266591,-0.0897964,-0.959618,0,0.299149,0.272046,0.595999,1
0.798218,0.578464,0.167956,0,0.540015,-0.810757,0.225917,0,0.266861,-0.0896344,-0.959558,0,0.29901,0.272378,0.596092,1
0.797734,0.579085,0.168112,0,0.540588,-0.810331,0.226072,0,0.267146,-0.0894675,-0.959494,0,0.298866,0.272714,0.59619,1
0.797249,0.579709,0.16826,0,0.541166,-0.809903,0.226223,0,0.267423,-0.0893012,-0.959432,0,0.298722,0.273051,0.596285,1
0.796765,0.580332,0.16841,0,0.541741,-0.809475,0.226378,0,0.267703,-0.0891367,-0.959369,0,0.298578,0.273386,0.596381,1
0.796287,0.580943,0.168559,0,0.542308,-0.809055,0.226523,0,0.267976,-0.0889683,-0.959309,0,0.298438,0.27372,0.596476,1
0.7958,0.58157,0.168701,0,0.542888,-0.808623,0.226677,0,0.268249,-0.0888052,-0.959248,0,0.298292,0.274057,0.596568,1
0.795312,0.582195,0.168844,0,0.543467,-0.808191,0.22683,0,0.268523,-0.0886411,-0.959186,0,0.298147,0.274392,0.596661,1
0.794823,0.582822,0.168984,0,0.544047,-0.807757,0.226987,0,0.268796,-0.0884805,-0.959125,0,0.298001,0.274731,0.596752,1
0.794335,0.583449,0.169115,0,0.544629,-0.807321,0.22714,0,0.26906,-0.0883224,-0.959065,0,0.297851,0.275069,0.596839,1
0.793848,0.584075,0.169241,0,0.545211,-0.806886,0.22729,0,0.269317,-0.0881636,-0.959007,0,0.297705,0.275403,0.596924,1
0.793362,0.584699,0.169366,0,0.545791,-0.806451,0.227442,0,0.269576,-0.0880069,-0.958949,0,0.297558,0.275739,0.597008,1
0.792866,0.585332,0.169503,0,0.546378,-0.806009,0.227599,0,0.269847,-0.087845,-0.958888,0,0.297404,0.276079,0.597098,1
0.79238,0.585953,0.169628,0,0.546957,-0.805576,0.227742,0,0.270099,-0.0876806,-0.958832,0,0.297256,0.276416,0.597183,1
0.791892,0.586579,0.169743,0,0.547541,-0.805137,0.227891,0,0.270348,-0.0875258,-0.958776,0,0.297105,0.276754,0.597262,1
0.791399,0.587206,0.169875,0,0.548123,-0.804697,0.228044,0,0.270612,-0.087363,-0.958716,0,0.296951,0.277091,0.597349,1
0.790901,0.587843,0.169988,0,0.548718,-0.804249,0.228197,0,0.270862,-0.0872074,-0.95866,0,0.296794,0.277433,0.597428,1
0.790407,0.588469,0.170125,0,0.549297,-0.803809,0.228354,0,0.271132,-0.0870453,-0.958598,0,0.29664,0.277771,0.597516,1
0.789914,0.589099,0.170234,0,0.549885,-0.803364,0.228503,0,0.271376,-0.0868904,-0.958543,0,0.29649,0.278109,0.597594,1
0.78941,0.589736,0.170362,0,0.550476,-0.802914,0.228662,0,0.271642,-0.0867297,-0.958482,0,0.296332,0.27845,0.59768,1
0.788917,0.590362,0.17048,0,0.55106,-0.802471,0.228811,0,0.271892,-0.0865698,-0.958426,0,0.296179,0.278789,0.597759,1
0.788428,0.590979,0.170603,0,0.551634,-0.802034,0.228959,0,0.272145,-0.0864089,-0.958369,0,0.296033,0.279121,0.597842,1
0.787928,0.591605,0.170747,0,0.552213,-0.801591,0.229115,0,0.272421,-0.0862391,-0.958306,0,0.295877,0.27946,0.597934,1
0.78744,0.592216,0.170876,0,0.552782,-0.801157,0.229263,0,0.272677,-0.086075,-0.958248,0,0.295729,0.279793,0.598017,1
0.786943,0.592839,0.171008,0,0.553362,-0.800714,0.22941,0,0.272936,-0.0859047,-0.958189,0,0.29558,0.280129,0.598104,1
0.786441,0.593461,0.171157,0,0.553938,-0.800272,0.22956,0,0.273213,-0.085727,-0.958126,0,0.295425,0.280469,0.598198,1
0.785956,0.594064,0.171294,0,0.5545,-0.799843,0.229699,0,0.273469,-0.0855523,-0.958069,0,0.295279,0.280798,0.598286,1
0.785462,0.594673,0.171445,0,0.555064,-0.79941,0.229844,0,0.273742,-0.0853725,-0.958007,0,0.295131,0.28113,0.598381,1
0.784977,0.595275,0.17158,0,0.555623,-0.79898,0.229989,0,0.274001,-0.0852033,-0.957948,0,0.294983,0.281458,0.598468,1
0.78448,0.595883,0.171744,0,0.556185,-0.798547,0.230133,0,0.274283,-0.0850148,-0.957884,0,0.294833,0.281791,0.59857,1
0.783985,0.596491,0.17189,0,0.55675,-0.798112,0.230279,0,0.274552,-0.0848377,-0.957822,0,0.294682,0.282122,0.598663,1
0.783504,0.597079,0.172043,0,0.557295,-0.797691,0.23042,0,0.274821,-0.0846579,-0.957761,0,0.294539,0.282445,0.598759,1
0.783006,0.597682,0.172216,0,0.55785,-0.797259,0.230567,0,0.275112,-0.0844665,-0.957695,0,0.294388,0.282777,0.598865,1
0.782512,0.598285,0.172365,0,0.558411,-0.796826,0.230708,0,0.27538,-0.0842831,-0.957634,0,0.294238,0.283107,0.59896,1
0.782016,0.598885,0.172535,0,0.558966,-0.796396,0.23085,0,0.275664,-0.0840886,-0.957569,0,0.294089,0.283438,0.599063,1
0.781524,0.599482,0.172691,0,0.559517,-0.795966,0.230997,0,0.27594,-0.0839073,-0.957505,0,0.293938,0.283768,0.599159,1
0.781035,0.60007,0.172859,0,0.560061,-0.795543,0.231136,0,0.27622,-0.0837149,-0.957441,0,0.293792,0.284091,0.599261,1
0.780542,0.600667,0.173014,0,0.560615,-0.795112,0.231277,0,0.276492,-0.0835289,-0.957379,0,0.293644,0.284419,0.599358,1
0.780055,0.601258,0.17316,0,0.561163,-0.794684,0.231418,0,0.276755,-0.0833491,-0.957319,0,0.293497,0.284743,0.599451,1
0.779557,0.601854,0.173333,0,0.561714,-0.794254,0.231557,0,0.277039,-0.0831497,-0.957254,0,0.293345,0.285072,0.599557,1
0.779049,0.602464,0.173496,0,0.56228,-0.793811,0.231703,0,0.277321,-0.082956,-0.957189,0,0.293189,0.285407,0.599658,1
0.778561,0.603051,0.173646,0,0.562827,-0.793385,0.231832,0,0.27758,-0.0827643,-0.957131,0,0.293041,0.28573,0.599753,1
0.778064,0.603646,0.173805,0,0.563381,-0.792953,0.231966,0,0.27785,-0.082568,-0.957069,0,0.292888,0.28606,0.599853,1
0.777564,0.604248,0.173951,0,0.56394,-0.792514,0.232109,0,0.278115,-0.0823834,-0.957008,0,0.292732,0.286389,0.599946,1
0.777066,0.604846,0.174099,0,0.564496,-0.792077,0.232246,0,0.278378,-0.0821942,-0.956948,0,0.29258,0.286717,0.60004,1
0.776559,0.605452,0.174256,0,0.565058,-0.791634,0.23239,0,0.278653,-0.0820016,-0.956885,0,0.292421,0.28705,0.600139,1
0.776062,0.606048,0.174399,0,0.565613,-0.791197,0.232528,0,0.278912,-0.0818153,-0.956825,0,0.292266,0.287377,0.60023,1
0.775558,0.60665,0.174543,0,0.566173,-0.790755,0.232671,0,0.279177,-0.0816302,-0.956764,0,0.292111,0.287707,0.600322,1
0.775062,0.607244,0.174683,0,0.566726,-0.790317,0.232811,0,0.279434,-0.081447,-0.956704,0,0.291956,0.288035,0.600412,1
0.77456,0.607844,0.174825,0,0.567285,-0.789876,0.232947,0,0.279691,-0.0812577,-0.956645,0,0.2918,0.288364,0.600503,1
0.774051,0.60845,0.17497,0,0.56785,-0.789429,0.233084,0,0.279952,-0.0810642,-0.956585,0,0.291643,0.288696,0.600596,1
0.773547,0.60905,0.175111,0,0.56841,-0.788985,0.233223,0,0.28021,-0.0808757,-0.956526,0,0.291484,0.289025,0.600686,1
0.773036,0.609653,0.175269,0,0.56897,-0.78854,0.233364,0,0.280483,-0.0806773,-0.956463,0,0.291324,0.289358,0.600783,1
0.772524,0.610261,0.17541,0,0.569536,-0.788089,0.233507,0,0.280744,-0.0804894,-0.956402,0,0.291162,0.28969,0.600873,1
0.772016,0.61086,0.17556,0,0.570093,-0.787644,0.233648,0,0.28101,-0.080296,-0.95634,0,0.291003,0.290018,0.600967,1
0.771509,0.611458,0.175707,0,0.570651,-0.7872,0.233784,0,0.281271,-0.0801004,-0.956279,0,0.290846,0.290348,0.601061,1
0.770995,0.612067,0.175846,0,0.571217,-0.786746,0.233928,0,0.281531,-0.0799125,-0.956219,0,0.290683,0.290681,0.60115,1
0.770484,0.612666,0.175999,0,0.571776,-0.786299,0.234065,0,0.281797,-0.079713,-0.956157,0,0.290523,0.291012,0.601246,1
0.769973,0.613266,0.176147,0,0.572336,-0.785852,0.234197,0,0.282056,-0.0795115,-0.956097,0,0.290361,0.291343,0.601339,1
0.769462,0.613865,0.176293,0,0.572894,-0.785404,0.234335,0,0.282316,-0.0793159,-0.956037,0,0.2902,0.291672,0.60143,1
0.768945,0.614472,0.176435,0,0.573462,-0.784949,0.234472,0,0.282574,-0.0791187,-0.955977,0,0.290035,0.292007,0.601521,1
0.768427,0.615078,0.176576,0,0.574027,-0.784494,0.234611,0,0.282832,-0.0789233,-0.955917,0,0.289869,0.292339,0.60161,1
0.767911,0.615683,0.176714,0,0.574592,-0.784038,0.234753,0,0.28309,-0.0787329,-0.955856,0,0.289704,0.29267,0.601698,1
0.767402,0.616286,0.176822,0,0.575158,-0.783582,0.234888,0,0.283318,-0.0785546,-0.955803,0,0.289543,0.292999,0.601775,1
0.766882,0.616898,0.176947,0,0.575731,-0.78312,0.235026,0,0.283564,-0.0783645,-0.955746,0,0.289377,0.293333,0.601857,1
0.766366,0.617503,0.177069,0,0.576298,-0.782661,0.235167,0,0.283807,-0.0781806,-0.955689,0,0.289211,0.293663,0.601939,1
0.765842,0.618117,0.177196,0,0.576872,-0.782196,0.235307,0,0.284055,-0.0779907,-0.955631,0,0.289039,0.293997,0.602022,1
0.765324,0.618725,0.177313,0,0.577441,-0.781733,0.235448,0,0.284294,-0.0778074,-0.955575,0,0.288872,0.294331,0.602103,1
0.764807,0.61933,0.177427,0,0.578011,-0.781272,0.235582,0,0.284527,-0.0776211,-0.95552,0,0.288704,0.294662,0.60218,1
0.764285,0.619941,0.177544,0,0.578583,-0.780805,0.235723,0,0.284767,-0.0774371,-0.955464,0,0.288532,0.294996,0.602259,1
0.763765,0.620552,0.177648,0,0.579158,-0.780338,0.235859,0,0.284994,-0.0772559,-0.955411,0,0.28836,0.295329,0.602333,1
0.763246,0.621158,0.17776,0,0.579727,-0.779874,0.235997,0,0.285227,-0.0770729,-0.955356,0,0.28819,0.295662,0.60241,1
0.762722,0.621769,0.177873,0,0.5803,-0.779406,0.236134,0,0.285462,-0.0768865,-0.955301,0,0.28802,0.295995,0.602487,1
0.7622,0.622376,0.177989,0,0.58087,-0.778939,0.236273,0,0.285699,-0.0767,-0.955245,0,0.287848,0.296327,0.602565,1
0.761674,0.622985,0.17811,0,0.58144,-0.778471,0.236414,0,0.285941,-0.076512,-0.955188,0,0.287677,0.29666,0.602644,1
0.761161,0.623577,0.178232,0,0.581995,-0.778015,0.236548,0,0.286178,-0.0763221,-0.955132,0,0.287513,0.296986,0.602723,1
0.760633,0.624182,0.178368,0,0.58256,-0.777549,0.236689,0,0.286433,-0.0761244,-0.955071,0,0.28734,0.297319,0.60281,1
0.759078,0.625955,0.178779,0,0.584218,-0.776181,0.237092,0,0.287179,-0.0755272,-0.954895,0,0.286841,0.2983,0.603067,1
0.758569,0.626533,0.178914,0,0.58476,-0.775734,0.237221,0,0.287422,-0.075328,-0.954837,0,0.286681,0.29862,0.603153,1
0.758056,0.627115,0.179048,0,0.585305,-0.775283,0.237352,0,0.287665,-0.0751297,-0.95478,0,0.286517,0.298945,0.603239,1
0.757543,0.627693,0.179197,0,0.585845,-0.774835,0.237483,0,0.28792,-0.0749233,-0.954719,0,0.286353,0.299266,0.60333,1
0.75703,0.628269,0.179346,0,0.586382,-0.774388,0.237613,0,0.288173,-0.0747159,-0.954659,0,0.286189,0.299587,0.603423,1
0.756519,0.628842,0.17949,0,0.586919,-0.773942,0.237741,0,0.288422,-0.0745113,-0.9546,0,0.286026,0.299908,0.603514,1
0.756013,0.62941,0.179634,0,0.58745,-0.7735,0.237867,0,0.288669,-0.074306,-0.954541,0,0.285865,0.300226,0.603605,1
0.755487,0.629995,0.179796,0,0.587996,-0.773045,0.237998,0,0.288934,-0.0740863,-0.954478,0,0.285698,0.300551,0.603705,1
0.754976,0.630566,0.179938,0,0.588533,-0.772599,0.238118,0,0.289175,-0.0738759,-0.954421,0,0.285535,0.30087,0.603795,1
0.754469,0.63113,0.18009,0,0.58906,-0.772159,0.238241,0,0.289425,-0.0736629,-0.954362,0,0.285376,0.301187,0.603889,1
0.753951,0.631703,0.18025,0,0.589595,-0.771711,0.238372,0,0.289687,-0.0734479,-0.954299,0,0.285211,0.301506,0.603986,1
0.753448,0.63226,0.1804,0,0.590116,-0.771275,0.238491,0,0.289932,-0.073235,-0.954241,0,0.285053,0.301818,0.604077,1
0.752939,0.632824,0.180548,0,0.590645,-0.770832,0.238615,0,0.290179,-0.0730245,-0.954182,0,0.284891,0.302135,0.604169,1
0.75243,0.633392,0.180679,0,0.591178,-0.770385,0.238739,0,0.290413,-0.0728218,-0.954126,0,0.284727,0.302452,0.604254,1
0.751922,0.633949,0.180836,0,0.591701,-0.769947,0.238858,0,0.290664,-0.0726033,-0.954067,0,0.284565,0.302766,0.604351,1
0.751402,0.634522,0.180988,0,0.592237,-0.769495,0.238984,0,0.290915,-0.0723865,-0.954007,0,0.284398,0.303088,0.604445,1
0.750898,0.63508,0.181123,0,0.592763,-0.769054,0.239099,0,0.291146,-0.072177,-0.953952,0,0.284236,0.303401,0.604533,1
0.750381,0.635644,0.181289,0,0.59329,-0.76861,0.23922,0,0.291405,-0.0719511,-0.95389,0,0.284071,0.303719,0.604634,1
0.749861,0.636218,0.181425,0,0.59383,-0.768154,0.239345,0,0.291644,-0.0717418,-0.953833,0,0.283901,0.30404,0.604721,1
0.749348,0.636783,0.181564,0,0.59436,-0.767705,0.239469,0,0.291883,-0.0715326,-0.953775,0,0.283736,0.304356,0.60481,1
0.748824,0.637359,0.181707,0,0.594901,-0.767247,0.239595,0,0.292127,-0.0713183,-0.953717,0,0.28357,0.304676,0.604901,1
0.748315,0.637918,0.181841,0,0.595425,-0.766801,0.239719,0,0.292362,-0.0711139,-0.95366,0,0.283402,0.30499,0.604985,1
0.747792,0.638492,0.181979,0,0.595964,-0.766343,0.239844,0,0.292602,-0.0709014,-0.953602,0,0.283235,0.305309,0.605074,1
0.747269,0.639066,0.182114,0,0.596503,-0.765884,0.239972,0,0.292842,-0.0706938,-0.953544,0,0.283062,0.305629,0.60516,1
0.746757,0.639627,0.182244,0,0.597031,-0.765435,0.240092,0,0.293071,-0.0704862,-0.953489,0,0.282897,0.305943,0.605244,1
0.746236,0.640196,0.182379,0,0.597568,-0.764978,0.240211,0,0.293303,-0.0702716,-0.953433,0,0.282727,0.306263,0.60533,1
0.745713,0.640769,0.182508,0,0.598108,-0.764518,0.240331,0,0.293533,-0.0700601,-0.953378,0,0.282553,0.306584,0.605413,1
0.74519,0.641332,0.182663,0,0.598638,-0.764066,0.24045,0,0.293781,-0.0698334,-0.953318,0,0.28238,0.306901,0.605509,1
0.744659,0.641909,0.1828,0,0.599183,-0.763602,0.240569,0,0.294015,-0.069613,-0.953262,0,0.282205,0.307222,0.605595,1
0.744139,0.642471,0.182945,0,0.599711,-0.763149,0.24069,0,0.294256,-0.0693934,-0.953204,0,0.282034,0.307539,0.605685,1
0.743617,0.643036,0.183084,0,0.600242,-0.762693,0.24081,0,0.294492,-0.0691764,-0.953147,0,0.281865,0.307856,0.605772,1
0.743083,0.643613,0.183225,0,0.600785,-0.762226,0.240936,0,0.294734,-0.0689578,-0.953088,0,0.281688,0.308178,0.605861,1
0.742551,0.644187,0.183362,0,0.601326,-0.76176,0.24106,0,0.294971,-0.0687401,-0.95303,0,0.281514,0.308498,0.605948,1
0.742018,0.644761,0.183501,0,0.601868,-0.761294,0.241177,0,0.295206,-0.0685159,-0.952974,0,0.28134,0.30882,0.606035,1
0.741483,0.645336,0.183645,0,0.602407,-0.760827,0.241306,0,0.295451,-0.0682967,-0.952914,0,0.281162,0.30914,0.606125,1
0.740959,0.645903,0.183769,0,0.602943,-0.760365,0.241422,0,0.295672,-0.0680827,-0.95286,0,0.28099,0.309459,0.606206,1
0.740419,0.646481,0.18391,0,0.603486,-0.759894,0.241551,0,0.295916,-0.0678632,-0.9528,0,0.280809,0.309782,0.606294,1
0.739894,0.647045,0.184039,0,0.604018,-0.759432,0.241672,0,0.296143,-0.06765,-0.952745,0,0.280636,0.310096,0.606377,1
0.739363,0.647616,0.184166,0,0.604558,-0.758965,0.241792,0,0.296369,-0.0674346,-0.95269,0,0.280457,0.310417,0.606458,1
0.738824,0.648194,0.184295,0,0.605104,-0.75849,0.241915,0,0.2966,-0.0672164,-0.952633,0,0.280275,0.310738,0.606541,1
0.738293,0.648767,0.184406,0,0.605646,-0.758018,0.242038,0,0.296815,-0.0670109,-0.952581,0,0.280096,0.311057,0.606616,1
0.737753,0.649342,0.184545,0,0.606188,-0.757545,0.242162,0,0.297053,-0.0667883,-0.952522,0,0.279912,0.311379,0.606702,1
0.737219,0.649916,0.184656,0,0.606732,-0.757072,0.242281,0,0.297266,-0.0665785,-0.952471,0,0.279732,0.311697,0.606777,1
0.736678,0.650498,0.184767,0,0.607285,-0.75659,0.2424,0,0.297479,-0.0663659,-0.952419,0,0.279547,0.31202,0.606853,1
0.736138,0.651078,0.184876,0,0.607833,-0.756109,0.242527,0,0.297696,-0.0661611,-0.952365,0,0.279363,0.312342,0.606927,1
0.735604,0.65165,0.184987,0,0.608375,-0.755635,0.242647,0,0.297909,-0.0659513,-0.952313,0,0.279181,0.31266,0.607002,1
0.735056,0.652232,0.185113,0,0.608925,-0.755151,0.242771,0,0.298137,-0.0657314,-0.952257,0,0.278995,0.312984,0.607082,1
0.734527,0.652798,0.185219,0,0.609462,-0.75468,0.242887,0,0.298344,-0.0655244,-0.952207,0,0.278817,0.313299,0.607154,1
0.733985,0.653372,0.185343,0,0.610005,-0.754203,0.243009,0,0.298567,-0.0653058,-0.952152,0,0.278633,0.313622,0.607234,1
0.733439,0.653954,0.185451,0,0.610558,-0.753716,0.243131,0,0.298779,-0.0650949,-0.9521,0,0.278446,0.313946,0.607306,1
0.732909,0.654515,0.185568,0,0.611088,-0.753247,0.243249,0,0.298994,-0.0648827,-0.952047,0,0.278268,0.31426,0.607383,1
0.732366,0.655086,0.185695,0,0.611628,-0.752769,0.243373,0,0.299221,-0.064663,-0.95199,0,0.278084,0.314581,0.607463,1
0.731837,0.655642,0.185817,0,0.612155,-0.752304,0.243487,0,0.299437,-0.064445,-0.951937,0,0.277907,0.314894,0.607541,1
0.731296,0.656208,0.18595,0,0.61269,-0.751829,0.243605,0,0.299665,-0.0642189,-0.951881,0,0.277725,0.315213,0.607623,1
0.730757,0.656772,0.18608,0,0.613223,-0.751356,0.243725,0,0.29989,-0.0639968,-0.951825,0,0.277543,0.31553,0.607706,1
0.730223,0.657324,0.186225,0,0.613746,-0.750893,0.243838,0,0.300122,-0.0637629,-0.951767,0,0.277366,0.315843,0.607795,1
0.729685,0.657886,0.186352,0,0.614278,-0.75042,0.243953,0,0.300341,-0.0635382,-0.951713,0,0.277186,0.316159,0.607876,1
0.729151,0.658437,0.186496,0,0.614799,-0.749956,0.244067,0,0.300572,-0.0633058,-0.951656,0,0.277007,0.316472,0.607964,1
0.728613,0.65899,0.186642,0,0.615321,-0.749489,0.244186,0,0.300808,-0.0630737,-0.951597,0,0.276827,0.316784,0.608054,1
0.728079,0.659539,0.186789,0,0.615838,-0.749026,0.244302,0,0.301042,-0.0628407,-0.951538,0,0.276648,0.317096,0.608143,1
0.727544,0.660085,0.186943,0,0.616353,-0.748565,0.244417,0,0.301281,-0.0626023,-0.951478,0,0.27647,0.317406,0.608237,1
0.727006,0.660637,0.187087,0,0.616874,-0.748097,0.244537,0,0.301515,-0.0623719,-0.951419,0,0.27629,0.317719,0.608325,1
0.726472,0.661181,0.18724,0,0.617388,-0.747636,0.24465,0,0.301751,-0.0621322,-0.95136,0,0.276111,0.318029,0.608419,1
0.725936,0.661726,0.187396,0,0.617901,-0.747174,0.244765,0,0.301991,-0.0618928,-0.9513,0,0.275932,0.318342,0.608512,1
0.725403,0.662265,0.187553,0,0.61841,-0.746716,0.244877,0,0.302228,-0.0616505,-0.95124,0,0.275754,0.31865,0.608607,1
0.724862,0.66281,0.187717,0,0.618923,-0.746252,0.244994,0,0.302475,-0.061406,-0.951177,0,0.275574,0.31896,0.608704,1
0.724337,0.663343,0.187864,0,0.619427,-0.745798,0.245104,0,0.302702,-0.0611705,-0.95112,0,0.275397,0.319266,0.608793,1
0.723795,0.663889,0.188025,0,0.619943,-0.745333,0.245215,0,0.302942,-0.0609218,-0.95106,0,0.275213,0.319578,0.60889,1
0.723266,0.664422,0.188177,0,0.620447,-0.744877,0.245326,0,0.303174,-0.0606831,-0.951001,0,0.275035,0.319884,0.60898,1
0.722722,0.664968,0.188336,0,0.620961,-0.744409,0.245443,0,0.303417,-0.0604386,-0.950939,0,0.274852,0.320195,0.609078,1
0.722182,0.665512,0.188489,0,0.621476,-0.743943,0.245554,0,0.30365,-0.0601946,-0.95088,0,0.274667,0.320504,0.609171,1
0.721651,0.666048,0.188629,0,0.621986,-0.743482,0.24566,0,0.303869,-0.0599575,-0.950825,0,0.274487,0.320812,0.609259,1
0.721105,0.666592,0.188794,0,0.6225,-0.743015,0.24577,0,0.304111,-0.0597026,-0.950764,0,0.274303,0.321122,0.609359,1
0.720568,0.667135,0.188927,0,0.623016,-0.742547,0.245879,0,0.304327,-0.0594696,-0.950709,0,0.27412,0.321431,0.609441,1
0.720027,0.667679,0.189069,0,0.623533,-0.742076,0.245988,0,0.304551,-0.0592289,-0.950653,0,0.273938,0.321742,0.60953,1
0.71948,0.668227,0.189213,0,0.624052,-0.741602,0.246104,0,0.30478,-0.0589892,-0.950594,0,0.27375,0.322053,0.60962,1
0.718937,0.668772,0.189351,0,0.62457,-0.74113,0.246212,0,0.305,-0.0587493,-0.950539,0,0.273565,0.322362,0.609704,1
0.718392,0.669318,0.189495,0,0.625086,-0.740656,0.246329,0,0.305228,-0.0585112,-0.95048,0,0.273379,0.322673,0.609793,1
0.717856,0.669855,0.189624,0,0.625596,-0.740188,0.246437,0,0.30544,-0.0582796,-0.950426,0,0.273198,0.322978,0.609874,1
0.717313,0.6704,0.189755,0,0.626115,-0.739713,0.246547,0,0.305655,-0.0580436,-0.950371,0,0.273012,0.323288,0.609958,1
0.716761,0.670953,0.189882,0,0.626643,-0.73923,0.246653,0,0.305866,-0.0578042,-0.950318,0,0.272822,0.323602,0.610039,1
0.716214,0.671497,0.190026,0,0.62716,-0.738755,0.246761,0,0.306088,-0.0575582,-0.950262,0,0.272632,0.323913,0.610127,1
0.715662,0.672044,0.190173,0,0.627681,-0.738277,0.246869,0,0.306313,-0.0573081,-0.950204,0,0.272443,0.324225,0.610217,1
0.715121,0.67258,0.190313,0,0.62819,-0.737808,0.246977,0,0.306532,-0.0570666,-0.950148,0,0.272255,0.324532,0.610303,1
0.714564,0.67313,0.190461,0,0.628712,-0.737326,0.247088,0,0.30676,-0.0568161,-0.95009,0,0.272064,0.324845,0.610393,1
0.714016,0.673669,0.190607,0,0.629225,-0.736852,0.247198,0,0.306984,-0.0565697,-0.950032,0,0.271875,0.325153,0.610481,1
0.713467,0.67421,0.190751,0,0.629738,-0.736375,0.247309,0,0.307209,-0.0563246,-0.949974,0,0.271685,0.325462,0.610569,1
0.712909,0.674761,0.190892,0,0.630262,-0.73589,0.247418,0,0.307429,-0.0560754,-0.949917,0,0.271493,0.325775,0.610656,1
0.712358,0.675304,0.191027,0,0.630781,-0.73541,0.247524,0,0.307643,-0.0558303,-0.949863,0,0.271303,0.326085,0.610739,1
0.711806,0.675846,0.191166,0,0.631296,-0.73493,0.247636,0,0.307863,-0.055587,-0.949805,0,0.271112,0.326395,0.610825,1
0.711243,0.676398,0.191309,0,0.63182,-0.734441,0.247751,0,0.308089,-0.055339,-0.949747,0,0.270915,0.326707,0.610913,1
0.710694,0.67694,0.191434,0,0.632338,-0.73396,0.247855,0,0.308293,-0.0550993,-0.949694,0,0.270727,0.327016,0.610992,1
0.710142,0.677483,0.191564,0,0.632856,-0.733477,0.247963,0,0.308504,-0.0548573,-0.94964,0,0.270534,0.327326,0.611074,1
0.709584,0.678031,0.191692,0,0.633378,-0.732989,0.248075,0,0.308716,-0.0546182,-0.949585,0,0.270338,0.327636,0.611154,1
0.70903,0.678577,0.19181,0,0.6339,-0.7325,0.248183,0,0.308918,-0.0543818,-0.949533,0,0.270145,0.327945,0.61123,1
0.708474,0.679125,0.191926,0,0.634424,-0.73201,0.24829,0,0.309118,-0.0541457,-0.949481,0,0.269951,0.328255,0.611306,1
0.707927,0.679661,0.192047,0,0.634937,-0.73153,0.248394,0,0.309318,-0.0539083,-0.949429,0,0.269758,0.328562,0.611382,1
0.707372,0.680209,0.192149,0,0.635464,-0.731037,0.248499,0,0.309505,-0.0536781,-0.949381,0,0.269563,0.328871,0.611452,1
0.70681,0.680764,0.192252,0,0.635996,-0.730537,0.248609,0,0.309697,-0.0534484,-0.949332,0,0.269362,0.329184,0.611522,1
0.706262,0.681301,0.192364,0,0.636511,-0.730054,0.248709,0,0.309887,-0.0532131,-0.949283,0,0.26917,0.32949,0.611597,1
0.705702,0.681851,0.192471,0,0.637037,-0.729557,0.248822,0,0.310084,-0.0529844,-0.949232,0,0.268967,0.329801,0.611669,1
0.705146,0.682396,0.192575,0,0.63756,-0.729063,0.248928,0,0.310273,-0.0527533,-0.949183,0,0.26877,0.330109,0.611739,1
0.70459,0.682941,0.192679,0,0.638082,-0.72857,0.249034,0,0.310461,-0.0525231,-0.949134,0,0.268572,0.330419,0.611808,1
0.704026,0.683487,0.192805,0,0.638603,-0.728075,0.249148,0,0.310672,-0.0522819,-0.949078,0,0.26837,0.330729,0.611886,1
0.70348,0.684018,0.192915,0,0.639111,-0.727592,0.249253,0,0.310863,-0.0520518,-0.949028,0,0.268178,0.331031,0.611956,1
0.702922,0.684557,0.193034,0,0.639626,-0.727102,0.249363,0,0.311065,-0.0518141,-0.948975,0,0.267982,0.33134,0.612031,1
0.702371,0.685094,0.193136,0,0.64014,-0.726613,0.249471,0,0.311252,-0.0515878,-0.948926,0,0.267788,0.331643,0.6121,1
0.701814,0.685627,0.193273,0,0.640647,-0.726127,0.249581,0,0.311467,-0.0513407,-0.948869,0,0.267591,0.331948,0.612182,1
0.70126,0.68616,0.193391,0,0.641157,-0.72564,0.249689,0,0.311664,-0.051104,-0.948817,0,0.267396,0.332255,0.612256,1
0.700715,0.68668,0.193522,0,0.641656,-0.725166,0.249786,0,0.311865,-0.0508554,-0.948765,0,0.267208,0.332554,0.612336,1
0.700157,0.687209,0.193662,0,0.642161,-0.724682,0.249891,0,0.312077,-0.0506017,-0.948708,0,0.267014,0.332857,0.61242,1
0.699609,0.68773,0.193791,0,0.64266,-0.724204,0.249993,0,0.312278,-0.0503568,-0.948655,0,0.266823,0.333157,0.6125,1
0.69907,0.688241,0.193925,0,0.64315,-0.723737,0.25009,0,0.312478,-0.0501085,-0.948602,0,0.266636,0.333454,0.612583,1
0.698524,0.688756,0.194064,0,0.643642,-0.723264,0.250191,0,0.312686,-0.0498576,-0.948547,0,0.266448,0.333752,0.612666,1
0.697983,0.689264,0.194204,0,0.644129,-0.722797,0.250285,0,0.312889,-0.0496036,-0.948494,0,0.266261,0.334049,0.612751,1
0.697436,0.689779,0.19434,0,0.644621,-0.722322,0.250389,0,0.313095,-0.0493562,-0.948438,0,0.266072,0.334346,0.612834,1
0.696892,0.69029,0.194479,0,0.645112,-0.721852,0.250481,0,0.313296,-0.049099,-0.948386,0,0.265883,0.334644,0.612919,1
0.696353,0.690793,0.19462,0,0.645595,-0.721387,0.250576,0,0.313499,-0.0488444,-0.948332,0,0.265696,0.334938,0.613007,1
0.695807,0.691305,0.19476,0,0.646086,-0.720914,0.250672,0,0.313702,-0.0485882,-0.948277,0,0.265506,0.335236,0.613093,1
0.695257,0.691816,0.194906,0,0.646576,-0.720441,0.25077,0,0.313911,-0.0483288,-0.948222,0,0.265315,0.335533,0.613182,1
0.694719,0.692315,0.195053,0,0.647055,-0.719979,0.250862,0,0.314116,-0.0480692,-0.948167,0,0.265131,0.335824,0.61327,1
0.694174,0.692817,0.19521,0,0.647535,-0.719514,0.250956,0,0.314329,-0.047803,-0.94811,0,0.264942,0.336119,0.613362,1
0.693642,0.693312,0.195345,0,0.64801,-0.719053,0.25105,0,0.314526,-0.047554,-0.948057,0,0.264759,0.336406,0.613443,1
0.693102,0.693811,0.195492,0,0.648488,-0.718589,0.251146,0,0.314732,-0.0472968,-0.948001,0,0.264573,0.336696,0.613531,1
0.692558,0.694314,0.19563,0,0.648971,-0.718119,0.25124,0,0.314931,-0.0470408,-0.947948,0,0.264381,0.336991,0.613615,1
0.692016,0.694815,0.195772,0,0.649454,-0.717652,0.25133,0,0.31513,-0.0467805,-0.947895,0,0.264191,0.337282,0.613702,1
0.691463,0.695324,0.195921,0,0.649941,-0.717176,0.251426,0,0.315338,-0.0465154,-0.947839,0,0.263997,0.337578,0.613793,1
0.690931,0.695817,0.196044,0,0.650419,-0.716714,0.25151,0,0.315518,-0.0462661,-0.947791,0,0.263812,0.337867,0.613872,1
0.690378,0.696325,0.19619,0,0.650905,-0.716237,0.251608,0,0.315726,-0.0460047,-0.947735,0,0.263617,0.338162,0.613961,1
0.689826,0.696837,0.196313,0,0.651398,-0.715755,0.251706,0,0.315916,-0.0457564,-0.947683,0,0.263422,0.338459,0.614039,1
0.689287,0.697332,0.196449,0,0.651874,-0.715289,0.2518,0,0.316112,-0.0455033,-0.94763,0,0.263235,0.338747,0.614123,1
0.688732,0.697842,0.196587,0,0.652364,-0.714808,0.251894,0,0.316311,-0.0452417,-0.947576,0,0.263039,0.339045,0.614207,1
0.688188,0.698342,0.196715,0,0.652847,-0.714335,0.251985,0,0.316499,-0.0449888,-0.947525,0,0.262846,0.339336,0.614286,1
0.687629,0.698857,0.196841,0,0.653343,-0.713848,0.252081,0,0.316689,-0.0447345,-0.947474,0,0.262651,0.339634,0.614364,1
0.687088,0.699352,0.196971,0,0.653822,-0.713379,0.252168,0,0.316876,-0.0444785,-0.947424,0,0.262461,0.339922,0.614445,1
0.686544,0.69985,0.197097,0,0.654302,-0.712906,0.252261,0,0.317063,-0.044228,-0.947373,0,0.262266,0.340214,0.614523,1
0.685986,0.700363,0.19722,0,0.654799,-0.712418,0.252348,0,0.317244,-0.0439692,-0.947324,0,0.262068,0.34051,0.614601,1
0.685433,0.700871,0.197338,0,0.655291,-0.711933,0.252439,0,0.317425,-0.0437168,-0.947275,0,0.261869,0.340805,0.614677,1
0.684886,0.701367,0.197472,0,0.65577,-0.71146,0.252528,0,0.317614,-0.0434576,-0.947224,0,0.261675,0.341094,0.614758,1
0.684329,0.701872,0.197614,0,0.656257,-0.710979,0.252618,0,0.317811,-0.0431893,-0.94717,0,0.261475,0.341389,0.614843,1
0.683776,0.702373,0.197746,0,0.656741,-0.7105,0.252711,0,0.318002,-0.0429302,-0.947117,0,0.261277,0.341681,0.614923,1
0.683222,0.702875,0.197875,0,0.657228,-0.710019,0.252795,0,0.318184,-0.0426672,-0.947068,0,0.261083,0.341974,0.615003,1
0.682661,0.703382,0.198011,0,0.657716,-0.709533,0.25289,0,0.31838,-0.0424034,-0.947014,0,0.260883,0.342268,0.615086,1
0.682104,0.703883,0.198147,0,0.6582,-0.709051,0.252982,0,0.318573,-0.0421405,-0.946961,0,0.260685,0.342559,0.615169,1
0.681543,0.70439,0.198279,0,0.658689,-0.708563,0.253077,0,0.318764,-0.0418795,-0.946908,0,0.260487,0.342853,0.615251,1
0.680997,0.704885,0.198396,0,0.65917,-0.708086,0.253162,0,0.318938,-0.0416263,-0.946861,0,0.260293,0.343141,0.615325,1
0.680435,0.705389,0.198531,0,0.659655,-0.707598,0.253259,0,0.319133,-0.0413648,-0.946807,0,0.260091,0.343435,0.615407,1
0.67988,0.705894,0.198642,0,0.660143,-0.70711,0.253353,0,0.319308,-0.0411181,-0.946759,0,0.259892,0.343728,0.615478,1
0.679329,0.706391,0.198759,0,0.660626,-0.706628,0.253439,0,0.319482,-0.0408641,-0.946711,0,0.259695,0.344017,0.615552,1
0.678766,0.706894,0.198891,0,0.661113,-0.706139,0.253529,0,0.31967,-0.0405981,-0.946659,0,0.259493,0.344311,0.615633,1
0.67821,0.707396,0.199004,0,0.661601,-0.705651,0.253617,0,0.319841,-0.0403451,-0.946612,0,0.259292,0.344603,0.615704,1
0.677649,0.7079,0.199123,0,0.662089,-0.705161,0.253708,0,0.32002,-0.0400882,-0.946562,0,0.25909,0.344896,0.615779,1
0.677092,0.708401,0.199238,0,0.662577,-0.704672,0.253791,0,0.320189,-0.0398301,-0.946516,0,0.258888,0.345187,0.615851,1
0.676536,0.708899,0.199355,0,0.663061,-0.704186,0.253877,0,0.320362,-0.039573,-0.946468,0,0.258686,0.345477,0.615924,1
0.675974,0.709407,0.199453,0,0.663555,-0.703687,0.253967,0,0.320525,-0.0393277,-0.946423,0,0.258482,0.345771,0.61599,1
0.675407,0.709919,0.199552,0,0.664053,-0.703184,0.25406,0,0.32069,-0.0390819,-0.946378,0,0.258276,0.346064,0.616056,1
0.674853,0.710416,0.199656,0,0.664535,-0.702695,0.254152,0,0.320857,-0.0388381,-0.946331,0,0.258074,0.346352,0.616126,1
0.674284,0.710925,0.19977,0,0.665028,-0.702195,0.254245,0,0.321033,-0.0385811,-0.946282,0,0.257862,0.346646,0.616199,1
0.673721,0.711429,0.199875,0,0.665518,-0.701699,0.254335,0,0.321199,-0.0383312,-0.946236,0,0.257659,0.346936,0.616267,1
0.673167,0.711924,0.199978,0,0.665999,-0.701209,0.254424,0,0.321363,-0.0380857,-0.94619,0,0.257455,0.347226,0.616333,1
0.672598,0.712428,0.200096,0,0.666487,-0.700711,0.254519,0,0.321542,-0.0378284,-0.946139,0,0.257246,0.347518,0.616406,1
0.672038,0.712927,0.2002,0,0.666973,-0.700217,0.254605,0,0.321705,-0.0375772,-0.946094,0,0.257043,0.347807,0.616474,1
0.671473,0.713426,0.200319,0,0.667457,-0.699722,0.254696,0,0.321881,-0.0373183,-0.946044,0,0.256836,0.348099,0.616547,1
0.670926,0.713912,0.200423,0,0.66793,-0.69924,0.254784,0,0.322043,-0.0370739,-0.945999,0,0.256639,0.348382,0.616614,1
0.670363,0.714408,0.200536,0,0.668414,-0.698746,0.254865,0,0.322208,-0.036812,-0.945953,0,0.256435,0.348674,0.616685,1
0.6698,0.714906,0.200644,0,0.668898,-0.69825,0.254957,0,0.322376,-0.0365604,-0.945905,0,0.25623,0.348963,0.616753,1
0.669246,0.715389,0.200771,0,0.669368,-0.697769,0.255038,0,0.32255,-0.0362945,-0.945856,0,0.256033,0.349247,0.61683,1
0.668683,0.715881,0.200894,0,0.669847,-0.697279,0.255125,0,0.322724,-0.0360301,-0.945807,0,0.25583,0.349536,0.616907,1
0.668126,0.716364,0.201022,0,0.67032,-0.696796,0.255202,0,0.322895,-0.035759,-0.945759,0,0.25563,0.349821,0.616985,1
0.667569,0.716848,0.20115,0,0.67079,-0.696312,0.255287,0,0.323071,-0.0354928,-0.945709,0,0.25543,0.350106,0.617062,1
0.667013,0.717324,0.201299,0,0.671251,-0.695836,0.255372,0,0.323262,-0.0352146,-0.945654,0,0.255228,0.350388,0.617149,1
0.666456,0.717801,0.201442,0,0.671715,-0.695357,0.255457,0,0.323447,-0.0349402,-0.945601,0,0.255029,0.35067,0.617233,1
0.665904,0.718278,0.201566,0,0.67218,-0.694877,0.25554,0,0.323618,-0.0346771,-0.945552,0,0.25483,0.350952,0.617309,1
0.66535,0.718752,0.201706,0,0.67264,-0.6944,0.255624,0,0.323801,-0.0344047,-0.945499,0,0.254631,0.351233,0.617393,1
0.6648,0.71922,0.201852,0,0.673093,-0.69393,0.255711,0,0.32399,-0.034132,-0.945445,0,0.254434,0.351514,0.617478,1
0.664237,0.719698,0.202001,0,0.673556,-0.693447,0.255801,0,0.324182,-0.0338539,-0.945389,0,0.254232,0.351797,0.617567,1
0.663687,0.720167,0.202137,0,0.674013,-0.692973,0.255881,0,0.324359,-0.0335823,-0.945338,0,0.254034,0.352077,0.617648,1
0.663129,0.72064,0.202283,0,0.674474,-0.692495,0.255963,0,0.324543,-0.033302,-0.945284,0,0.253833,0.352359,0.617734,1
0.662571,0.721112,0.202428,0,0.674933,-0.692017,0.256045,0,0.324728,-0.0330231,-0.945231,0,0.253629,0.35264,0.61782,1
0.662015,0.721581,0.202578,0,0.67539,-0.691541,0.256124,0,0.324912,-0.0327395,-0.945177,0,0.253429,0.352918,0.617907,1
0.661459,0.72205,0.202723,0,0.675848,-0.691065,0.256204,0,0.325093,-0.0324592,-0.945125,0,0.253229,0.353199,0.617991,1
0.660909,0.722517,0.202854,0,0.676303,-0.690589,0.256283,0,0.325264,-0.0321894,-0.945075,0,0.253032,0.353476,0.618072,1
0.660352,0.722983,0.203004,0,0.676758,-0.690114,0.256361,0,0.325447,-0.0319051,-0.945022,0,0.252831,0.353754,0.618161,1
0.659795,0.723458,0.203126,0,0.677223,-0.689629,0.256439,0,0.325611,-0.0316364,-0.944974,0,0.252629,0.354035,0.618238,1
0.65924,0.723925,0.203263,0,0.67768,-0.689151,0.256518,0,0.325785,-0.0313606,-0.944924,0,0.252425,0.354315,0.618321,1
0.658682,0.724394,0.203403,0,0.678136,-0.688672,0.2566,0,0.325963,-0.0310831,-0.944871,0,0.252222,0.354593,0.618404,1
0.658118,0.724871,0.203529,0,0.678604,-0.688182,0.256677,0,0.326129,-0.0308086,-0.944823,0,0.252014,0.354876,0.618481,1
0.657561,0.725339,0.203661,0,0.679062,-0.687701,0.256757,0,0.3263,-0.0305352,-0.944773,0,0.251811,0.355154,0.618561,1
0.656996,0.725814,0.203792,0,0.679528,-0.687212,0.256832,0,0.326467,-0.0302557,-0.944724,0,0.251604,0.355436,0.618641,1
0.656441,0.72628,0.203923,0,0.679984,-0.686731,0.256909,0,0.326634,-0.0299814,-0.944675,0,0.251402,0.355714,0.61872,1
0.655878,0.726751,0.204052,0,0.680444,-0.686244,0.256994,0,0.326806,-0.0297115,-0.944624,0,0.251195,0.355993,0.618798,1
0.65531,0.727231,0.204169,0,0.680913,-0.685747,0.257079,0,0.32697,-0.0294454,-0.944576,0,0.250987,0.356273,0.618871,1
0.654758,0.727695,0.204286,0,0.681368,-0.685266,0.257156,0,0.327127,-0.0291813,-0.94453,0,0.250787,0.356548,0.618944,1
0.65419,0.728168,0.204421,0,0.681832,-0.684775,0.257235,0,0.327298,-0.0289002,-0.944479,0,0.250576,0.356829,0.619024,1
0.653634,0.728632,0.204546,0,0.682285,-0.684293,0.257317,0,0.327465,-0.0286326,-0.944429,0,0.250371,0.357106,0.619101,1
0.653058,0.729114,0.204666,0,0.682759,-0.683791,0.257393,0,0.327624,-0.028356,-0.944383,0,0.250158,0.35739,0.619175,1
0.652496,0.729583,0.204789,0,0.683219,-0.683301,0.257473,0,0.327787,-0.0280851,-0.944334,0,0.249949,0.357669,0.619249,1
0.651937,0.730046,0.204919,0,0.683673,-0.682818,0.257551,0,0.327953,-0.0278096,-0.944285,0,0.249743,0.357944,0.619328,1
0.651364,0.73052,0.205054,0,0.684136,-0.682323,0.257631,0,0.328124,-0.0275275,-0.944234,0,0.249532,0.358225,0.619408,1
0.650798,0.730988,0.205181,0,0.684597,-0.681831,0.257708,0,0.328286,-0.0272499,-0.944185,0,0.249321,0.358503,0.619485,1
0.650236,0.731449,0.205318,0,0.685049,-0.681348,0.257784,0,0.328455,-0.0269679,-0.944134,0,0.249115,0.358779,0.619567,1
0.649669,0.731917,0.205449,0,0.685511,-0.680857,0.257853,0,0.328615,-0.0266822,-0.944087,0,0.248906,0.359059,0.619644,1
0.649095,0.732392,0.20557,0,0.685978,-0.680357,0.257933,0,0.328775,-0.0264073,-0.944039,0,0.248695,0.359339,0.61972,1
0.648537,0.73285,0.205696,0,0.686429,-0.679874,0.258008,0,0.328935,-0.0261325,-0.943991,0,0.248489,0.359614,0.619795,1
0.647962,0.733323,0.205823,0,0.686893,-0.679374,0.258087,0,0.329099,-0.0258527,-0.943942,0,0.248274,0.359893,0.619873,1
0.647395,0.733792,0.205934,0,0.687356,-0.678878,0.258161,0,0.329247,-0.0255823,-0.943897,0,0.248065,0.360171,0.619942,1
0.646827,0.734261,0.20605,0,0.687817,-0.678381,0.25824,0,0.329402,-0.0253127,-0.94385,0,0.247854,0.360448,0.620014,1
0.646267,0.734721,0.206168,0,0.68827,-0.677893,0.258315,0,0.329556,-0.0250419,-0.943804,0,0.247648,0.360721,0.620087,1
0.645698,0.735192,0.206272,0,0.688736,-0.677392,0.258388,0,0.329698,-0.0247739,-0.943761,0,0.247436,0.360999,0.620154,1
0.645121,0.735665,0.206391,0,0.6892,-0.676889,0.258468,0,0.329856,-0.024499,-0.943713,0,0.24722,0.361277,0.620226,1
0.644568,0.736123,0.206487,0,0.689656,-0.6764,0.25853,0,0.329984,-0.0242358,-0.943675,0,0.247016,0.361549,0.620288,1
0.643996,0.736589,0.206607,0,0.690114,-0.675902,0.258611,0,0.330142,-0.0239628,-0.943627,0,0.246799,0.361827,0.620361,1
0.643436,0.73705,0.206708,0,0.69057,-0.675408,0.258684,0,0.330282,-0.0237008,-0.943585,0,0.246587,0.362098,0.620427,1
0.64286,0.737527,0.206796,0,0.691043,-0.674896,0.258759,0,0.330414,-0.0234411,-0.943545,0,0.24637,0.362378,0.620487,1
0.642296,0.737993,0.206887,0,0.691503,-0.674395,0.258833,0,0.330547,-0.0231848,-0.943505,0,0.246154,0.362654,0.620548,1
0.641723,0.73846,0.207,0,0.691964,-0.673893,0.258911,0,0.330697,-0.0229132,-0.943459,0,0.245936,0.362929,0.620619,1
0.64115,0.73893,0.207097,0,0.692427,-0.673387,0.25899,0,0.330838,-0.0226518,-0.943416,0,0.245719,0.363205,0.620682,1
0.640585,0.739393,0.207194,0,0.692884,-0.672888,0.259065,0,0.330975,-0.0223917,-0.943374,0,0.245506,0.36348,0.620745,1
0.640021,0.739851,0.207301,0,0.693336,-0.672392,0.259143,0,0.331121,-0.0221282,-0.943329,0,0.245294,0.363751,0.620811,1
0.639444,0.740321,0.207403,0,0.6938,-0.671883,0.25922,0,0.331263,-0.021861,-0.943285,0,0.245075,0.364028,0.620875,1
0.63888,0.740777,0.207513,0,0.69425,-0.671389,0.259295,0,0.331408,-0.021593,-0.943241,0,0.244866,0.364298,0.620942,1
0.638312,0.741234,0.207633,0,0.694699,-0.670894,0.259376,0,0.331564,-0.0213208,-0.943192,0,0.244652,0.364571,0.621013,1
0.637745,0.741693,0.207733,0,0.695154,-0.670394,0.259448,0,0.3317,-0.0210556,-0.94315,0,0.24444,0.364843,0.621076,1
0.637181,0.742147,0.207844,0,0.695604,-0.669901,0.259517,0,0.331841,-0.0207827,-0.943106,0,0.244229,0.365114,0.621145,1
0.636611,0.742603,0.207963,0,0.696054,-0.669404,0.259591,0,0.331991,-0.0205053,-0.94306,0,0.244016,0.365389,0.621216,1
0.636066,0.743038,0.208076,0,0.696486,-0.668929,0.259658,0,0.33213,-0.0202378,-0.943016,0,0.243812,0.36565,0.621286,1
0.635502,0.743483,0.208208,0,0.696924,-0.668443,0.259734,0,0.332289,-0.0199567,-0.942966,0,0.243601,0.365919,0.621362,1
0.634946,0.743926,0.208325,0,0.697364,-0.667958,0.259801,0,0.332432,-0.0196817,-0.942922,0,0.243394,0.366185,0.621434,1
0.634391,0.74436,0.208462,0,0.697794,-0.667482,0.259869,0,0.332587,-0.0193955,-0.942873,0,0.243189,0.36645,0.621513,1
0.63384,0.744793,0.208593,0,0.698223,-0.667007,0.259936,0,0.332738,-0.0191136,-0.942826,0,0.242986,0.366712,0.621591,1
0.633284,0.745228,0.208729,0,0.698653,-0.66653,0.260007,0,0.332895,-0.0188295,-0.942776,0,0.242778,0.366977,0.621669,1
0.632727,0.745664,0.208858,0,0.699086,-0.666049,0.260074,0,0.333044,-0.0185461,-0.942729,0,0.242574,0.367241,0.621746,1
0.632177,0.746096,0.208984,0,0.699514,-0.665573,0.26014,0,0.33319,-0.0182681,-0.942683,0,0.24237,0.367503,0.621821,1
0.631628,0.746523,0.209118,0,0.699939,-0.665102,0.260204,0,0.333339,-0.0179828,-0.942635,0,0.242167,0.367765,0.6219,1
0.631062,0.746958,0.209271,0,0.700368,-0.664621,0.260276,0,0.333508,-0.0176844,-0.942581,0,0.241956,0.368029,0.621989,1
0.630511,0.74739,0.20939,0,0.700796,-0.664143,0.260347,0,0.333652,-0.0174125,-0.942536,0,0.241752,0.36829,0.622062,1
0.629959,0.747817,0.209529,0,0.70122,-0.66367,0.26041,0,0.333803,-0.0171216,-0.942487,0,0.241548,0.368549,0.622145,1
0.629405,0.748244,0.209666,0,0.701644,-0.663195,0.260478,0,0.333957,-0.0168361,-0.942438,0,0.241341,0.368809,0.622224,1
0.628863,0.748662,0.209804,0,0.702059,-0.662731,0.26054,0,0.334106,-0.0165502,-0.94239,0,0.24114,0.369065,0.622305,1
0.628312,0.749087,0.209935,0,0.702482,-0.662257,0.260605,0,0.334253,-0.0162659,-0.942343,0,0.240935,0.369325,0.622382,1
0.627768,0.749507,0.210064,0,0.702902,-0.661789,0.260664,0,0.334394,-0.0159826,-0.942298,0,0.240732,0.369581,0.622458,1
0.627219,0.749931,0.210192,0,0.703322,-0.661315,0.260731,0,0.33454,-0.0157024,-0.942251,0,0.240527,0.36984,0.622534,1
0.626675,0.750346,0.210335,0,0.703738,-0.660852,0.260786,0,0.334686,-0.0154077,-0.942204,0,0.240324,0.370095,0.622618,1
0.626123,0.750773,0.210455,0,0.704164,-0.660373,0.260847,0,0.334822,-0.0151282,-0.94216,0,0.240117,0.370355,0.622691,1
0.625575,0.751195,0.210578,0,0.704584,-0.659899,0.260913,0,0.334963,-0.0148513,-0.942114,0,0.239912,0.370613,0.622766,1
0.625016,0.751623,0.21071,0,0.705009,-0.659418,0.260982,0,0.335113,-0.014566,-0.942065,0,0.239701,0.370872,0.622844,1
0.624468,0.752046,0.210825,0,0.705431,-0.658941,0.261046,0,0.335246,-0.0142922,-0.942022,0,0.239496,0.371129,0.622915,1
0.623903,0.75248,0.21095,0,0.705863,-0.658452,0.261112,0,0.335388,-0.0140066,-0.941976,0,0.239284,0.371392,0.622991,1
0.62335,0.752905,0.211068,0,0.706287,-0.657971,0.261175,0,0.335524,-0.0137291,-0.941932,0,0.239077,0.37165,0.623062,1
0.622792,0.75333,0.211197,0,0.706713,-0.65749,0.261236,0,0.335663,-0.0134405,-0.941886,0,0.238867,0.371909,0.623138,1
0.622233,0.753761,0.21131,0,0.707142,-0.657003,0.261302,0,0.335797,-0.013165,-0.941842,0,0.238657,0.372168,0.623207,1
0.621677,0.754186,0.211427,0,0.707568,-0.65652,0.261362,0,0.335928,-0.0128844,-0.941799,0,0.238447,0.372426,0.623278,1
0.62112,0.754611,0.211548,0,0.707993,-0.656037,0.261425,0,0.336064,-0.0126022,-0.941755,0,0.238235,0.372684,0.623351,1
0.620561,0.755038,0.211666,0,0.708419,-0.65555,0.261491,0,0.3362,-0.0123231,-0.94171,0,0.238022,0.372943,0.623422,1
0.62001,0.75546,0.211776,0,0.708844,-0.655069,0.261545,0,0.336321,-0.0120449,-0.94167,0,0.237815,0.3732,0.62349,1
0.619448,0.755888,0.211893,0,0.709272,-0.654581,0.261604,0,0.336451,-0.0117608,-0.941627,0,0.2376,0.373459,0.623561,1
0.618893,0.756309,0.21201,0,0.709696,-0.654099,0.261662,0,0.336579,-0.0114782,-0.941585,0,0.237389,0.373715,0.623633,1
0.618336,0.756733,0.212122,0,0.710122,-0.653613,0.261719,0,0.336704,-0.0111983,-0.941544,0,0.237177,0.373973,0.623701,1
0.617772,0.757161,0.21224,0,0.71055,-0.653122,0.261783,0,0.336837,-0.0109149,-0.9415,0,0.236962,0.374233,0.623772,1
0.617214,0.757581,0.212366,0,0.710971,-0.65264,0.261842,0,0.336972,-0.0106266,-0.941455,0,0.236752,0.374489,0.623847,1
0.616646,0.758003,0.212508,0,0.711391,-0.652154,0.261913,0,0.337126,-0.010332,-0.941403,0,0.236536,0.374748,0.623927,1
0.616092,0.758419,0.212633,0,0.71181,-0.651675,0.261968,0,0.337255,-0.0100426,-0.94136,0,0.236328,0.375002,0.624001,1
0.615522,0.758846,0.212757,0,0.712238,-0.651182,0.262032,0,0.337392,-0.00975289,-0.941314,0,0.236113,0.375264,0.624074,1
0.614968,0.759265,0.212867,0,0.712659,-0.650698,0.262089,0,0.337513,-0.00947512,-0.941273,0,0.235902,0.375518,0.624142,1
0.614399,0.759689,0.212997,0,0.713082,-0.650207,0.262154,0,0.337654,-0.00918344,-0.941225,0,0.235689,0.375775,0.624219,1
0.613841,0.760109,0.213108,0,0.713506,-0.64972,0.26221,0,0.337775,-0.0089019,-0.941185,0,0.235474,0.376031,0.624286,1
0.613281,0.760531,0.213211,0,0.713929,-0.649229,0.262275,0,0.337898,-0.00863111,-0.941143,0,0.23526,0.376287,0.624351,1
0.612723,0.760951,0.213318,0,0.714352,-0.648741,0.262331,0,0.338016,-0.00835216,-0.941103,0,0.235048,0.37654,0.624418,1
0.612156,0.761374,0.213439,0,0.714774,-0.648248,0.262397,0,0.33815,-0.00806758,-0.941058,0,0.23483,0.376796,0.62449,1
0.611606,0.761786,0.213543,0,0.715192,-0.647767,0.262447,0,0.338261,-0.00778997,-0.94102,0,0.234619,0.377049,0.624554,1
0.611039,0.762211,0.213651,0,0.71562,-0.647271,0.262505,0,0.338381,-0.00750775,-0.940979,0,0.234401,0.377306,0.62462,1
0.610483,0.762627,0.213755,0,0.716039,-0.646783,0.262565,0,0.338499,-0.00723414,-0.940939,0,0.234188,0.377559,0.624683,1
0.609923,0.763044,0.213868,0,0.716459,-0.646295,0.262622,0,0.33862,-0.00695157,-0.940897,0,0.23397,0.377813,0.624752,1
0.609363,0.763461,0.213974,0,0.716879,-0.645805,0.262681,0,0.338739,-0.00667499,-0.940857,0,0.233757,0.378066,0.624816,1
0.608798,0.763884,0.214073,0,0.717305,-0.645307,0.262741,0,0.338853,-0.00640126,-0.940818,0,0.233538,0.37832,0.62488,1
0.608243,0.764301,0.214163,0,0.717726,-0.644816,0.262798,0,0.338959,-0.00613485,-0.940781,0,0.233323,0.378571,0.624939,1
0.607674,0.764726,0.214259,0,0.718153,-0.644314,0.262863,0,0.339075,-0.00586469,-0.940741,0,0.233102,0.378827,0.624999,1
0.607116,0.765142,0.214356,0,0.718571,-0.643822,0.262925,0,0.339188,-0.00559589,-0.940702,0,0.232887,0.37908,0.62506,1
0.606552,0.765562,0.214453,0,0.718994,-0.643325,0.262986,0,0.339301,-0.00532419,-0.940663,0,0.232669,0.379332,0.625123,1
0.605994,0.765976,0.214552,0,0.719411,-0.642834,0.263046,0,0.339415,-0.00505331,-0.940623,0,0.232453,0.379584,0.625183,1
0.605429,0.766393,0.214657,0,0.719832,-0.642339,0.263102,0,0.339529,-0.0047727,-0.940583,0,0.232235,0.379838,0.625246,1
0.604871,0.766805,0.214762,0,0.720246,-0.64185,0.263164,0,0.339647,-0.00449877,-0.940542,0,0.232019,0.380089,0.62531,1
0.60432,0.767207,0.214877,0,0.720653,-0.641371,0.263215,0,0.339763,-0.00421429,-0.940502,0,0.231807,0.380337,0.625378,1
0.603763,0.767615,0.214983,0,0.721067,-0.640884,0.263271,0,0.339876,-0.00393619,-0.940462,0,0.231591,0.380588,0.625441,1
0.603202,0.768026,0.215091,0,0.721482,-0.640393,0.263327,0,0.339991,-0.00365479,-0.940422,0,0.231375,0.380838,0.625507,1
0.602642,0.768437,0.215194,0,0.721897,-0.639902,0.263384,0,0.340104,-0.00337788,-0.940382,0,0.23116,0.381089,0.625571,1
0.60208,0.768843,0.215318,0,0.722307,-0.639416,0.263442,0,0.340229,-0.00308719,-0.940337,0,0.230942,0.381339,0.625643,1
0.601533,0.769238,0.215436,0,0.722704,-0.638941,0.263502,0,0.340353,-0.00280907,-0.940293,0,0.230732,0.381583,0.625713,1
0.600975,0.769636,0.215568,0,0.723107,-0.638462,0.263558,0,0.340483,-0.00251326,-0.940247,0,0.230519,0.38183,0.62579,1
0.600416,0.770041,0.215682,0,0.723514,-0.637976,0.26362,0,0.340605,-0.00223304,-0.940204,0,0.230305,0.382078,0.625857,1
0.599864,0.770432,0.215818,0,0.72391,-0.637504,0.263675,0,0.340735,-0.00193636,-0.940157,0,0.230095,0.382322,0.625934,1
0.599308,0.770825,0.215959,0,0.724305,-0.637029,0.263735,0,0.340873,-0.00163825,-0.940108,0,0.229883,0.382567,0.626013,1
0.598754,0.771218,0.216095,0,0.724705,-0.636554,0.263785,0,0.340999,-0.00133698,-0.940063,0,0.229672,0.382812,0.62609,1
0.598198,0.771612,0.216228,0,0.725101,-0.636078,0.263847,0,0.341132,-0.00104586,-0.940015,0,0.229457,0.383057,0.626167,1
0.597645,0.772005,0.216353,0,0.725499,-0.635601,0.263902,0,0.341254,-0.000755421,-0.939971,0,0.229246,0.383301,0.626241,1
0.597091,0.772398,0.216484,0,0.725895,-0.635124,0.263959,0,0.341382,-0.000462883,-0.939924,0,0.229032,0.383545,0.626317,1
0.596535,0.772788,0.216625,0,0.72629,-0.63465,0.264014,0,0.341514,-0.000160987,-0.939877,0,0.228819,0.383789,0.626397,1
0.595976,0.773182,0.216756,0,0.726688,-0.634169,0.264072,0,0.341642,0.000134067,-0.93983,0,0.228602,0.384034,0.626474,1
0.595431,0.773566,0.216885,0,0.72708,-0.633701,0.264119,0,0.34176,0.000427853,-0.939787,0,0.228395,0.384275,0.626549,1
0.594881,0.77395,0.217022,0,0.727467,-0.633231,0.264179,0,0.341893,0.000721301,-0.939739,0,0.228179,0.384516,0.626626,1
0.594334,0.774332,0.217156,0,0.727857,-0.632763,0.264227,0,0.342014,0.00101994,-0.939694,0,0.227969,0.384756,0.626705,1
0.593766,0.77473,0.217292,0,0.728259,-0.632275,0.264287,0,0.342147,0.00132008,-0.939646,0,0.227751,0.385001,0.626782,1
0.593227,0.775109,0.217414,0,0.728644,-0.63181,0.264338,0,0.342262,0.0016054,-0.939603,0,0.227542,0.385238,0.626855,1
0.59268,0.775488,0.217553,0,0.729029,-0.631344,0.26439,0,0.342389,0.00190414,-0.939556,0,0.227332,0.385477,0.626936,1
0.592111,0.775885,0.217686,0,0.729432,-0.630855,0.264445,0,0.342514,0.00220626,-0.93951,0,0.22711,0.385723,0.627013,1
0.591559,0.77627,0.217816,0,0.729823,-0.63038,0.264498,0,0.342636,0.00250132,-0.939465,0,0.226896,0.385963,0.627088,1
0.591003,0.776658,0.217941,0,0.730219,-0.629901,0.264549,0,0.342752,0.00279552,-0.939422,0,0.226681,0.386204,0.627161,1
0.590439,0.777052,0.218066,0,0.730618,-0.629413,0.264606,0,0.342873,0.003089,-0.939377,0,0.226461,0.386447,0.627234,1
0.589893,0.777436,0.218173,0,0.73101,-0.628937,0.264656,0,0.342977,0.0033685,-0.939338,0,0.226251,0.386685,0.6273,1
0.589329,0.777828,0.218301,0,0.73141,-0.628451,0.264708,0,0.343095,0.00366734,-0.939293,0,0.226031,0.386929,0.627375,1
0.588772,0.778218,0.218415,0,0.731807,-0.627967,0.264758,0,0.343203,0.00395541,-0.939253,0,0.225813,0.387171,0.627443,1
0.588208,0.778608,0.218542,0,0.732207,-0.62748,0.264805,0,0.343317,0.00425758,-0.93921,0,0.225594,0.387414,0.627518,1
0.587654,0.778996,0.218653,0,0.732601,-0.626997,0.264861,0,0.343427,0.00453915,-0.939168,0,0.225376,0.387653,0.627583,1
0.587096,0.779382,0.218774,0,0.732998,-0.626515,0.264903,0,0.343532,0.00483718,-0.939128,0,0.225158,0.387894,0.627654,1
0.586542,0.779767,0.218887,0,0.73339,-0.626033,0.264956,0,0.343642,0.00512182,-0.939087,0,0.224941,0.388133,0.627721,1
0.58598,0.780158,0.219004,0,0.733787,-0.625544,0.265013,0,0.343755,0.00541014,-0.939044,0,0.22472,0.388375,0.627789,1
0.585425,0.780543,0.219116,0,0.734182,-0.625061,0.26506,0,0.343858,0.00569818,-0.939004,0,0.224504,0.388613,0.627856,1
0.584856,0.780936,0.219235,0,0.734583,-0.624567,0.265113,0,0.34397,0.00599323,-0.938962,0,0.22428,0.388857,0.627926,1
0.584299,0.781321,0.219347,0,0.734979,-0.624083,0.265154,0,0.344068,0.0062861,-0.938924,0,0.224064,0.389095,0.627992,1
0.583738,0.781705,0.219471,0,0.735372,-0.623598,0.265207,0,0.344182,0.00658116,-0.93888,0,0.223845,0.389335,0.628065,1
0.583173,0.782096,0.219583,0,0.735772,-0.623105,0.265257,0,0.344286,0.00687248,-0.93884,0,0.223622,0.389577,0.62813,1
0.582619,0.782472,0.219713,0,0.736158,-0.622629,0.265304,0,0.344399,0.00717249,-0.938796,0,0.223405,0.389815,0.628204,1
0.582058,0.782856,0.219832,0,0.73655,-0.622143,0.265354,0,0.344507,0.0074661,-0.938754,0,0.223187,0.390052,0.628276,1
0.581498,0.783237,0.219957,0,0.736938,-0.621659,0.26541,0,0.344623,0.00775971,-0.938709,0,0.222968,0.390288,0.628348,1
0.580939,0.783618,0.220076,0,0.737331,-0.621175,0.265454,0,0.344727,0.00805609,-0.938668,0,0.222751,0.390528,0.628417,1
0.580377,0.784001,0.220194,0,0.737723,-0.620688,0.265502,0,0.344832,0.00835171,-0.938627,0,0.222531,0.390768,0.628486,1
0.579829,0.784374,0.220308,0,0.738107,-0.620212,0.265547,0,0.344933,0.00863922,-0.938588,0,0.222319,0.391,0.628553,1
0.57926,0.784757,0.220444,0,0.738499,-0.619724,0.265598,0,0.34505,0.00894767,-0.938541,0,0.222094,0.39124,0.62863,1
0.578713,0.785133,0.220541,0,0.738885,-0.619243,0.265645,0,0.345142,0.00922225,-0.938505,0,0.221877,0.391473,0.62869,1
0.578159,0.78551,0.220652,0,0.739273,-0.61876,0.265691,0,0.345241,0.00951084,-0.938466,0,0.22166,0.391709,0.628756,1
0.577612,0.785884,0.220752,0,0.739659,-0.618281,0.265734,0,0.34533,0.00979024,-0.93843,0,0.221445,0.391942,0.628816,1
0.57705,0.786264,0.220867,0,0.740049,-0.617792,0.265782,0,0.345431,0.0100831,-0.93839,0,0.221223,0.392178,0.628884,1
0.576494,0.786643,0.220971,0,0.74044,-0.617305,0.265826,0,0.345524,0.0103691,-0.938353,0,0.221004,0.392412,0.628947,1
0.575941,0.787022,0.221064,0,0.740831,-0.616818,0.265869,0,0.345607,0.0106465,-0.938319,0,0.220787,0.392648,0.629004,1
0.575397,0.787394,0.221158,0,0.741215,-0.616338,0.265909,0,0.34569,0.010923,-0.938285,0,0.220574,0.392878,0.629063,1
0.574845,0.787767,0.221262,0,0.741599,-0.615855,0.265957,0,0.345785,0.0112041,-0.938247,0,0.220355,0.39311,0.629125,1
0.57429,0.788144,0.221362,0,0.741987,-0.615368,0.266004,0,0.345875,0.0114845,-0.93821,0,0.220134,0.393343,0.629187,1
0.573738,0.788518,0.221461,0,0.74237,-0.614884,0.266055,0,0.345969,0.0117604,-0.938172,0,0.219914,0.393574,0.629248,1
0.573192,0.788891,0.221547,0,0.742753,-0.6144,0.266104,0,0.346053,0.0120263,-0.938138,0,0.219695,0.393805,0.629303,1
0.57264,0.789264,0.221644,0,0.743137,-0.613915,0.266152,0,0.346142,0.0123028,-0.938102,0,0.219476,0.394037,0.629361,1
0.572085,0.789639,0.221742,0,0.743522,-0.613427,0.2662,0,0.346231,0.012581,-0.938065,0,0.219255,0.394268,0.629422,1
0.571533,0.790012,0.221838,0,0.743905,-0.612941,0.266251,0,0.346322,0.0128552,-0.938028,0,0.219034,0.394501,0.62948,1
0.57099,0.790379,0.221927,0,0.744285,-0.612461,0.266292,0,0.3464,0.0131278,-0.937995,0,0.218819,0.394729,0.629536,1
0.570433,0.790751,0.222036,0,0.744664,-0.611975,0.26635,0,0.346503,0.0134078,-0.937953,0,0.218595,0.394959,0.629599,1
0.569891,0.791112,0.222141,0,0.745038,-0.611502,0.266391,0,0.346591,0.0136901,-0.937916,0,0.21838,0.395186,0.629661,1
0.56934,0.791479,0.222247,0,0.745415,-0.611021,0.26644,0,0.346686,0.0139712,-0.937877,0,0.218161,0.395416,0.629722,1
0.568793,0.791843,0.222351,0,0.745792,-0.610543,0.266483,0,0.346774,0.0142544,-0.93784,0,0.217945,0.395644,0.629784,1
0.568245,0.792204,0.222465,0,0.746162,-0.610067,0.266535,0,0.346875,0.014538,-0.937799,0,0.21773,0.395871,0.629849,1
0.567693,0.792572,0.222564,0,0.746544,-0.609582,0.266574,0,0.346957,0.0148213,-0.937764,0,0.217511,0.396101,0.629909,1
0.567155,0.792926,0.222674,0,0.746909,-0.609115,0.266621,0,0.347052,0.0151015,-0.937724,0,0.217299,0.396324,0.629974,1
0.566607,0.793287,0.222782,0,0.747283,-0.608637,0.266664,0,0.347141,0.0153879,-0.937687,0,0.217081,0.396551,0.630038,1
0.566071,0.793639,0.222894,0,0.747646,-0.608172,0.26671,0,0.347235,0.015669,-0.937647,0,0.216871,0.396775,0.630101,1
0.565536,0.793984,0.223021,0,0.748005,-0.607713,0.266748,0,0.347333,0.0159655,-0.937606,0,0.216661,0.396998,0.630172,1
0.56499,0.794341,0.223133,0,0.748374,-0.607238,0.266794,0,0.347428,0.0162514,-0.937566,0,0.216446,0.397223,0.630237,1
0.564459,0.794686,0.223251,0,0.748732,-0.60678,0.266833,0,0.34752,0.0165394,-0.937527,0,0.216239,0.397445,0.630305,1
0.563923,0.79503,0.223381,0,0.749089,-0.606321,0.266874,0,0.34762,0.0168363,-0.937484,0,0.21603,0.397666,0.630377,1
0.563381,0.795381,0.223499,0,0.749453,-0.605852,0.266917,0,0.347714,0.0171269,-0.937444,0,0.215817,0.39789,0.630445,1
0.562846,0.795724,0.223623,0,0.74981,-0.605392,0.266955,0,0.34781,0.0174206,-0.937403,0,0.21561,0.39811,0.630517,1
0.562314,0.796066,0.223746,0,0.750167,-0.604934,0.266991,0,0.347901,0.0177144,-0.937364,0,0.215398,0.39833,0.630588,1
0.561785,0.796406,0.223866,0,0.750521,-0.604478,0.267029,0,0.347992,0.0180039,-0.937325,0,0.215191,0.398548,0.630658,1
0.561247,0.79675,0.223992,0,0.750879,-0.604016,0.26707,0,0.348089,0.0182992,-0.937283,0,0.214979,0.398769,0.63073,1
0.560711,0.797093,0.224113,0,0.751236,-0.603554,0.267111,0,0.348183,0.01859,-0.937242,0,0.214767,0.398988,0.630799,1
0.560176,0.797435,0.224235,0,0.751592,-0.603094,0.267148,0,0.348275,0.0188837,-0.937202,0,0.214558,0.399207,0.63087,1
0.559646,0.797774,0.224352,0,0.751946,-0.602635,0.267186,0,0.348363,0.0191717,-0.937164,0,0.214352,0.399424,0.630938,1
0.559109,0.798117,0.224473,0,0.752303,-0.602172,0.267226,0,0.348455,0.0194634,-0.937123,0,0.214137,0.399643,0.631007,1
0.558579,0.798453,0.224596,0,0.752654,-0.601717,0.267262,0,0.348546,0.0197565,-0.937084,0,0.21393,0.39986,0.631078,1
0.558045,0.798795,0.224708,0,0.753009,-0.601254,0.267304,0,0.348635,0.02004,-0.937044,0,0.213717,0.400076,0.631145,1
0.557522,0.799123,0.22484,0,0.753354,-0.600808,0.267335,0,0.348726,0.02034,-0.937004,0,0.213511,0.40029,0.631218,1
0.556998,0.799455,0.224957,0,0.7537,-0.600356,0.267374,0,0.348815,0.020624,-0.936965,0,0.213302,0.400504,0.631286,1
0.556458,0.799798,0.225073,0,0.75406,-0.599888,0.26741,0,0.3489,0.0209163,-0.936927,0,0.213089,0.400722,0.631353,1
0.555927,0.800135,0.225186,0,0.754414,-0.599428,0.267444,0,0.348981,0.0212047,-0.93689,0,0.212881,0.400938,0.63142,1
0.555393,0.800473,0.225305,0,0.754767,-0.598967,0.267481,0,0.349068,0.0214962,-0.936851,0,0.212666,0.401156,0.631489,1
0.554856,0.800814,0.225416,0,0.755122,-0.598501,0.267523,0,0.349154,0.0217803,-0.936812,0,0.212453,0.401373,0.631555,1
0.554323,0.80115,0.225534,0,0.755474,-0.59804,0.267558,0,0.34924,0.0220723,-0.936773,0,0.212239,0.401588,0.631624,1
0.553788,0.801492,0.225634,0,0.755831,-0.597572,0.267596,0,0.349315,0.0223498,-0.936739,0,0.212027,0.401804,0.631684,1
0.553253,0.801831,0.225742,0,0.756189,-0.597106,0.267626,0,0.34939,0.022639,-0.936704,0,0.211816,0.402022,0.631747,1
0.552706,0.802175,0.225858,0,0.756548,-0.596633,0.267666,0,0.349476,0.0229325,-0.936665,0,0.2116,0.402241,0.631815,1
0.552176,0.802511,0.225963,0,0.756901,-0.59617,0.2677,0,0.349551,0.0232152,-0.93663,0,0.211386,0.402456,0.631877,1
0.551639,0.802848,0.226077,0,0.757255,-0.595705,0.267733,0,0.349631,0.0235064,-0.936593,0,0.211175,0.402671,0.631943,1
0.5511,0.803191,0.22617,0,0.757618,-0.59523,0.267763,0,0.349695,0.0237867,-0.936562,0,0.210957,0.402889,0.631997,1
0.550564,0.803528,0.226279,0,0.757971,-0.594763,0.2678,0,0.349774,0.0240723,-0.936525,0,0.210746,0.403103,0.632062,1
0.550033,0.803861,0.22639,0,0.758322,-0.594302,0.267831,0,0.34985,0.024361,-0.936489,0,0.210533,0.403317,0.632125,1
0.549498,0.804196,0.226499,0,0.758674,-0.593836,0.267867,0,0.349927,0.024647,-0.936453,0,0.210321,0.403531,0.632189,1
0.548968,0.804531,0.226594,0,0.75903,-0.593371,0.267888,0,0.349985,0.0249301,-0.936424,0,0.210108,0.403745,0.632247,1
0.548439,0.804863,0.226694,0,0.759381,-0.592908,0.26792,0,0.350055,0.0252099,-0.93639,0,0.209894,0.403958,0.632307,1
0.547912,0.805189,0.226812,0,0.759724,-0.592454,0.267952,0,0.350134,0.0255009,-0.936352,0,0.209686,0.404168,0.632374,1
0.546847,0.805851,0.227031,0,0.76042,-0.591527,0.268026,0,0.350291,0.0260699,-0.936278,0,0.209263,0.404593,0.6325,1
0.546314,0.806183,0.227137,0,0.760772,-0.591063,0.268053,0,0.350358,0.0263593,-0.936245,0,0.209052,0.404805,0.632564,1
0.545779,0.806515,0.227246,0,0.761119,-0.590597,0.268091,0,0.350437,0.0266435,-0.936207,0,0.208839,0.405017,0.632627,1
0.545243,0.806845,0.227358,0,0.761471,-0.590132,0.268117,0,0.350507,0.0269379,-0.936173,0,0.208626,0.405232,0.632691,1
0.544706,0.807173,0.227482,0,0.761817,-0.58967,0.268153,0,0.350591,0.0272356,-0.936132,0,0.208413,0.405443,0.632762,1
0.544178,0.807502,0.227576,0,0.762169,-0.589206,0.268171,0,0.350645,0.0275192,-0.936104,0,0.208202,0.405655,0.632818,1
0.543653,0.807823,0.227694,0,0.762506,-0.588753,0.268209,0,0.350728,0.0278057,-0.936065,0,0.207995,0.405862,0.632887,1
0.543122,0.808151,0.227795,0,0.762855,-0.588288,0.268236,0,0.350791,0.0280901,-0.936032,0,0.20778,0.406072,0.632948,1
0.542596,0.808472,0.227912,0,0.76319,-0.587834,0.268276,0,0.350875,0.0283752,-0.935992,0,0.207571,0.406279,0.633014,1
0.542076,0.808793,0.22801,0,0.763534,-0.587379,0.268297,0,0.350931,0.0286562,-0.935963,0,0.207361,0.406488,0.633071,1
0.54155,0.809119,0.228102,0,0.763878,-0.586916,0.268329,0,0.350993,0.0289289,-0.935931,0,0.207152,0.406696,0.633126,1
0.541032,0.809437,0.228205,0,0.764217,-0.586464,0.268352,0,0.351055,0.0292114,-0.935899,0,0.206944,0.406902,0.633186,1
0.5405,0.809764,0.228304,0,0.764562,-0.585998,0.268389,0,0.351125,0.0294888,-0.935864,0,0.20673,0.407112,0.633246,1
0.539977,0.810088,0.228392,0,0.764907,-0.585536,0.268414,0,0.351177,0.029762,-0.935836,0,0.206519,0.407318,0.6333,1
0.53945,0.810412,0.228487,0,0.765251,-0.585073,0.268442,0,0.351237,0.0300397,-0.935804,0,0.206308,0.407527,0.633356,1
0.538928,0.810733,0.22858,0,0.765589,-0.584614,0.268478,0,0.351302,0.0303093,-0.935772,0,0.206095,0.407733,0.633411,1
0.5384,0.811055,0.228685,0,0.765928,-0.584154,0.268513,0,0.351373,0.0305892,-0.935736,0,0.205882,0.407939,0.633473,1
0.53787,0.81138,0.228778,0,0.766271,-0.583688,0.268549,0,0.351437,0.0308619,-0.935703,0,0.20567,0.408144,0.633529,1
0.537347,0.811705,0.228854,0,0.766616,-0.583221,0.268576,0,0.351484,0.0311249,-0.935676,0,0.205456,0.408353,0.633577,1
0.536823,0.812024,0.228953,0,0.766953,-0.582763,0.26861,0,0.35155,0.0314014,-0.935642,0,0.205247,0.408556,0.633637,1
0.536297,0.812347,0.229041,0,0.767296,-0.582298,0.268639,0,0.351604,0.0316728,-0.935613,0,0.205032,0.408762,0.633689,1
0.535764,0.812669,0.229145,0,0.767635,-0.581833,0.26868,0,0.351678,0.0319511,-0.935576,0,0.204816,0.408969,0.633749,1
0.535246,0.812984,0.229235,0,0.76797,-0.581377,0.268707,0,0.351733,0.032222,-0.935546,0,0.204605,0.409172,0.633802,1
0.534714,0.81331,0.229322,0,0.768315,-0.580906,0.268741,0,0.351791,0.0324926,-0.935515,0,0.204388,0.40938,0.633854,1
0.5342,0.813621,0.229417,0,0.768647,-0.580455,0.268765,0,0.351846,0.0327672,-0.935484,0,0.204179,0.409581,0.633911,1
0.533665,0.813944,0.229518,0,0.768988,-0.579987,0.268801,0,0.351913,0.033048,-0.935449,0,0.203963,0.409788,0.63397,1
0.533144,0.814258,0.229613,0,0.769322,-0.579529,0.268832,0,0.351973,0.0333212,-0.935417,0,0.20375,0.409991,0.634025,1
0.532621,0.814573,0.22971,0,0.769659,-0.579071,0.268856,0,0.352028,0.0336006,-0.935386,0,0.203539,0.410195,0.634082,1
0.532101,0.814885,0.229808,0,0.769988,-0.578615,0.268894,0,0.352095,0.0338716,-0.935351,0,0.203331,0.410396,0.63414,1
0.531581,0.815194,0.229915,0,0.770317,-0.578164,0.268923,0,0.352159,0.0341539,-0.935317,0,0.203119,0.410597,0.6342,1
0.531056,0.815507,0.230019,0,0.77065,-0.577705,0.268954,0,0.352224,0.0344352,-0.935282,0,0.20291,0.4108,0.634261,1
0.53053,0.815823,0.230112,0,0.770987,-0.577243,0.268981,0,0.352278,0.0347109,-0.935251,0,0.202695,0.411005,0.634316,1
0.530014,0.816126,0.230226,0,0.771311,-0.576796,0.269011,0,0.352347,0.0349964,-0.935215,0,0.202488,0.411206,0.634378,1
0.529492,0.816432,0.230343,0,0.771636,-0.576346,0.269044,0,0.35242,0.0352851,-0.935177,0,0.202276,0.411407,0.634444,1
0.528964,0.816743,0.230453,0,0.771968,-0.575887,0.269074,0,0.352486,0.0355727,-0.935141,0,0.202064,0.41161,0.634506,1
0.528451,0.817041,0.230572,0,0.772286,-0.575446,0.269105,0,0.352558,0.0358593,-0.935102,0,0.201856,0.411805,0.634574,1
0.527934,0.817345,0.230681,0,0.772609,-0.574997,0.269136,0,0.352625,0.0361408,-0.935067,0,0.201647,0.412004,0.634636,1
0.527415,0.817646,0.2308,0,0.77293,-0.57455,0.269169,0,0.352698,0.0364293,-0.935028,0,0.201442,0.412202,0.634702,1
0.526901,0.817943,0.230923,0,0.773249,-0.574109,0.269195,0,0.352768,0.0367229,-0.93499,0,0.201231,0.412399,0.63477,1
0.526377,0.818247,0.231042,0,0.773572,-0.573657,0.269228,0,0.352841,0.0370134,-0.934951,0,0.201019,0.412599,0.634838,1
0.525859,0.818549,0.231149,0,0.773899,-0.573207,0.269249,0,0.352896,0.0372997,-0.934919,0,0.20081,0.412797,0.6349,1
0.525334,0.818854,0.231266,0,0.774223,-0.572754,0.269283,0,0.352969,0.0375886,-0.93488,0,0.2006,0.412996,0.634966,1
0.524827,0.819146,0.231381,0,0.774535,-0.572317,0.269313,0,0.353036,0.0378708,-0.934843,0,0.200394,0.413189,0.635032,1
0.524299,0.819446,0.231515,0,0.774857,-0.571867,0.269344,0,0.353115,0.0381754,-0.934801,0,0.200181,0.413389,0.635106,1
0.523782,0.819749,0.231615,0,0.77518,-0.571414,0.269373,0,0.353173,0.0384518,-0.934767,0,0.199972,0.413586,0.635164,1
0.523265,0.820047,0.231727,0,0.775502,-0.570966,0.269396,0,0.353232,0.0387403,-0.934733,0,0.199761,0.413785,0.635228,1
0.522748,0.820345,0.231839,0,0.77582,-0.570519,0.269429,0,0.3533,0.039023,-0.934696,0,0.199552,0.41398,0.63529,1
0.522232,0.82064,0.231957,0,0.776138,-0.570074,0.269456,0,0.353365,0.0393127,-0.934659,0,0.199343,0.414176,0.635355,1
0.521722,0.820933,0.23207,0,0.776451,-0.569634,0.269484,0,0.35343,0.0395963,-0.934622,0,0.199134,0.414369,0.63542,1
0.521203,0.821235,0.232168,0,0.776779,-0.569179,0.269502,0,0.353476,0.0398787,-0.934593,0,0.198923,0.414567,0.635478,1
0.520686,0.821533,0.232274,0,0.7771,-0.568728,0.269526,0,0.353532,0.0401624,-0.93456,0,0.198715,0.414762,0.635539,1
0.520184,0.821818,0.232388,0,0.77741,-0.568295,0.269545,0,0.353589,0.0404486,-0.934526,0,0.198507,0.414953,0.635603,1
0.519663,0.822116,0.232499,0,0.777729,-0.567843,0.269577,0,0.353654,0.0407332,-0.934489,0,0.198295,0.415149,0.635668,1
0.519143,0.822414,0.232609,0,0.77805,-0.567392,0.269601,0,0.353711,0.0410206,-0.934455,0,0.198084,0.415342,0.635732,1
0.518625,0.82271,0.232715,0,0.778372,-0.566941,0.269622,0,0.353763,0.0413066,-0.934422,0,0.197871,0.415538,0.635793,1
0.518109,0.823004,0.232824,0,0.778688,-0.566493,0.26965,0,0.353823,0.0415901,-0.934387,0,0.197663,0.415731,0.635855,1
0.517591,0.823302,0.232925,0,0.779009,-0.56604,0.269675,0,0.353876,0.0418704,-0.934355,0,0.197451,0.415925,0.635914,1
0.517074,0.823596,0.233032,0,0.779323,-0.565591,0.26971,0,0.35394,0.042148,-0.934318,0,0.197243,0.416118,0.635974,1
0.516562,0.823892,0.233124,0,0.779646,-0.56514,0.269721,0,0.353975,0.0424271,-0.934292,0,0.197034,0.416311,0.63603,1
0.516045,0.824189,0.23322,0,0.779965,-0.564686,0.269751,0,0.354029,0.0427009,-0.934259,0,0.196821,0.416505,0.636086,1
0.515532,0.824478,0.233333,0,0.780279,-0.564242,0.269771,0,0.354083,0.0429901,-0.934225,0,0.19661,0.416696,0.63615,1
0.515012,0.824772,0.233442,0,0.780595,-0.563791,0.2698,0,0.354143,0.0432746,-0.934189,0,0.196394,0.41689,0.636212,1
0.514494,0.825067,0.233539,0,0.780915,-0.563336,0.269823,0,0.35419,0.0435528,-0.934159,0,0.196183,0.417082,0.636266,1
0.513979,0.82536,0.23364,0,0.781234,-0.562886,0.269839,0,0.354234,0.0438363,-0.934129,0,0.195974,0.417274,0.636325,1
0.513464,0.825653,0.233735,0,0.78155,-0.562434,0.269868,0,0.354284,0.0441092,-0.934097,0,0.195764,0.417464,0.63638,1
0.512949,0.825944,0.233837,0,0.781866,-0.561984,0.269889,0,0.354332,0.0443905,-0.934065,0,0.195552,0.417656,0.636439,1
0.512434,0.826233,0.233946,0,0.782179,-0.561537,0.269914,0,0.354388,0.0446754,-0.934031,0,0.195342,0.417847,0.636501,1
0.51193,0.826522,0.234029,0,0.782494,-0.56109,0.269928,0,0.354419,0.044943,-0.934006,0,0.195137,0.418036,0.636551,1
0.51141,0.826813,0.23414,0,0.78281,-0.560639,0.26995,0,0.354473,0.0452327,-0.933972,0,0.194924,0.418228,0.636613,1
0.510908,0.827093,0.234244,0,0.783117,-0.560202,0.269969,0,0.35452,0.0455125,-0.93394,0,0.194717,0.418415,0.636672,1
0.510391,0.827379,0.23436,0,0.783425,-0.559756,0.27,0,0.354584,0.0457985,-0.933902,0,0.194507,0.418605,0.636737,1
0.509885,0.827663,0.234462,0,0.783732,-0.559314,0.270022,0,0.354632,0.0460765,-0.93387,0,0.194299,0.418792,0.636795,1
0.509374,0.827951,0.234557,0,0.784046,-0.558865,0.270041,0,0.354673,0.0463532,-0.933841,0,0.194087,0.418982,0.63685,1
0.508861,0.828235,0.234665,0,0.784355,-0.558419,0.270065,0,0.354726,0.0466362,-0.933807,0,0.19388,0.41917,0.636913,1
0.508364,0.828511,0.234768,0,0.784657,-0.557987,0.270083,0,0.354771,0.0469126,-0.933775,0,0.193677,0.419354,0.636971,1
0.507855,0.828792,0.234879,0,0.784963,-0.557546,0.270105,0,0.354823,0.0471981,-0.933741,0,0.19347,0.419542,0.637033,1
0.507358,0.829069,0.234973,0,0.78527,-0.55711,0.270112,0,0.354854,0.047475,-0.933716,0,0.19327,0.419725,0.637089,1
0.506837,0.829358,0.235079,0,0.785583,-0.556655,0.27014,0,0.354908,0.0477579,-0.933681,0,0.193054,0.419915,0.637149,1
0.506346,0.829628,0.235186,0,0.785878,-0.556229,0.270158,0,0.354954,0.0480353,-0.933649,0,0.192852,0.420095,0.637209,1
0.505844,0.829904,0.235289,0,0.78618,-0.555792,0.270179,0,0.355002,0.0483122,-0.933616,0,0.192644,0.42028,0.637269,1
0.505343,0.830182,0.235388,0,0.786484,-0.555354,0.270197,0,0.355043,0.0485873,-0.933586,0,0.192441,0.420463,0.637326,1
0.50485,0.830456,0.235476,0,0.786786,-0.55492,0.270209,0,0.355074,0.0488548,-0.933561,0,0.192239,0.420647,0.637377,1
0.504342,0.830738,0.235573,0,0.787092,-0.554475,0.270231,0,0.355117,0.0491298,-0.93353,0,0.192029,0.420833,0.637432,1
0.503859,0.831006,0.235659,0,0.787387,-0.554049,0.270247,0,0.35515,0.0493896,-0.933504,0,0.191832,0.42101,0.637484,1
0.503351,0.831284,0.235767,0,0.787687,-0.553607,0.270275,0,0.355205,0.0496685,-0.933468,0,0.191621,0.421194,0.637545,1
0.502858,0.831558,0.235853,0,0.787986,-0.553172,0.270294,0,0.355239,0.0499302,-0.933441,0,0.191418,0.421375,0.637595,1
0.502357,0.831837,0.235935,0,0.788291,-0.552728,0.270315,0,0.355273,0.0501921,-0.933414,0,0.19121,0.421557,0.637644,1
0.501855,0.832111,0.236036,0,0.78859,-0.55229,0.270338,0,0.355319,0.050466,-0.933382,0,0.191003,0.421738,0.637702,1
0.501363,0.832382,0.236125,0,0.788887,-0.551858,0.270355,0,0.355353,0.0507302,-0.933354,0,0.190801,0.421917,0.637754,1
0.500866,0.832655,0.23622,0,0.789183,-0.551421,0.270379,0,0.355396,0.0509983,-0.933324,0,0.190595,0.422097,0.63781,1
0.500368,0.832931,0.236301,0,0.789483,-0.55098,0.270403,0,0.355431,0.0512559,-0.933296,0,0.190387,0.422278,0.637859,1
0.499869,0.833206,0.236388,0,0.789784,-0.55054,0.270422,0,0.355465,0.051521,-0.933269,0,0.190182,0.422457,0.637911,1
0.499369,0.83348,0.23648,0,0.790082,-0.550101,0.270446,0,0.355506,0.0517869,-0.933238,0,0.18997,0.422638,0.637964,1
0.49888,0.833748,0.236566,0,0.790375,-0.549669,0.270467,0,0.355541,0.0520463,-0.933211,0,0.189766,0.422816,0.638013,1
0.498378,0.834021,0.236663,0,0.790672,-0.549229,0.270493,0,0.355586,0.0523156,-0.933178,0,0.189557,0.422996,0.638068,1
0.496389,0.835107,0.237012,0,0.791858,-0.547475,0.270577,0,0.355726,0.0533694,-0.933065,0,0.188729,0.423715,0.63827,1
0.4959,0.83537,0.23711,0,0.792148,-0.547048,0.270596,0,0.355765,0.0536389,-0.933035,0,0.188526,0.423892,0.638325,1
0.495399,0.835642,0.237199,0,0.792445,-0.546606,0.270617,0,0.3558,0.0539048,-0.933006,0,0.188319,0.424072,0.638376,1
0.494897,0.835912,0.237294,0,0.792741,-0.546165,0.270639,0,0.35584,0.0541751,-0.932975,0,0.188112,0.424251,0.638429,1
0.494416,0.836168,0.237398,0,0.793022,-0.545748,0.27066,0,0.355883,0.0544444,-0.932943,0,0.187912,0.424425,0.638487,1
0.493926,0.83643,0.237494,0,0.793311,-0.545319,0.270677,0,0.355919,0.054713,-0.932914,0,0.187709,0.424601,0.638541,1
0.493428,0.836696,0.237593,0,0.793603,-0.544883,0.270698,0,0.355959,0.0549855,-0.932883,0,0.187505,0.42478,0.638597,1
0.492928,0.836962,0.23769,0,0.793898,-0.544446,0.270714,0,0.355993,0.0552599,-0.932853,0,0.187297,0.424958,0.638651,1
0.492438,0.837223,0.237786,0,0.794185,-0.544017,0.270734,0,0.356032,0.0555271,-0.932823,0,0.187094,0.425134,0.638706,1
0.491958,0.837475,0.237895,0,0.794463,-0.543602,0.270752,0,0.356075,0.0558006,-0.93279,0,0.186896,0.425304,0.638767,1
0.491466,0.837732,0.238004,0,0.794745,-0.543176,0.270776,0,0.356123,0.0560762,-0.932755,0,0.186693,0.425478,0.638827,1
0.49099,0.837981,0.23811,0,0.79502,-0.542764,0.270796,0,0.356166,0.056345,-0.932722,0,0.186494,0.425649,0.638886,1
0.490505,0.838238,0.238206,0,0.795305,-0.54234,0.270812,0,0.3562,0.0566134,-0.932693,0,0.186295,0.425822,0.63894,1
0.490021,0.838489,0.23832,0,0.795582,-0.541923,0.270833,0,0.356248,0.05689,-0.932658,0,0.186096,0.425994,0.639002,1
0.489543,0.83874,0.23842,0,0.79586,-0.541506,0.270847,0,0.356283,0.0571585,-0.932628,0,0.1859,0.426164,0.639059,1
0.489062,0.83899,0.238528,0,0.796135,-0.54109,0.27087,0,0.356329,0.05743,-0.932594,0,0.185699,0.426334,0.63912,1
0.488566,0.839248,0.238635,0,0.796422,-0.54066,0.270887,0,0.356369,0.0577091,-0.932561,0,0.185495,0.426509,0.639181,1
0.488082,0.8395,0.238738,0,0.796702,-0.54024,0.270904,0,0.356406,0.057981,-0.93253,0,0.185293,0.42668,0.639238,1
0.487605,0.839749,0.238838,0,0.796979,-0.539823,0.270916,0,0.356439,0.0582502,-0.932501,0,0.185097,0.426849,0.639296,1
0.487129,0.839993,0.238951,0,0.79725,-0.539414,0.270934,0,0.356483,0.0585252,-0.932467,0,0.184901,0.427017,0.639358,1
0.48665,0.840239,0.239064,0,0.797522,-0.539001,0.270955,0,0.35653,0.0588002,-0.932432,0,0.184703,0.427185,0.63942,1
0.486167,0.840488,0.23917,0,0.7978,-0.538583,0.270969,0,0.356565,0.0590746,-0.932401,0,0.184502,0.427355,0.639478,1
0.485681,0.840741,0.239268,0,0.798083,-0.538158,0.270981,0,0.356596,0.0593463,-0.932372,0,0.1843,0.427526,0.639534,1
0.48521,0.840984,0.239369,0,0.798353,-0.537748,0.270998,0,0.356632,0.0596112,-0.932341,0,0.184104,0.427691,0.639591,1
0.484742,0.841225,0.23947,0,0.798623,-0.537341,0.271009,0,0.356664,0.0598775,-0.932312,0,0.183911,0.427856,0.639648,1
0.484259,0.84147,0.239585,0,0.798897,-0.536926,0.271027,0,0.356708,0.0601579,-0.932277,0,0.183711,0.428024,0.639712,1
0.483791,0.841716,0.239667,0,0.799173,-0.536512,0.271033,0,0.356724,0.0604131,-0.932254,0,0.183515,0.42819,0.63976,1
0.483308,0.841965,0.239769,0,0.79945,-0.536091,0.271048,0,0.356758,0.0606848,-0.932224,0,0.183315,0.428357,0.639818,1
0.482841,0.842204,0.239871,0,0.799717,-0.535685,0.271063,0,0.356793,0.0609495,-0.932193,0,0.18312,0.428522,0.639874,1
0.482381,0.842443,0.239957,0,0.799985,-0.53528,0.271071,0,0.356813,0.0612036,-0.932169,0,0.182931,0.428683,0.639926,1
0.481896,0.842688,0.24007,0,0.800259,-0.534862,0.271088,0,0.356853,0.0614833,-0.932135,0,0.182729,0.428851,0.639989,1
0.481428,0.842931,0.240156,0,0.800532,-0.534449,0.271095,0,0.356873,0.0617413,-0.93211,0,0.182535,0.429016,0.640039,1
0.480946,0.84318,0.24025,0,0.80081,-0.534026,0.271108,0,0.356899,0.0620081,-0.932083,0,0.182337,0.429184,0.640093,1
0.480472,0.84342,0.240353,0,0.80108,-0.533615,0.271121,0,0.356931,0.0622769,-0.932052,0,0.18214,0.42935,0.640149,1
0.480005,0.843658,0.240453,0,0.801346,-0.533208,0.271136,0,0.356964,0.0625407,-0.932022,0,0.181946,0.429513,0.640205,1
0.479527,0.8439,0.240558,0,0.801619,-0.532793,0.271146,0,0.356994,0.0628148,-0.931992,0,0.181746,0.429678,0.640265,1
0.479056,0.844143,0.240641,0,0.801892,-0.532377,0.271156,0,0.357013,0.0630702,-0.931968,0,0.181552,0.429843,0.640314,1
0.478585,0.844384,0.240732,0,0.802165,-0.531963,0.27116,0,0.357031,0.0633343,-0.931943,0,0.181355,0.430008,0.640367,1
0.478109,0.844626,0.240829,0,0.802435,-0.531547,0.271176,0,0.357061,0.0635992,-0.931913,0,0.181156,0.430171,0.640422,1
0.477643,0.844862,0.240928,0,0.802702,-0.53114,0.271182,0,0.357085,0.0638662,-0.931886,0,0.18096,0.430334,0.640478,1
0.477173,0.845099,0.241027,0,0.802968,-0.530731,0.271197,0,0.357116,0.064131,-0.931856,0,0.180765,0.430496,0.640534,1
0.476694,0.845345,0.241113,0,0.803245,-0.530308,0.271205,0,0.357133,0.0643925,-0.931832,0,0.180565,0.430661,0.640583,1
0.476224,0.845583,0.241206,0,0.803516,-0.529895,0.271209,0,0.357151,0.0646579,-0.931806,0,0.180369,0.430824,0.640636,1
0.475755,0.845817,0.241312,0,0.803778,-0.529489,0.271227,0,0.357187,0.0649248,-0.931774,0,0.180176,0.430984,0.640694,1
0.475293,0.846051,0.241401,0,0.804041,-0.529083,0.271236,0,0.357208,0.0651809,-0.931748,0,0.179983,0.431145,0.640745,1
0.474828,0.846285,0.241499,0,0.804306,-0.528677,0.271242,0,0.357229,0.0654471,-0.931721,0,0.179789,0.431306,0.6408,1
0.474352,0.846524,0.241594,0,0.804575,-0.528262,0.271255,0,0.357256,0.0657116,-0.931692,0,0.179593,0.431469,0.640853,1
0.473893,0.846758,0.241677,0,0.804841,-0.527855,0.271259,0,0.357268,0.0659651,-0.931669,0,0.179399,0.431629,0.640901,1
0.473423,0.846988,0.241789,0,0.805101,-0.52745,0.271274,0,0.357304,0.0662384,-0.931636,0,0.179204,0.431789,0.640963,1
0.472973,0.847215,0.241876,0,0.805357,-0.527055,0.271283,0,0.357324,0.0664888,-0.931611,0,0.179017,0.431944,0.641013,1
0.47251,0.847444,0.241981,0,0.805615,-0.526654,0.271294,0,0.357353,0.0667554,-0.931581,0,0.178825,0.432102,0.641071,1
0.472042,0.847676,0.242077,0,0.805878,-0.526245,0.271306,0,0.357378,0.0670184,-0.931552,0,0.178631,0.432261,0.641125,1
0.471583,0.847907,0.242164,0,0.80614,-0.52584,0.271314,0,0.357396,0.0672723,-0.931527,0,0.178441,0.432419,0.641176,1
0.471116,0.848137,0.242266,0,0.806402,-0.525435,0.271321,0,0.357419,0.0675415,-0.931499,0,0.178248,0.432579,0.641231,1
0.470661,0.848364,0.242357,0,0.806659,-0.525035,0.27133,0,0.35744,0.0677961,-0.931472,0,0.178057,0.432735,0.641284,1
0.470212,0.848586,0.242454,0,0.806911,-0.524645,0.271337,0,0.357462,0.0680537,-0.931445,0,0.177869,0.432889,0.641339,1
0.469745,0.848814,0.242558,0,0.807171,-0.524239,0.271347,0,0.357488,0.0683234,-0.931415,0,0.177674,0.433048,0.641397,1
0.46929,0.849042,0.242641,0,0.807431,-0.523837,0.271349,0,0.357498,0.068576,-0.931393,0,0.177483,0.433205,0.641445,1
0.468833,0.849264,0.242748,0,0.807685,-0.523442,0.271355,0,0.357523,0.0688449,-0.931363,0,0.177291,0.433363,0.641503,1
0.468378,0.849488,0.242841,0,0.807937,-0.523045,0.271372,0,0.357551,0.0690972,-0.931334,0,0.177104,0.433515,0.641556,1
0.467934,0.849707,0.242935,0,0.808186,-0.522657,0.271379,0,0.357571,0.0693508,-0.931307,0,0.176918,0.433668,0.641609,1
0.467477,0.849931,0.243029,0,0.80844,-0.522257,0.27139,0,0.357594,0.0696075,-0.93128,0,0.176728,0.433823,0.641662,1
0.46702,0.850161,0.243104,0,0.808699,-0.521851,0.271399,0,0.357604,0.0698509,-0.931257,0,0.176536,0.433979,0.641706,1
0.466564,0.850383,0.243202,0,0.808952,-0.521453,0.271411,0,0.357629,0.0701094,-0.931228,0,0.176347,0.434132,0.64176,1
0.466107,0.850608,0.243293,0,0.809204,-0.521053,0.271427,0,0.357653,0.0703608,-0.9312,0,0.176154,0.434284,0.641813,1
0.465666,0.850825,0.24338,0,0.809452,-0.520666,0.271432,0,0.357668,0.0706092,-0.931176,0,0.175966,0.434436,0.641861,1
0.465205,0.85105,0.243474,0,0.809707,-0.520263,0.271444,0,0.35769,0.0708666,-0.931148,0,0.175773,0.434591,0.641914,1
0.464759,0.851271,0.243553,0,0.809958,-0.519867,0.271453,0,0.357702,0.0711089,-0.931125,0,0.175584,0.434742,0.641959,1
0.464309,0.851493,0.243636,0,0.81021,-0.51947,0.271462,0,0.357717,0.0713552,-0.9311,0,0.175393,0.434895,0.642007,1
0.46385,0.851717,0.243724,0,0.810463,-0.519068,0.271476,0,0.357737,0.0716066,-0.931073,0,0.175198,0.435048,0.642056,1
0.463395,0.851941,0.243807,0,0.810717,-0.518665,0.271487,0,0.357752,0.071854,-0.931048,0,0.175008,0.4352,0.642104,1
0.462941,0.852162,0.243898,0,0.810966,-0.518267,0.271502,0,0.357775,0.0721053,-0.93102,0,0.174814,0.435352,0.642155,1
0.462485,0.852385,0.243982,0,0.81122,-0.517866,0.271512,0,0.357789,0.0723544,-0.930995,0,0.174622,0.435505,0.642203,1
0.46204,0.852604,0.244062,0,0.81147,-0.517471,0.271516,0,0.357798,0.0725986,-0.930973,0,0.174435,0.435656,0.642248,1
0.461567,0.852832,0.24416,0,0.811726,-0.517059,0.271537,0,0.357827,0.0728602,-0.930941,0,0.174233,0.435811,0.642302,1
0.461115,0.853054,0.24424,0,0.811976,-0.516659,0.271549,0,0.357842,0.0731037,-0.930916,0,0.174042,0.435962,0.642349,1
0.460674,0.853269,0.24432,0,0.812221,-0.516269,0.271558,0,0.357854,0.0733433,-0.930893,0,0.173855,0.436111,0.642393,1
0.460217,0.853491,0.244404,0,0.812474,-0.515866,0.271568,0,0.357868,0.0735932,-0.930868,0,0.173664,0.436262,0.642442,1
0.459764,0.853713,0.244482,0,0.812727,-0.515464,0.271574,0,0.357875,0.0738385,-0.930846,0,0.17347,0.436416,0.642485,1
0.459308,0.853936,0.244562,0,0.812979,-0.51506,0.271587,0,0.357888,0.0740828,-0.930821,0,0.173274,0.436568,0.642531,1
0.458858,0.854154,0.244645,0,0.813228,-0.514662,0.271597,0,0.357902,0.0743295,-0.930796,0,0.173083,0.436719,0.642578,1
0.458408,0.854369,0.244736,0,0.813473,-0.514268,0.271606,0,0.357919,0.0745812,-0.930769,0,0.172893,0.436868,0.642629,1
0.457945,0.854593,0.244823,0,0.813726,-0.51386,0.271621,0,0.357937,0.0748324,-0.930742,0,0.172694,0.437021,0.642676,1
0.457495,0.85481,0.244905,0,0.813976,-0.513462,0.271628,0,0.357946,0.0750797,-0.930719,0,0.172505,0.437172,0.642723,1
0.457038,0.85503,0.244992,0,0.814226,-0.513059,0.271637,0,0.357959,0.0753318,-0.930693,0,0.172309,0.437324,0.64277,1
0.456582,0.855249,0.245078,0,0.814474,-0.512658,0.271652,0,0.357978,0.0755796,-0.930666,0,0.172118,0.437475,0.642819,1
0.456139,0.85546,0.245165,0,0.814717,-0.512268,0.271657,0,0.357989,0.0758281,-0.930642,0,0.171933,0.437621,0.642868,1
0.455688,0.855677,0.245248,0,0.814962,-0.51187,0.271675,0,0.358008,0.0760702,-0.930615,0,0.171739,0.43777,0.642914,1
0.455231,0.855893,0.245341,0,0.815209,-0.51147,0.271685,0,0.358025,0.0763258,-0.930587,0,0.171545,0.437921,0.642967,1
0.45478,0.856107,0.24543,0,0.815454,-0.511074,0.271695,0,0.35804,0.0765767,-0.930561,0,0.171354,0.438069,0.643016,1
0.454332,0.856322,0.245512,0,0.815701,-0.510678,0.271701,0,0.358048,0.0768234,-0.930537,0,0.171164,0.438219,0.643062,1
0.453886,0.856529,0.245612,0,0.815941,-0.510291,0.271707,0,0.358065,0.0770821,-0.930509,0,0.170973,0.438366,0.643115,1
0.45344,0.856739,0.245706,0,0.81618,-0.509901,0.271721,0,0.358086,0.0773332,-0.93048,0,0.170784,0.438513,0.643168,1
0.45299,0.856953,0.24579,0,0.816425,-0.509503,0.27173,0,0.358097,0.0775801,-0.930456,0,0.170595,0.43866,0.643215,1
0.45255,0.857156,0.245891,0,0.816659,-0.509122,0.271741,0,0.358121,0.0778345,-0.930425,0,0.170409,0.438805,0.643269,1
0.4521,0.857371,0.245971,0,0.816906,-0.508724,0.271746,0,0.358125,0.0780799,-0.930403,0,0.170218,0.438952,0.643314,1
0.451652,0.85758,0.246063,0,0.817147,-0.508332,0.271756,0,0.358141,0.0783325,-0.930376,0,0.170026,0.439099,0.643365,1
0.451212,0.857785,0.246155,0,0.817385,-0.507947,0.27176,0,0.358152,0.0785836,-0.93035,0,0.169841,0.439243,0.643416,1
0.450776,0.857988,0.246248,0,0.817617,-0.507566,0.271771,0,0.35817,0.0788306,-0.930322,0,0.169654,0.439385,0.643469,1
0.450334,0.858193,0.246341,0,0.817853,-0.50718,0.271782,0,0.358188,0.0790798,-0.930295,0,0.169469,0.439529,0.643521,1
0.449894,0.858399,0.24643,0,0.818092,-0.506793,0.271785,0,0.358196,0.0793298,-0.93027,0,0.169282,0.439673,0.64357,1
0.449451,0.858606,0.246515,0,0.81833,-0.506403,0.271795,0,0.358208,0.079574,-0.930245,0,0.169093,0.439818,0.643617,1
0.449013,0.858807,0.246615,0,0.818561,-0.506023,0.271807,0,0.358229,0.0798267,-0.930215,0,0.168904,0.439961,0.643672,1
0.448583,0.859005,0.246708,0,0.81879,-0.505648,0.271814,0,0.358244,0.0800729,-0.930188,0,0.168722,0.4401,0.643723,1
0.448145,0.859205,0.246806,0,0.819022,-0.505267,0.271825,0,0.358263,0.0803238,-0.930159,0,0.168535,0.440242,0.643777,1
0.447702,0.85941,0.246897,0,0.819259,-0.504879,0.271831,0,0.358274,0.0805748,-0.930133,0,0.168349,0.440386,0.643826,1
0.44727,0.859612,0.246976,0,0.819494,-0.504497,0.271835,0,0.358278,0.0808131,-0.930111,0,0.168165,0.440527,0.643872,1
0.446828,0.859815,0.24707,0,0.819726,-0.504111,0.271848,0,0.358297,0.0810614,-0.930082,0,0.167976,0.440669,0.643924,1
0.446404,0.860007,0.247166,0,0.81995,-0.503743,0.271855,0,0.358312,0.081308,-0.930054,0,0.167796,0.440806,0.643976,1
0.445965,0.860212,0.247248,0,0.820185,-0.503356,0.271864,0,0.358322,0.0815489,-0.93003,0,0.167608,0.440946,0.644024,1
0.445533,0.860408,0.247344,0,0.820412,-0.502979,0.271876,0,0.35834,0.0817962,-0.930001,0,0.167425,0.441085,0.644077,1
0.445105,0.860602,0.24744,0,0.820639,-0.502607,0.271879,0,0.358352,0.0820456,-0.929975,0,0.167242,0.441223,0.644129,1
0.44468,0.8608,0.247513,0,0.82087,-0.502229,0.27188,0,0.35835,0.0822781,-0.929955,0,0.167062,0.441361,0.644172,1
0.444248,0.860997,0.247606,0,0.821099,-0.501851,0.271888,0,0.358363,0.0825252,-0.929928,0,0.166876,0.4415,0.644223,1
0.443826,0.861186,0.247707,0,0.821324,-0.501485,0.271884,0,0.358371,0.0827805,-0.929902,0,0.166699,0.441637,0.644277,1
0.443397,0.861378,0.247806,0,0.821546,-0.501114,0.271895,0,0.358391,0.0830276,-0.929872,0,0.166514,0.441773,0.644331,1
0.442966,0.861572,0.247901,0,0.821773,-0.500738,0.271902,0,0.358403,0.0832766,-0.929845,0,0.166332,0.441911,0.644384,1
0.442538,0.861767,0.24799,0,0.822003,-0.500363,0.2719,0,0.358406,0.0835239,-0.929822,0,0.166151,0.442049,0.644433,1
0.442095,0.861968,0.24808,0,0.822233,-0.499975,0.271916,0,0.358424,0.0837683,-0.929793,0,0.16596,0.442188,0.644484,1
0.441667,0.862161,0.248173,0,0.822458,-0.499601,0.271923,0,0.358436,0.0840144,-0.929766,0,0.165782,0.442324,0.644536,1
0.441256,0.862345,0.248263,0,0.822676,-0.499242,0.271923,0,0.358441,0.0842539,-0.929742,0,0.165608,0.442455,0.644587,1
0.44083,0.862537,0.248356,0,0.822899,-0.49887,0.27193,0,0.358454,0.0844985,-0.929716,0,0.165424,0.442592,0.644638,1
0.440402,0.862728,0.248449,0,0.823125,-0.498496,0.271933,0,0.358462,0.0847467,-0.92969,0,0.165243,0.442729,0.644689,1
0.439985,0.862917,0.24853,0,0.823348,-0.498129,0.271932,0,0.358462,0.0849825,-0.929668,0,0.165063,0.442863,0.644734,1
0.439562,0.863108,0.248618,0,0.823571,-0.497757,0.271936,0,0.358468,0.0852234,-0.929644,0,0.164884,0.442999,0.644783,1
0.43914,0.863294,0.248717,0,0.823792,-0.497391,0.271937,0,0.358478,0.0854741,-0.929617,0,0.164703,0.443133,0.644836,1
0.438727,0.863478,0.248807,0,0.824009,-0.497031,0.271939,0,0.358485,0.0857144,-0.929592,0,0.164526,0.443263,0.644887,1
0.438291,0.863674,0.248896,0,0.824236,-0.496648,0.271948,0,0.358495,0.0859581,-0.929566,0,0.16434,0.443401,0.644936,1
0.437877,0.863859,0.248982,0,0.824457,-0.496284,0.271944,0,0.358494,0.0861983,-0.929544,0,0.164164,0.443533,0.644983,1
0.437464,0.864047,0.249055,0,0.824677,-0.495917,0.271945,0,0.358491,0.0864256,-0.929524,0,0.163988,0.443666,0.645025,1
0.437032,0.864239,0.249148,0,0.824902,-0.49554,0.271951,0,0.358501,0.0866734,-0.929497,0,0.163805,0.443801,0.645076,1
0.43662,0.864422,0.249237,0,0.825118,-0.495179,0.271953,0,0.358506,0.0869116,-0.929473,0,0.16363,0.443933,0.645124,1
0.436213,0.864604,0.249317,0,0.825332,-0.494821,0.271957,0,0.358509,0.0871404,-0.92945,0,0.163455,0.444062,0.64517,1
0.43579,0.86479,0.249413,0,0.825548,-0.494453,0.271969,0,0.358526,0.0873826,-0.929421,0,0.163277,0.444194,0.645222,1
0.435383,0.864972,0.249489,0,0.825765,-0.494093,0.271966,0,0.358521,0.0876119,-0.929401,0,0.163104,0.444324,0.645266,1
0.434971,0.865157,0.249569,0,0.825982,-0.493729,0.271966,0,0.35852,0.0878441,-0.92938,0,0.162928,0.444457,0.645309,1
0.434552,0.865341,0.24966,0,0.826199,-0.493363,0.271973,0,0.358529,0.0880843,-0.929354,0,0.16275,0.444587,0.645359,1
0.434155,0.865515,0.249747,0,0.826409,-0.493015,0.271965,0,0.358525,0.08832,-0.929333,0,0.162581,0.444716,0.645406,1
0.433747,0.865695,0.249831,0,0.82662,-0.492657,0.271971,0,0.358532,0.0885499,-0.929308,0,0.162405,0.444844,0.645454,1
0.433333,0.865877,0.24992,0,0.826835,-0.492294,0.271974,0,0.358537,0.088789,-0.929283,0,0.162228,0.444974,0.645503,1
0.432925,0.866058,0.250001,0,0.827049,-0.491935,0.271976,0,0.358538,0.0890192,-0.929261,0,0.162056,0.445103,0.645549,1
0.43252,0.866238,0.250079,0,0.827262,-0.491577,0.271976,0,0.358536,0.0892477,-0.92924,0,0.161882,0.445231,0.645593,1
0.432108,0.866417,0.250171,0,0.827473,-0.491218,0.271982,0,0.358545,0.0894863,-0.929213,0,0.161707,0.445361,0.645643,1
0.431711,0.866591,0.250254,0,0.827681,-0.49087,0.271979,0,0.358543,0.0897154,-0.929192,0,0.161538,0.445485,0.64569,1
0.431315,0.866764,0.250335,0,0.827887,-0.490521,0.271979,0,0.358543,0.0899422,-0.92917,0,0.161369,0.44561,0.645735,1
0.430901,0.866945,0.250422,0,0.828098,-0.490159,0.27199,0,0.358554,0.0901751,-0.929143,0,0.161192,0.445738,0.645784,1
0.430501,0.867121,0.250502,0,0.828308,-0.489806,0.271987,0,0.35855,0.0904036,-0.929123,0,0.161022,0.445866,0.645828,1
0.430102,0.867297,0.250578,0,0.828516,-0.489453,0.271988,0,0.358548,0.0906273,-0.929102,0,0.160852,0.445992,0.645871,1
0.429701,0.867469,0.250672,0,0.828721,-0.489104,0.27199,0,0.358555,0.0908644,-0.929076,0,0.16068,0.446118,0.645921,1
0.429306,0.86764,0.250756,0,0.828925,-0.488758,0.271992,0,0.358557,0.0910914,-0.929053,0,0.160509,0.446242,0.645968,1
0.428907,0.867812,0.250844,0,0.829129,-0.48841,0.271997,0,0.358564,0.0913219,-0.929028,0,0.160338,0.446365,0.646016,1
0.4285,0.867986,0.250934,0,0.829337,-0.488055,0.271999,0,0.358568,0.091559,-0.929003,0,0.160165,0.446491,0.646065,1
0.42811,0.868158,0.251008,0,0.829541,-0.487709,0.271997,0,0.358562,0.0917787,-0.928983,0,0.159997,0.446616,0.646106,1
0.427718,0.868329,0.251085,0,0.829745,-0.487362,0.271996,0,0.358558,0.0920005,-0.928963,0,0.159832,0.446738,0.646148,1
0.427312,0.868505,0.251166,0,0.829952,-0.487006,0.272005,0,0.358564,0.0922267,-0.928938,0,0.159658,0.446863,0.646195,1
0.426919,0.868677,0.251241,0,0.830155,-0.486658,0.272006,0,0.358561,0.0924464,-0.928918,0,0.159489,0.446986,0.646237,1
0.42653,0.868844,0.251321,0,0.830357,-0.486316,0.272003,0,0.358557,0.0926706,-0.928897,0,0.159324,0.447107,0.646281,1
0.426131,0.869017,0.251401,0,0.830561,-0.485963,0.272007,0,0.358558,0.0928953,-0.928874,0,0.159151,0.447232,0.646324,1
0.425732,0.869191,0.251476,0,0.830767,-0.48561,0.272011,0,0.358556,0.0931157,-0.928853,0,0.158978,0.447356,0.646366,1
0.42534,0.869364,0.25154,0,0.830974,-0.485259,0.272005,0,0.35854,0.0933302,-0.928837,0,0.15881,0.447478,0.646404,1
0.424941,0.869538,0.251613,0,0.83118,-0.484904,0.272007,0,0.358536,0.0935511,-0.928817,0,0.15864,0.447602,0.646444,1
0.424549,0.869708,0.251689,0,0.831382,-0.484558,0.272008,0,0.358533,0.0937707,-0.928796,0,0.158469,0.447724,0.646487,1
0.424165,0.869877,0.251754,0,0.831581,-0.484214,0.27201,0,0.358525,0.0939783,-0.928778,0,0.158304,0.447843,0.646525,1
0.423769,0.870045,0.251838,0,0.831781,-0.483868,0.272015,0,0.358529,0.0942042,-0.928753,0,0.158135,0.447964,0.646571,1
0.423364,0.870219,0.251916,0,0.831987,-0.483511,0.272022,0,0.35853,0.0944287,-0.92873,0,0.157961,0.448087,0.646615,1
0.422975,0.87039,0.251982,0,0.832191,-0.483162,0.272019,0,0.358517,0.0946417,-0.928713,0,0.157792,0.44821,0.646652,1
0.422575,0.870562,0.252056,0,0.832396,-0.482807,0.27202,0,0.358512,0.0948635,-0.928693,0,0.157619,0.448333,0.646693,1
0.422185,0.870729,0.252133,0,0.832594,-0.482463,0.272023,0,0.358511,0.0950821,-0.928671,0,0.157449,0.448454,0.646735,1
0.421804,0.870895,0.252199,0,0.832791,-0.482123,0.272025,0,0.358503,0.0952893,-0.928653,0,0.157284,0.448572,0.646771,1
0.421419,0.871061,0.252271,0,0.832987,-0.481782,0.272028,0,0.358499,0.0955025,-0.928632,0,0.157118,0.44869,0.646813,1
0.421015,0.871233,0.252349,0,0.83319,-0.481426,0.272038,0,0.358503,0.0957247,-0.928608,0,0.156942,0.448812,0.646855,1
0.420636,0.871398,0.252412,0,0.833389,-0.481086,0.272029,0,0.358485,0.0959339,-0.928593,0,0.15678,0.448932,0.646891,1
0.420239,0.871573,0.252469,0,0.833596,-0.480727,0.27203,0,0.35847,0.0961415,-0.928578,0,0.156608,0.449054,0.646924,1
0.419841,0.871742,0.252546,0,0.833795,-0.480376,0.272039,0,0.358472,0.0963606,-0.928554,0,0.156437,0.449176,0.646966,1
0.41946,0.871905,0.25262,0,0.833991,-0.480038,0.272037,0,0.358464,0.0965758,-0.928535,0,0.156271,0.449293,0.647007,1
0.41908,0.872067,0.252689,0,0.834184,-0.4797,0.27204,0,0.358459,0.0967846,-0.928515,0,0.156104,0.44941,0.647045,1
0.418677,0.87224,0.252761,0,0.834387,-0.479343,0.272047,0,0.358456,0.0970029,-0.928493,0,0.155932,0.449532,0.647085,1
0.418291,0.872403,0.252837,0,0.834584,-0.479001,0.272044,0,0.358448,0.0972218,-0.928473,0,0.155765,0.449651,0.647126,1
0.417911,0.872568,0.252897,0,0.83478,-0.478659,0.272045,0,0.358436,0.0974241,-0.928457,0,0.155599,0.449769,0.647161,1
0.417527,0.87273,0.252973,0,0.834976,-0.47832,0.272041,0,0.358427,0.0976438,-0.928437,0,0.155435,0.449886,0.647202,1
0.417139,0.872896,0.253041,0,0.835173,-0.477974,0.272045,0,0.35842,0.0978543,-0.928418,0,0.155266,0.450005,0.64724,1
0.416764,0.873053,0.253114,0,0.835365,-0.477642,0.272039,0,0.358409,0.0980683,-0.9284,0,0.155105,0.450121,0.647281,1
0.41638,0.873214,0.253192,0,0.835556,-0.477304,0.272043,0,0.358409,0.0982849,-0.928377,0,0.154939,0.450237,0.647323,1
0.416001,0.873373,0.253267,0,0.835745,-0.476969,0.27205,0,0.358408,0.0984955,-0.928355,0,0.154775,0.450353,0.647364,1
0.415614,0.873535,0.253341,0,0.835943,-0.476626,0.272045,0,0.358397,0.0987143,-0.928336,0,0.154608,0.450471,0.647405,1
0.415236,0.873697,0.253403,0,0.836135,-0.476287,0.272047,0,0.358386,0.0989174,-0.928318,0,0.154446,0.450586,0.647441,1
0.41485,0.873859,0.253479,0,0.836329,-0.475946,0.272048,0,0.358381,0.0991348,-0.928297,0,0.154282,0.450702,0.647483,1
0.414487,0.874008,0.253558,0,0.836511,-0.475627,0.272045,0,0.358375,0.0993467,-0.928277,0,0.154125,0.450813,0.647527,1
0.414115,0.874162,0.253632,0,0.836698,-0.475299,0.272045,0,0.358369,0.0995576,-0.928256,0,0.153965,0.450925,0.647567,1
0.413744,0.874318,0.253702,0,0.836883,-0.47497,0.272049,0,0.358365,0.099762,-0.928236,0,0.153803,0.451039,0.647605,1
0.413375,0.874467,0.253789,0,0.837067,-0.474649,0.272045,0,0.358362,0.0999836,-0.928213,0,0.153642,0.451151,0.647652,1
0.413007,0.874619,0.253864,0,0.837253,-0.474323,0.272039,0,0.358351,0.100197,-0.928194,0,0.153483,0.451263,0.647694,1
0.412635,0.874776,0.253929,0,0.837442,-0.473991,0.272037,0,0.358338,0.100401,-0.928177,0,0.153325,0.451376,0.647731,1
0.412267,0.874927,0.254006,0,0.837625,-0.473667,0.272036,0,0.358333,0.100612,-0.928156,0,0.153166,0.451487,0.647773,1
0.41191,0.875072,0.254086,0,0.837803,-0.473355,0.272034,0,0.358329,0.100823,-0.928135,0,0.153015,0.451596,0.647817,1
0.411545,0.87522,0.254166,0,0.837981,-0.473036,0.272039,0,0.358331,0.101032,-0.928112,0,0.152856,0.451704,0.647861,1
0.411176,0.875372,0.254243,0,0.838165,-0.47271,0.272038,0,0.358325,0.101244,-0.928091,0,0.152699,0.451815,0.647904,1
0.410811,0.875518,0.254329,0,0.838345,-0.472392,0.272036,0,0.358322,0.101462,-0.928068,0,0.152542,0.451924,0.647951,1
0.410446,0.875668,0.254401,0,0.838528,-0.472069,0.272033,0,0.358312,0.10167,-0.928049,0,0.152386,0.452035,0.647991,1
0.410072,0.875821,0.254479,0,0.838712,-0.47174,0.272037,0,0.358311,0.101882,-0.928027,0,0.152223,0.452146,0.648033,1
0.409726,0.875956,0.254571,0,0.838882,-0.471442,0.272028,0,0.358307,0.1021,-0.928004,0,0.152074,0.452252,0.648082,1
0.409373,0.876099,0.254647,0,0.839057,-0.471132,0.272027,0,0.358301,0.102304,-0.927984,0,0.151922,0.452357,0.648124,1
0.408997,0.876252,0.254726,0,0.839242,-0.470801,0.27203,0,0.358299,0.102519,-0.927961,0,0.151759,0.452468,0.648168,1
0.408641,0.876394,0.25481,0,0.839417,-0.470491,0.272027,0,0.358295,0.102732,-0.927939,0,0.151604,0.452575,0.648213,1
0.408284,0.876537,0.254889,0,0.839595,-0.470177,0.272019,0,0.358285,0.102945,-0.927919,0,0.151451,0.452683,0.648256,1
0.407918,0.876685,0.254964,0,0.839777,-0.469854,0.272016,0,0.358275,0.103154,-0.9279,0,0.151295,0.452791,0.648297,1
0.407563,0.876831,0.25503,0,0.839956,-0.469538,0.272009,0,0.358259,0.103354,-0.927884,0,0.151143,0.452898,0.648335,1
0.407212,0.876972,0.255107,0,0.840131,-0.469229,0.272001,0,0.358248,0.103563,-0.927865,0,0.150992,0.453005,0.648376,1
0.406862,0.877111,0.255188,0,0.840302,-0.468924,0.272,0,0.358245,0.10377,-0.927843,0,0.150843,0.453107,0.648422,1
0.406512,0.877253,0.255257,0,0.840476,-0.468614,0.271996,0,0.358233,0.10397,-0.927825,0,0.150689,0.453212,0.648459,1
0.406167,0.87739,0.255336,0,0.840645,-0.468312,0.271992,0,0.358227,0.104175,-0.927804,0,0.150539,0.453316,0.648502,1
0.405819,0.87753,0.255406,0,0.84082,-0.468003,0.271985,0,0.358212,0.104376,-0.927787,0,0.15039,0.45342,0.648541,1
0.405469,0.877671,0.255479,0,0.840995,-0.467694,0.271977,0,0.358199,0.10458,-0.92777,0,0.150242,0.453525,0.648581,1
0.405123,0.87781,0.25555,0,0.841165,-0.467388,0.271974,0,0.358189,0.10478,-0.927751,0,0.150091,0.453629,0.648621,1
0.404782,0.877946,0.255623,0,0.841334,-0.467088,0.271967,0,0.358178,0.104979,-0.927733,0,0.149946,0.453731,0.648662,1
0.40444,0.878082,0.255698,0,0.841502,-0.466787,0.271963,0,0.358169,0.10518,-0.927713,0,0.149799,0.453833,0.648703,1
0.404092,0.878222,0.255769,0,0.841672,-0.46648,0.271966,0,0.358165,0.105376,-0.927693,0,0.149648,0.453933,0.648743,1
0.403741,0.87836,0.255846,0,0.841842,-0.466173,0.271965,0,0.358158,0.105581,-0.927672,0,0.149497,0.454037,0.648786,1
0.403399,0.878495,0.255922,0,0.842012,-0.465872,0.271957,0,0.358147,0.105784,-0.927653,0,0.149349,0.454139,0.648827,1
0.403055,0.878632,0.255993,0,0.842183,-0.465567,0.271948,0,0.358131,0.105986,-0.927636,0,0.149202,0.454241,0.648866,1
0.402707,0.878773,0.256059,0,0.842356,-0.465258,0.271941,0,0.358115,0.106182,-0.92762,0,0.149053,0.454346,0.648903,1
0.402372,0.878904,0.256137,0,0.84252,-0.464964,0.271936,0,0.358107,0.106383,-0.9276,0,0.148908,0.454446,0.648946,1
0.402039,0.879035,0.256208,0,0.842683,-0.464671,0.271931,0,0.358096,0.106577,-0.927582,0,0.148763,0.454545,0.648985,1
0.401701,0.879165,0.256291,0,0.842846,-0.464378,0.271927,0,0.358091,0.106783,-0.92756,0,0.148617,0.454645,0.64903,1
0.40135,0.879306,0.256358,0,0.843018,-0.464066,0.271927,0,0.358081,0.106979,-0.927542,0,0.148464,0.454747,0.649068,1
0.401008,0.87944,0.256436,0,0.843187,-0.463766,0.271916,0,0.358067,0.107185,-0.927523,0,0.148317,0.454848,0.649109,1
0.400672,0.879571,0.256511,0,0.843352,-0.46347,0.271907,0,0.358053,0.107385,-0.927505,0,0.148175,0.454947,0.64915,1
0.400329,0.879708,0.256576,0,0.843522,-0.463164,0.271901,0,0.358037,0.10758,-0.927489,0,0.148026,0.45505,0.649187,1
0.399987,0.879842,0.25665,0,0.843687,-0.462863,0.271901,0,0.35803,0.107778,-0.927469,0,0.14788,0.45515,0.649228,1
0.39966,0.87997,0.256722,0,0.843846,-0.462576,0.271895,0,0.35802,0.107971,-0.92745,0,0.147739,0.455247,0.649268,1
0.399323,0.8801,0.256798,0,0.844008,-0.462281,0.271896,0,0.358016,0.108167,-0.927429,0,0.147594,0.455343,0.649309,1
0.398979,0.880231,0.256886,0,0.844171,-0.461983,0.271895,0,0.358014,0.108377,-0.927405,0,0.147443,0.455443,0.649356,1
0.398637,0.880365,0.256955,0,0.844339,-0.461681,0.271888,0,0.357999,0.108575,-0.927388,0,0.147295,0.455544,0.649394,1
0.398308,0.880496,0.25702,0,0.844503,-0.461388,0.271876,0,0.357979,0.108766,-0.927373,0,0.147154,0.455642,0.649429,1
0.397977,0.880625,0.257088,0,0.844665,-0.461094,0.271869,0,0.357964,0.108958,-0.927357,0,0.147011,0.45574,0.649466,1
0.397644,0.880754,0.257162,0,0.844827,-0.460802,0.271864,0,0.357953,0.109154,-0.927338,0,0.146869,0.455838,0.649507,1
0.397312,0.880882,0.257238,0,0.844987,-0.460511,0.271859,0,0.357943,0.109353,-0.927318,0,0.146723,0.455936,0.649548,1
0.396988,0.881007,0.257309,0,0.845145,-0.460226,0.271852,0,0.35793,0.109544,-0.9273,0,0.146584,0.45603,0.649587,1
0.396654,0.881136,0.257382,0,0.845305,-0.459932,0.271849,0,0.357921,0.109739,-0.927281,0,0.146439,0.456128,0.649627,1
0.396323,0.881264,0.257453,0,0.845465,-0.459641,0.271845,0,0.35791,0.109931,-0.927263,0,0.146296,0.456224,0.649665,1
0.395989,0.881393,0.257525,0,0.845627,-0.459346,0.271839,0,0.357897,0.110127,-0.927244,0,0.146154,0.456322,0.649704,1
0.395664,0.88152,0.257592,0,0.845788,-0.459057,0.271827,0,0.357877,0.110318,-0.927229,0,0.146013,0.456417,0.649741,1
0.395341,0.881645,0.257661,0,0.845943,-0.458773,0.271826,0,0.357868,0.110505,-0.92721,0,0.145874,0.456513,0.649779,1
0.395006,0.881774,0.257731,0,0.846105,-0.458477,0.271821,0,0.357855,0.110698,-0.927192,0,0.14573,0.45661,0.649818,1
0.394697,0.881891,0.257805,0,0.846253,-0.458207,0.271814,0,0.357845,0.110886,-0.927174,0,0.145596,0.456701,0.649858,1
0.394375,0.882013,0.25788,0,0.846405,-0.457926,0.271814,0,0.35784,0.111076,-0.927153,0,0.145453,0.456793,0.649898,1
0.394043,0.882139,0.257957,0,0.846562,-0.457636,0.271813,0,0.357835,0.111273,-0.927131,0,0.145311,0.456889,0.64994,1
0.393713,0.882267,0.258024,0,0.846723,-0.457343,0.271804,0,0.357816,0.111464,-0.927116,0,0.145168,0.456986,0.649976,1
0.393394,0.882391,0.258083,0,0.84688,-0.457058,0.271796,0,0.357796,0.111645,-0.927102,0,0.14503,0.45708,0.650009,1
0.39307,0.882515,0.258154,0,0.847037,-0.456771,0.271788,0,0.357781,0.111836,-0.927084,0,0.144891,0.457174,0.650049,1
0.39274,0.882644,0.258218,0,0.847196,-0.456478,0.271786,0,0.357768,0.112022,-0.927067,0,0.144748,0.457269,0.650085,1
0.392421,0.882768,0.258277,0,0.847351,-0.456194,0.27178,0,0.35775,0.112201,-0.927052,0,0.14461,0.457362,0.650118,1
0.392105,0.88289,0.258341,0,0.847503,-0.455913,0.271776,0,0.357736,0.112382,-0.927036,0,0.144471,0.457454,0.650153,1
0.391796,0.883007,0.258411,0,0.847651,-0.455642,0.271771,0,0.357725,0.112566,-0.927018,0,0.144338,0.457543,0.650191,1
0.391474,0.88313,0.258477,0,0.847806,-0.455357,0.271763,0,0.357708,0.112752,-0.927002,0,0.144197,0.457638,0.650227,1
0.391153,0.883257,0.25853,0,0.847963,-0.455067,0.271758,0,0.357688,0.112927,-0.926988,0,0.144057,0.457731,0.650256,1
0.390831,0.883382,0.258589,0,0.848121,-0.454779,0.271749,0,0.357666,0.113109,-0.926974,0,0.143917,0.457826,0.650289,1
0.390511,0.883506,0.258649,0,0.848276,-0.454493,0.271743,0,0.357648,0.113289,-0.926959,0,0.143779,0.457918,0.650323,1
0.390187,0.88363,0.258712,0,0.84843,-0.454206,0.271744,0,0.357636,0.11347,-0.926942,0,0.143637,0.458011,0.650358,1
0.389881,0.883749,0.25877,0,0.848579,-0.453932,0.271735,0,0.357617,0.113644,-0.926928,0,0.143505,0.4581,0.650391,1
0.389568,0.883869,0.258831,0,0.848728,-0.453654,0.271735,0,0.357604,0.11382,-0.926911,0,0.143366,0.45819,0.650423,1
0.389246,0.883992,0.258895,0,0.848881,-0.453368,0.271732,0,0.357591,0.114003,-0.926894,0,0.143226,0.458282,0.650458,1
0.388928,0.884115,0.258952,0,0.849035,-0.453083,0.271727,0,0.357572,0.114179,-0.926879,0,0.143087,0.458373,0.65049,1
0.388614,0.884239,0.259002,0,0.84919,-0.452799,0.271716,0,0.357545,0.114351,-0.926869,0,0.142952,0.458465,0.650519,1
0.388302,0.88436,0.259057,0,0.849343,-0.452518,0.271707,0,0.357521,0.114526,-0.926856,0,0.142814,0.458557,0.650549,1
0.387991,0.884479,0.259114,0,0.849493,-0.45224,0.2717,0,0.357502,0.114701,-0.926842,0,0.142679,0.458646,0.65058,1
0.38767,0.884602,0.259177,0,0.849645,-0.451955,0.271701,0,0.35749,0.114881,-0.926824,0,0.142536,0.458737,0.650615,1
0.387366,0.884718,0.259234,0,0.849789,-0.451684,0.2717,0,0.357477,0.11505,-0.926809,0,0.142403,0.458824,0.650647,1
0.387062,0.884835,0.259288,0,0.849936,-0.451411,0.271695,0,0.357457,0.115218,-0.926795,0,0.14227,0.458911,0.650676,1
0.386739,0.884959,0.259347,0,0.850088,-0.451123,0.271695,0,0.357443,0.115395,-0.926778,0,0.142129,0.459002,0.650708,1
0.386433,0.885077,0.259401,0,0.850236,-0.450849,0.271689,0,0.357424,0.115565,-0.926765,0,0.141995,0.45909,0.650739,1
0.386117,0.8852,0.259452,0,0.850391,-0.450563,0.27168,0,0.357397,0.115737,-0.926754,0,0.141858,0.459182,0.650767,1
0.38581,0.88532,0.259498,0,0.850539,-0.450284,0.271676,0,0.357375,0.1159,-0.926742,0,0.141722,0.45927,0.650794,1
0.385498,0.88544,0.259552,0,0.850689,-0.450004,0.271671,0,0.357355,0.116072,-0.926728,0,0.141584,0.459358,0.650823,1
0.385186,0.88556,0.259608,0,0.850837,-0.449725,0.27167,0,0.35734,0.116243,-0.926712,0,0.141445,0.459446,0.650855,1
0.384881,0.885676,0.259663,0,0.850981,-0.449452,0.271671,0,0.357325,0.11641,-0.926697,0,0.14131,0.459531,0.650885,1
0.384586,0.885788,0.259719,0,0.851121,-0.449189,0.271667,0,0.357309,0.116576,-0.926683,0,0.141177,0.459616,0.650915,1
0.384273,0.885905,0.259784,0,0.851267,-0.448912,0.271668,0,0.357299,0.116753,-0.926664,0,0.141038,0.459703,0.65095,1
0.383964,0.886024,0.259833,0,0.851417,-0.448633,0.27166,0,0.357274,0.116921,-0.926652,0,0.140903,0.459792,0.650978,1
0.383652,0.886143,0.259888,0,0.851566,-0.448353,0.271655,0,0.357254,0.117093,-0.926639,0,0.140767,0.459881,0.651008,1
0.383347,0.886259,0.259943,0,0.851712,-0.448079,0.271648,0,0.357233,0.117263,-0.926625,0,0.140634,0.459967,0.651039,1
0.383034,0.886381,0.25999,0,0.851861,-0.447796,0.271648,0,0.357213,0.117427,-0.926612,0,0.140496,0.460055,0.651066,1
0.382727,0.886495,0.260052,0,0.852002,-0.447524,0.271651,0,0.357204,0.117599,-0.926594,0,0.14036,0.46014,0.651099,1
0.382427,0.886607,0.260111,0,0.852144,-0.447257,0.271648,0,0.357189,0.117769,-0.926578,0,0.140227,0.460226,0.65113,1
0.382127,0.88672,0.260166,0,0.852285,-0.446989,0.271647,0,0.357173,0.117934,-0.926563,0,0.140094,0.460309,0.65116,1
0.381831,0.886831,0.260225,0,0.852423,-0.446726,0.271646,0,0.35716,0.118101,-0.926547,0,0.139963,0.460392,0.651191,1
0.381524,0.886946,0.260281,0,0.852568,-0.446452,0.271644,0,0.357143,0.118271,-0.926532,0,0.139828,0.460478,0.651223,1
0.381217,0.887062,0.260339,0,0.852713,-0.446177,0.271639,0,0.357125,0.118443,-0.926517,0,0.139691,0.460566,0.651254,1
0.380919,0.887173,0.260396,0,0.852854,-0.445911,0.271632,0,0.357104,0.118612,-0.926503,0,0.139562,0.46065,0.651286,1
0.380622,0.887284,0.260453,0,0.852996,-0.445645,0.271622,0,0.357082,0.118782,-0.92649,0,0.13943,0.460734,0.651316,1
0.380321,0.887399,0.260499,0,0.853138,-0.445373,0.271622,0,0.357063,0.11894,-0.926477,0,0.139296,0.460819,0.651342,1
0.380028,0.887507,0.260559,0,0.853274,-0.445114,0.27162,0,0.35705,0.119107,-0.92646,0,0.139168,0.460901,0.651375,1
0.379734,0.887614,0.260623,0,0.853409,-0.444854,0.271622,0,0.357042,0.119276,-0.926442,0,0.139036,0.460982,0.65141,1
0.379437,0.887725,0.260679,0,0.853548,-0.44459,0.271619,0,0.357025,0.119441,-0.926427,0,0.138908,0.461064,0.651439,1
0.379139,0.887836,0.260734,0,0.853688,-0.444323,0.271615,0,0.357007,0.119608,-0.926413,0,0.138776,0.461148,0.65147,1
0.378841,0.887945,0.260794,0,0.853827,-0.444058,0.271611,0,0.35699,0.119778,-0.926397,0,0.138645,0.461232,0.651502,1
0.378544,0.888055,0.260851,0,0.853966,-0.443793,0.271606,0,0.356972,0.119945,-0.926382,0,0.138514,0.461315,0.651533,1
0.378253,0.888163,0.260908,0,0.854105,-0.443532,0.271596,0,0.35695,0.120113,-0.926369,0,0.138387,0.461398,0.651565,1
0.377967,0.888267,0.260966,0,0.854236,-0.443279,0.271597,0,0.356938,0.120274,-0.926353,0,0.138259,0.461478,0.651596,1
0.377672,0.888379,0.261013,0,0.854375,-0.443013,0.271595,0,0.356918,0.120432,-0.92634,0,0.138128,0.46156,0.651621,1
0.377381,0.888482,0.261083,0,0.854506,-0.442759,0.271595,0,0.356911,0.120605,-0.92632,0,0.137999,0.461641,0.651658,1
0.377103,0.888583,0.261141,0,0.854636,-0.442512,0.271589,0,0.356895,0.120766,-0.926306,0,0.137876,0.461718,0.65169,1
0.376822,0.888685,0.261199,0,0.854767,-0.442263,0.271583,0,0.356877,0.120928,-0.926291,0,0.137753,0.461796,0.651721,1
0.376532,0.888793,0.261249,0,0.854902,-0.442002,0.271582,0,0.35686,0.121086,-0.926277,0,0.137624,0.461878,0.651749,1
0.376241,0.8889,0.261305,0,0.855037,-0.441743,0.271579,0,0.356843,0.121249,-0.926262,0,0.137498,0.46196,0.651779,1
0.375958,0.889001,0.261368,0,0.855171,-0.441493,0.271566,0,0.356821,0.121419,-0.926248,0,0.137374,0.462039,0.651814,1
0.375675,0.889103,0.261429,0,0.8553,-0.441242,0.271565,0,0.356809,0.121582,-0.926232,0,0.13725,0.462116,0.651847,1
0.375394,0.889209,0.261472,0,0.855433,-0.440987,0.271561,0,0.356788,0.121732,-0.92622,0,0.137127,0.462195,0.651872,1
0.375104,0.889312,0.261538,0,0.855563,-0.440733,0.271565,0,0.356781,0.121899,-0.926201,0,0.136995,0.462274,0.651906,1
0.374833,0.889407,0.261603,0,0.855687,-0.440496,0.271559,0,0.356768,0.122063,-0.926184,0,0.136875,0.462349,0.651941,1
0.374556,0.889506,0.261663,0,0.855812,-0.440252,0.271559,0,0.356758,0.122223,-0.926167,0,0.136755,0.462425,0.651973,1
0.374283,0.889604,0.261722,0,0.855937,-0.44001,0.271558,0,0.356746,0.12238,-0.926151,0,0.136633,0.462499,0.652004,1
0.373724,0.889807,0.261831,0,0.856199,-0.439511,0.271541,0,0.356704,0.1227,-0.926125,0,0.136388,0.462655,0.652064,1
0.373451,0.889902,0.261895,0,0.856322,-0.439272,0.271538,0,0.356692,0.122862,-0.926108,0,0.136268,0.462729,0.652098,1
0.373179,0.889999,0.261954,0,0.856448,-0.439031,0.271532,0,0.356675,0.123022,-0.926093,0,0.136148,0.462804,0.65213,1
0.372902,0.890102,0.261997,0,0.856578,-0.43878,0.271527,0,0.356653,0.12317,-0.926082,0,0.136026,0.46288,0.652155,1
0.372628,0.890202,0.262048,0,0.856704,-0.438535,0.271526,0,0.356637,0.123322,-0.926068,0,0.135906,0.462955,0.652183,1
0.372365,0.890291,0.262119,0,0.856822,-0.438307,0.27152,0,0.356628,0.123487,-0.926049,0,0.135786,0.463028,0.65222,1
0.372102,0.890383,0.262182,0,0.856941,-0.438077,0.271516,0,0.356616,0.123645,-0.926033,0,0.135671,0.4631,0.652253,1
0.371841,0.890475,0.262239,0,0.85706,-0.437847,0.271513,0,0.356603,0.123797,-0.926018,0,0.135555,0.463171,0.652284,1
0.371576,0.890572,0.262285,0,0.857183,-0.437608,0.27151,0,0.356584,0.123942,-0.926005,0,0.135438,0.463245,0.65231,1
0.371305,0.890668,0.262341,0,0.857306,-0.437368,0.271508,0,0.35657,0.124097,-0.92599,0,0.135318,0.46332,0.65234,1
0.371031,0.890764,0.262404,0,0.85743,-0.437127,0.271504,0,0.356557,0.124259,-0.925973,0,0.135199,0.463393,0.652375,1
0.370775,0.890852,0.262469,0,0.857545,-0.436904,0.2715,0,0.356546,0.124416,-0.925956,0,0.135087,0.463463,0.652409,1
0.370506,0.890947,0.262524,0,0.857667,-0.436665,0.271499,0,0.356533,0.124568,-0.925941,0,0.134966,0.463535,0.652439,1
0.370236,0.891044,0.262577,0,0.857791,-0.436424,0.271495,0,0.356516,0.124721,-0.925927,0,0.134846,0.463608,0.652468,1
0.369979,0.891133,0.262638,0,0.857905,-0.4362,0.271494,0,0.356507,0.124874,-0.92591,0,0.134732,0.463678,0.6525,1
0.369725,0.891218,0.262707,0,0.858018,-0.43598,0.27149,0,0.356499,0.125033,-0.925892,0,0.13462,0.463748,0.652536,1
0.369473,0.891305,0.262767,0,0.858132,-0.435759,0.271484,0,0.356485,0.125185,-0.925876,0,0.134508,0.463816,0.652569,1
0.369219,0.891395,0.262818,0,0.85825,-0.435532,0.271478,0,0.356467,0.125331,-0.925864,0,0.134395,0.463886,0.652596,1
0.368951,0.89149,0.262873,0,0.858371,-0.435294,0.271476,0,0.356452,0.125484,-0.925849,0,0.134275,0.463959,0.652626,1
0.368701,0.891576,0.262931,0,0.858484,-0.435074,0.271469,0,0.356437,0.125633,-0.925834,0,0.134166,0.464027,0.652656,1
0.368444,0.891662,0.262999,0,0.858598,-0.434852,0.271468,0,0.35643,0.125792,-0.925815,0,0.134054,0.464096,0.652693,1
0.368192,0.891749,0.263057,0,0.858712,-0.43463,0.271463,0,0.356416,0.125942,-0.9258,0,0.133944,0.464164,0.652725,1
0.367934,0.891841,0.263107,0,0.858831,-0.434399,0.271454,0,0.356393,0.12609,-0.925789,0,0.133829,0.464235,0.652752,1
0.367675,0.891932,0.263158,0,0.858948,-0.434168,0.271452,0,0.356378,0.126235,-0.925775,0,0.133716,0.464304,0.652781,1
0.367429,0.892016,0.263217,0,0.85906,-0.433952,0.271446,0,0.356364,0.126384,-0.92576,0,0.133608,0.464371,0.652811,1
0.367187,0.892098,0.26328,0,0.859168,-0.433742,0.271438,0,0.356352,0.126536,-0.925744,0,0.1335,0.464438,0.652845,1
0.366943,0.892179,0.263344,0,0.859278,-0.433529,0.271432,0,0.35634,0.126688,-0.925728,0,0.133394,0.464503,0.652879,1
0.366693,0.892265,0.2634,0,0.859388,-0.433309,0.271433,0,0.356331,0.126833,-0.925712,0,0.133283,0.464569,0.652909,1
0.366449,0.892351,0.263449,0,0.859501,-0.433091,0.271424,0,0.35631,0.126974,-0.9257,0,0.133173,0.464637,0.652936,1
0.366199,0.892436,0.263508,0,0.859611,-0.432873,0.271424,0,0.356301,0.127122,-0.925683,0,0.133063,0.464703,0.652967,1
0.365958,0.892517,0.263569,0,0.85972,-0.432662,0.271414,0,0.356284,0.127272,-0.925669,0,0.132959,0.46477,0.653001,1
0.365712,0.892603,0.263621,0,0.859833,-0.432443,0.271405,0,0.356265,0.127417,-0.925657,0,0.13285,0.464835,0.65303,1
0.365473,0.892684,0.263676,0,0.859942,-0.432232,0.271398,0,0.356249,0.12756,-0.925643,0,0.132745,0.464899,0.653061,1
0.365233,0.892769,0.263721,0,0.860051,-0.432016,0.271393,0,0.35623,0.127694,-0.925632,0,0.132641,0.464964,0.653085,1
0.364995,0.892847,0.263786,0,0.860155,-0.431811,0.271391,0,0.356223,0.127843,-0.925614,0,0.132536,0.465029,0.653118,1
0.364755,0.892926,0.26385,0,0.86026,-0.431604,0.271388,0,0.356215,0.127992,-0.925597,0,0.132432,0.465093,0.653153,1
0.364523,0.893004,0.263907,0,0.860365,-0.4314,0.271381,0,0.3562,0.128135,-0.925582,0,0.132329,0.465156,0.653183,1
0.364297,0.89308,0.263962,0,0.860467,-0.431201,0.271372,0,0.356185,0.128273,-0.925569,0,0.132228,0.465217,0.653212,1
0.364061,0.89316,0.264017,0,0.860575,-0.430993,0.271361,0,0.356165,0.128417,-0.925557,0,0.132124,0.465281,0.653243,1
0.363819,0.893241,0.264079,0,0.860681,-0.430782,0.271358,0,0.356156,0.128565,-0.92554,0,0.132017,0.465346,0.653276,1
0.363581,0.893319,0.264142,0,0.860788,-0.430575,0.271349,0,0.356141,0.128715,-0.925525,0,0.131913,0.465411,0.653309,1
0.36334,0.893401,0.264198,0,0.860897,-0.430362,0.27134,0,0.356123,0.128861,-0.925511,0,0.131809,0.465475,0.653339,1
0.363103,0.893482,0.264248,0,0.861003,-0.430152,0.271336,0,0.356108,0.128997,-0.925498,0,0.131704,0.465538,0.653368,1
0.362869,0.89356,0.264304,0,0.861107,-0.429947,0.271331,0,0.356095,0.129139,-0.925484,0,0.131603,0.4656,0.653398,1
0.362643,0.893636,0.264359,0,0.861208,-0.429749,0.271325,0,0.356081,0.129277,-0.92547,0,0.131504,0.465662,0.653427,1
0.362408,0.893711,0.264427,0,0.86131,-0.429547,0.271322,0,0.356074,0.129427,-0.925451,0,0.131399,0.465726,0.653461,1
0.362178,0.893788,0.264483,0,0.861413,-0.429345,0.271316,0,0.35606,0.129567,-0.925437,0,0.131299,0.465788,0.653492,1
0.361959,0.893862,0.264533,0,0.861512,-0.429151,0.271306,0,0.356041,0.129699,-0.925426,0,0.131202,0.465847,0.653519,1
0.361727,0.893938,0.264592,0,0.861614,-0.428949,0.271304,0,0.356032,0.129841,-0.92541,0,0.131099,0.465909,0.65355,1
0.361496,0.894014,0.26465,0,0.861716,-0.428747,0.271297,0,0.356018,0.129983,-0.925395,0,0.130998,0.46597,0.653582,1
0.361266,0.894091,0.264704,0,0.86182,-0.428544,0.271287,0,0.355999,0.130123,-0.925382,0,0.130896,0.466033,0.65361,1
0.36103,0.894169,0.264763,0,0.861923,-0.428338,0.271286,0,0.355991,0.130266,-0.925366,0,0.130793,0.466095,0.653643,1
0.360806,0.894247,0.264808,0,0.862025,-0.428137,0.271279,0,0.355971,0.130395,-0.925355,0,0.130696,0.466155,0.653668,1
0.360579,0.894324,0.264857,0,0.862129,-0.427935,0.271268,0,0.35595,0.13053,-0.925344,0,0.130595,0.466216,0.653694,1
0.360359,0.894398,0.264906,0,0.862229,-0.42774,0.271258,0,0.35593,0.130662,-0.925333,0,0.130499,0.466276,0.65372,1
0.360133,0.894473,0.264958,0,0.862328,-0.427541,0.271254,0,0.355917,0.130796,-0.925319,0,0.1304,0.466336,0.653748,1
0.359914,0.894545,0.265014,0,0.862424,-0.42735,0.271252,0,0.355908,0.130929,-0.925304,0,0.130303,0.466396,0.653777,1
0.359698,0.894618,0.26506,0,0.862522,-0.427158,0.271244,0,0.355889,0.131057,-0.925293,0,0.130207,0.466455,0.653802,1
0.359479,0.894693,0.265105,0,0.862621,-0.426962,0.271236,0,0.35587,0.131184,-0.925282,0,0.130111,0.466513,0.653827,1
0.359256,0.894767,0.265157,0,0.862719,-0.426767,0.271233,0,0.355857,0.131317,-0.925268,0,0.13001,0.466572,0.653855,1
0.359036,0.894841,0.265203,0,0.862817,-0.426571,0.27123,0,0.355843,0.131443,-0.925256,0,0.129912,0.46663,0.653879,1
0.358812,0.894916,0.265256,0,0.862914,-0.426374,0.271228,0,0.355831,0.131576,-0.925241,0,0.129816,0.466689,0.653908,1
0.358596,0.894988,0.265302,0,0.863012,-0.426182,0.271221,0,0.355813,0.131703,-0.92523,0,0.12972,0.466749,0.653932,1
0.358376,0.895064,0.265346,0,0.86311,-0.425985,0.271217,0,0.355797,0.131827,-0.925219,0,0.129623,0.466807,0.653955,1
0.358157,0.895142,0.265377,0,0.863211,-0.425785,0.271209,0,0.355771,0.131943,-0.925212,0,0.129526,0.466865,0.653974,1
0.357947,0.895214,0.265416,0,0.863307,-0.425595,0.2712,0,0.355749,0.132063,-0.925204,0,0.129432,0.466922,0.653995,1
0.357734,0.895287,0.265457,0,0.863402,-0.425405,0.271198,0,0.355734,0.132182,-0.925193,0,0.12934,0.466979,0.654017,1
0.357514,0.895362,0.265502,0,0.863499,-0.425209,0.271195,0,0.355718,0.132307,-0.925181,0,0.12924,0.467039,0.654041,1
0.357311,0.89543,0.265545,0,0.86359,-0.425028,0.27119,0,0.355703,0.132425,-0.92517,0,0.12915,0.467094,0.654064,1
0.357099,0.895505,0.265579,0,0.863688,-0.424836,0.27118,0,0.355677,0.132542,-0.925163,0,0.129054,0.467151,0.654083,1
0.35689,0.895577,0.265616,0,0.863783,-0.424646,0.271174,0,0.355657,0.132658,-0.925154,0,0.12896,0.467206,0.654104,1
0.356688,0.895648,0.265648,0,0.863876,-0.424463,0.271166,0,0.355634,0.132768,-0.925147,0,0.128872,0.467261,0.654122,1
0.356479,0.895719,0.265691,0,0.863966,-0.424277,0.271169,0,0.355625,0.132884,-0.925134,0,0.128777,0.467316,0.654144,1
0.356259,0.895794,0.265732,0,0.864064,-0.42408,0.271166,0,0.355607,0.133006,-0.925123,0,0.12868,0.467375,0.654166,1
0.356046,0.895867,0.265771,0,0.864159,-0.423888,0.271161,0,0.355588,0.133125,-0.925113,0,0.128588,0.467431,0.654188,1
0.355835,0.895941,0.265805,0,0.864256,-0.423696,0.271153,0,0.355565,0.13324,-0.925106,0,0.128494,0.467487,0.654206,1
0.355638,0.896011,0.265834,0,0.864349,-0.423514,0.27114,0,0.355536,0.133348,-0.925101,0,0.128407,0.467542,0.654223,1
0.355435,0.896082,0.265862,0,0.864442,-0.423329,0.271133,0,0.355512,0.133455,-0.925095,0,0.128316,0.467597,0.654239,1
0.355231,0.896151,0.265903,0,0.864532,-0.423147,0.271133,0,0.355499,0.13357,-0.925084,0,0.128226,0.46765,0.65426,1
0.355026,0.896222,0.265937,0,0.864625,-0.422961,0.271126,0,0.355476,0.133681,-0.925076,0,0.128133,0.467706,0.654279,1
0.354822,0.896291,0.26598,0,0.864714,-0.422779,0.271125,0,0.355464,0.133798,-0.925064,0,0.12804,0.46776,0.654302,1
0.354623,0.896359,0.266015,0,0.864805,-0.422599,0.271116,0,0.355442,0.13391,-0.925056,0,0.127952,0.467813,0.654322,1
0.354424,0.896427,0.26605,0,0.864895,-0.422419,0.271109,0,0.355421,0.13402,-0.925048,0,0.127863,0.467867,0.654342,1
0.354227,0.896495,0.266086,0,0.864982,-0.422242,0.271105,0,0.355404,0.134129,-0.925039,0,0.127777,0.467918,0.654361,1
0.354032,0.896563,0.266114,0,0.865072,-0.422063,0.271098,0,0.35538,0.134233,-0.925033,0,0.12769,0.46797,0.654377,1
0.353826,0.896629,0.266165,0,0.865159,-0.421883,0.271101,0,0.355374,0.134355,-0.925018,0,0.127597,0.468023,0.654404,1
0.353623,0.8967,0.266197,0,0.865252,-0.421698,0.271093,0,0.35535,0.134465,-0.925011,0,0.127507,0.468078,0.654422,1
0.353428,0.896765,0.266236,0,0.865339,-0.421524,0.271085,0,0.355331,0.134578,-0.925002,0,0.127422,0.468129,0.654443,1
0.353229,0.896834,0.266267,0,0.86543,-0.421342,0.271078,0,0.355308,0.134685,-0.924995,0,0.127333,0.468181,0.654462,1
0.353038,0.896899,0.266303,0,0.865516,-0.421169,0.271069,0,0.355287,0.134795,-0.924987,0,0.127247,0.468234,0.654481,1
0.352839,0.896967,0.266339,0,0.865603,-0.420991,0.271069,0,0.355273,0.134902,-0.924977,0,0.127159,0.468285,0.654499,1
0.35265,0.897032,0.266369,0,0.865688,-0.420819,0.271064,0,0.355253,0.135004,-0.92497,0,0.127074,0.468336,0.654516,1
0.352451,0.897098,0.266409,0,0.865775,-0.420641,0.271063,0,0.35524,0.135116,-0.924959,0,0.126983,0.468388,0.654536,1
0.352261,0.897162,0.266447,0,0.86586,-0.420471,0.271054,0,0.35522,0.135227,-0.92495,0,0.126902,0.468439,0.654558,1
0.352073,0.897223,0.266488,0,0.865942,-0.420304,0.271053,0,0.355207,0.135335,-0.924939,0,0.126817,0.468487,0.65458,1
0.351886,0.897289,0.266513,0,0.866029,-0.420132,0.271043,0,0.355181,0.135435,-0.924934,0,0.126733,0.468537,0.654595,1
0.351703,0.897351,0.266545,0,0.866113,-0.419966,0.271031,0,0.355157,0.135538,-0.924929,0,0.126653,0.468586,0.654613,1
0.351515,0.897414,0.266581,0,0.866195,-0.419798,0.271031,0,0.355144,0.135642,-0.924919,0,0.126568,0.468634,0.654633,1
0.351332,0.897474,0.266621,0,0.866275,-0.419635,0.271027,0,0.35513,0.135749,-0.924908,0,0.126487,0.468683,0.654653,1
0.351145,0.897537,0.266654,0,0.866357,-0.419466,0.271023,0,0.355113,0.135851,-0.9249,0,0.126402,0.468732,0.654671,1
0.350956,0.897599,0.266696,0,0.866441,-0.419298,0.271016,0,0.355095,0.135965,-0.92489,0,0.126319,0.468782,0.654695,1
0.350775,0.897658,0.266734,0,0.866521,-0.419137,0.271008,0,0.355078,0.136071,-0.924881,0,0.126238,0.46883,0.654715,1
0.350594,0.89772,0.266766,0,0.866604,-0.418972,0.270999,0,0.355056,0.136173,-0.924874,0,0.126158,0.468879,0.654733,1
0.350402,0.897783,0.266804,0,0.866688,-0.4188,0.270996,0,0.35504,0.136281,-0.924864,0,0.126073,0.468928,0.654753,1
0.350227,0.897844,0.26683,0,0.866768,-0.41864,0.270989,0,0.355018,0.136375,-0.924859,0,0.125996,0.468975,0.654767,1
0.350042,0.897904,0.266871,0,0.866847,-0.418476,0.270988,0,0.355008,0.136482,-0.924847,0,0.125915,0.469023,0.654788,1
0.349862,0.897964,0.266904,0,0.866926,-0.418315,0.270986,0,0.354993,0.136581,-0.924838,0,0.125832,0.46907,0.654807,1
0.349688,0.898021,0.266941,0,0.867003,-0.41816,0.270979,0,0.354976,0.136683,-0.92483,0,0.125756,0.469115,0.654827,1
0.349512,0.898076,0.266988,0,0.86708,-0.418005,0.27097,0,0.354961,0.136795,-0.924819,0,0.12568,0.469161,0.654852,1
0.349339,0.898135,0.267014,0,0.86716,-0.417846,0.27096,0,0.354937,0.13689,-0.924814,0,0.125602,0.469208,0.654866,1
0.34917,0.89819,0.267051,0,0.867234,-0.417696,0.270953,0,0.35492,0.13699,-0.924806,0,0.125527,0.469252,0.654887,1
0.348994,0.898247,0.267088,0,0.867311,-0.417539,0.270949,0,0.354906,0.137091,-0.924796,0,0.125446,0.469298,0.654906,1
0.348825,0.898302,0.267124,0,0.867385,-0.417389,0.270945,0,0.354891,0.137189,-0.924787,0,0.125372,0.469343,0.654925,1
0.348648,0.898361,0.267157,0,0.867463,-0.417229,0.27094,0,0.354875,0.137288,-0.924779,0,0.125292,0.469389,0.654943,1
0.348478,0.898416,0.267195,0,0.867537,-0.417079,0.270934,0,0.354859,0.137389,-0.92477,0,0.125218,0.469433,0.654964,1
0.348306,0.89847,0.267236,0,0.867612,-0.416926,0.270928,0,0.354846,0.137494,-0.924759,0,0.125144,0.469478,0.654986,1
0.348132,0.898528,0.267267,0,0.867691,-0.416769,0.270918,0,0.354823,0.137592,-0.924753,0,0.125068,0.469523,0.655003,1
0.347961,0.898586,0.267296,0,0.867768,-0.416614,0.270911,0,0.354803,0.137687,-0.924747,0,0.124992,0.469569,0.655019,1
0.347796,0.898641,0.267326,0,0.86784,-0.416465,0.270907,0,0.354787,0.137779,-0.92474,0,0.124918,0.469611,0.655035,1
0.347633,0.898692,0.267366,0,0.86791,-0.416322,0.270904,0,0.354777,0.137877,-0.924729,0,0.124846,0.469654,0.655055,1
0.347474,0.898744,0.267399,0,0.86798,-0.416179,0.270897,0,0.35476,0.13797,-0.924721,0,0.124773,0.469696,0.655073,1
0.347309,0.898798,0.267433,0,0.868052,-0.416032,0.270894,0,0.354746,0.138064,-0.924713,0,0.124699,0.469739,0.655092,1
0.347147,0.89885,0.267467,0,0.868125,-0.415886,0.270885,0,0.354727,0.13816,-0.924705,0,0.124627,0.469781,0.655111,1
0.346984,0.898901,0.267505,0,0.868197,-0.415742,0.270876,0,0.354711,0.13826,-0.924697,0,0.124555,0.469823,0.655131,1
0.346827,0.898953,0.267537,0,0.868267,-0.415601,0.270868,0,0.354693,0.138352,-0.92469,0,0.124485,0.469865,0.655148,1
0.346671,0.899004,0.267567,0,0.868333,-0.415462,0.270869,0,0.354683,0.138438,-0.924681,0,0.124417,0.469904,0.655165,1
0.346512,0.899056,0.267598,0,0.868403,-0.415319,0.270865,0,0.354668,0.138527,-0.924673,0,0.124344,0.469945,0.655182,1
0.34636,0.899105,0.26763,0,0.868468,-0.415184,0.270862,0,0.354656,0.138615,-0.924665,0,0.124277,0.469985,0.655198,1
0.346197,0.89916,0.267657,0,0.868541,-0.415035,0.270858,0,0.354638,0.138703,-0.924658,0,0.124205,0.470028,0.655214,1
0.346036,0.899212,0.267689,0,0.868609,-0.414892,0.270857,0,0.354626,0.138793,-0.924649,0,0.124134,0.47007,0.655231,1
0.345884,0.899262,0.267717,0,0.868679,-0.414753,0.270846,0,0.354605,0.138882,-0.924644,0,0.124066,0.47011,0.655247,1
0.34573,0.899312,0.267748,0,0.868749,-0.414614,0.270833,0,0.354582,0.138974,-0.924639,0,0.123997,0.470152,0.655264,1
0.345573,0.899365,0.267774,0,0.868818,-0.414472,0.270829,0,0.354566,0.139058,-0.924633,0,0.123928,0.470192,0.655278,1
0.345419,0.899416,0.267801,0,0.868886,-0.414333,0.270825,0,0.35455,0.139143,-0.924626,0,0.12386,0.470232,0.655293,1
0.34527,0.899464,0.267833,0,0.86895,-0.414199,0.270823,0,0.354539,0.139229,-0.924618,0,0.123792,0.47027,0.65531,1
0.345122,0.899513,0.267858,0,0.869016,-0.414065,0.270816,0,0.35452,0.139311,-0.924612,0,0.123726,0.470308,0.655324,1
0.344967,0.899564,0.267888,0,0.869084,-0.413926,0.270813,0,0.354506,0.139398,-0.924605,0,0.123657,0.470348,0.65534,1
0.344817,0.899611,0.267921,0,0.869149,-0.413793,0.270807,0,0.354491,0.139487,-0.924597,0,0.123591,0.470387,0.655356,1
0.344673,0.899659,0.267946,0,0.869214,-0.413661,0.270799,0,0.354472,0.139568,-0.924592,0,0.123527,0.470425,0.655371,1
0.344527,0.899703,0.267985,0,0.869277,-0.413534,0.270791,0,0.35446,0.139661,-0.924583,0,0.12346,0.470463,0.655392,1
0.344382,0.899752,0.268007,0,0.869342,-0.413401,0.270787,0,0.354443,0.139739,-0.924577,0,0.123396,0.470501,0.655406,1
0.344241,0.899796,0.268042,0,0.869401,-0.413277,0.270785,0,0.354434,0.139824,-0.924568,0,0.123332,0.470537,0.655424,1
0.344096,0.899844,0.268067,0,0.869463,-0.413147,0.270786,0,0.354423,0.139901,-0.924561,0,0.123266,0.470573,0.655437,1
0.343959,0.899887,0.268096,0,0.869522,-0.413024,0.270782,0,0.35441,0.139981,-0.924553,0,0.123206,0.470609,0.655453,1
0.343812,0.899935,0.268125,0,0.869585,-0.412893,0.27078,0,0.354398,0.140063,-0.924546,0,0.123142,0.470646,0.655468,1
0.343666,0.899984,0.268148,0,0.86965,-0.41276,0.270775,0,0.354381,0.140141,-0.92454,0,0.123079,0.470684,0.655482,1
0.343525,0.900029,0.268177,0,0.869713,-0.412632,0.270766,0,0.354362,0.140225,-0.924535,0,0.123016,0.470723,0.655497,1
0.343375,0.900076,0.268213,0,0.869778,-0.4125,0.270759,0,0.354349,0.140317,-0.924526,0,0.122951,0.470761,0.655517,1
0.343241,0.900118,0.268241,0,0.869838,-0.41238,0.270749,0,0.35433,0.140397,-0.924521,0,0.12289,0.470796,0.655532,1
0.3431,0.900163,0.268272,0,0.8699,-0.412253,0.270743,0,0.354316,0.14048,-0.924514,0,0.122825,0.470833,0.655548,1
0.342962,0.900207,0.2683,0,0.869961,-0.41213,0.270736,0,0.3543,0.140561,-0.924507,0,0.122763,0.470868,0.655563,1
0.342833,0.900248,0.268327,0,0.870017,-0.412014,0.27073,0,0.354285,0.140636,-0.924502,0,0.122706,0.470902,0.655576,1
0.342701,0.900291,0.268353,0,0.870074,-0.411896,0.270728,0,0.354274,0.140711,-0.924495,0,0.122645,0.470936,0.655591,1
0.342567,0.900332,0.268385,0,0.87013,-0.411778,0.270726,0,0.354265,0.140791,-0.924486,0,0.122589,0.470969,0.655609,1
0.342432,0.900375,0.268412,0,0.870191,-0.411656,0.270718,0,0.354248,0.140869,-0.92448,0,0.122528,0.471005,0.655623,1
0.342294,0.900419,0.268444,0,0.87025,-0.411534,0.270713,0,0.354235,0.140953,-0.924473,0,0.122468,0.471041,0.65564,1
0.342166,0.90046,0.268469,0,0.870306,-0.411418,0.270709,0,0.354223,0.141025,-0.924466,0,0.122411,0.471074,0.655655,1
0.342035,0.900499,0.268506,0,0.87036,-0.411305,0.270706,0,0.354215,0.141109,-0.924457,0,0.122352,0.471108,0.655673,1
0.341912,0.900536,0.268537,0,0.870413,-0.411197,0.270702,0,0.354205,0.141185,-0.924449,0,0.122297,0.471139,0.65569,1
0.341786,0.900576,0.268564,0,0.870466,-0.411085,0.270699,0,0.354195,0.141257,-0.924442,0,0.122241,0.471171,0.655704,1
0.341663,0.900613,0.268594,0,0.870517,-0.410977,0.2707,0,0.354189,0.14133,-0.924433,0,0.122187,0.471203,0.65572,1
0.34154,0.900651,0.268623,0,0.870569,-0.410869,0.270697,0,0.354179,0.141403,-0.924425,0,0.122132,0.471234,0.655735,1
0.341419,0.900691,0.268645,0,0.870623,-0.410759,0.270689,0,0.354163,0.141473,-0.924421,0,0.122079,0.471266,0.655748,1
0.341298,0.900728,0.268673,0,0.870676,-0.410651,0.270685,0,0.354151,0.141546,-0.924414,0,0.122026,0.471297,0.655763,1
0.34117,0.900769,0.268698,0,0.870732,-0.410537,0.270678,0,0.354136,0.141619,-0.924409,0,0.121968,0.47133,0.655776,1
0.341044,0.90081,0.268721,0,0.870787,-0.410422,0.270676,0,0.354123,0.141689,-0.924403,0,0.121911,0.471362,0.65579,1
0.340921,0.900848,0.26875,0,0.870839,-0.410314,0.27067,0,0.354111,0.141763,-0.924396,0,0.121857,0.471393,0.655805,1
0.340802,0.900883,0.268784,0,0.870891,-0.41021,0.270662,0,0.354099,0.141842,-0.924389,0,0.121805,0.471424,0.655823,1
0.340688,0.90092,0.268806,0,0.870942,-0.410106,0.270656,0,0.354085,0.141908,-0.924384,0,0.121753,0.471454,0.655835,1
0.340562,0.900959,0.268832,0,0.870995,-0.409995,0.270654,0,0.354074,0.14198,-0.924377,0,0.121699,0.471484,0.655849,1
0.340451,0.900994,0.268858,0,0.871042,-0.409896,0.270651,0,0.354065,0.142046,-0.924371,0,0.121649,0.471514,0.655862,1
0.340342,0.901027,0.268885,0,0.871088,-0.4098,0.270647,0,0.354056,0.142113,-0.924364,0,0.121599,0.471543,0.655877,1
0.340224,0.901064,0.268908,0,0.871139,-0.409694,0.270644,0,0.354044,0.14218,-0.924358,0,0.121548,0.471573,0.655889,1
0.340111,0.901099,0.268934,0,0.871186,-0.409594,0.270642,0,0.354036,0.142246,-0.924351,0,0.121497,0.471601,0.655902,1
0.339999,0.901135,0.268955,0,0.871235,-0.409494,0.270638,0,0.354024,0.142309,-0.924346,0,0.121444,0.47163,0.655914,1
0.339891,0.901167,0.268985,0,0.871282,-0.409399,0.270632,0,0.354013,0.142379,-0.924339,0,0.121396,0.471658,0.65593,1
0.339769,0.901207,0.269005,0,0.871332,-0.409289,0.270637,0,0.354008,0.142442,-0.924332,0,0.121344,0.471688,0.655941,1
0.339653,0.901243,0.269032,0,0.871379,-0.409187,0.270638,0,0.354002,0.142509,-0.924323,0,0.121292,0.471716,0.655956,1
0.339549,0.901276,0.269053,0,0.871427,-0.409092,0.270627,0,0.353984,0.142572,-0.924321,0,0.121245,0.471744,0.655968,1
0.339436,0.901309,0.269082,0,0.871473,-0.408994,0.270627,0,0.353978,0.14264,-0.924312,0,0.121194,0.471772,0.655983,1
0.33934,0.901339,0.269104,0,0.871516,-0.408908,0.270619,0,0.353965,0.142699,-0.924308,0,0.121152,0.471798,0.655994,1
0.339233,0.901372,0.269128,0,0.871562,-0.408813,0.270614,0,0.353953,0.142763,-0.924303,0,0.121104,0.471825,0.656007,1
0.339131,0.901404,0.269148,0,0.871606,-0.408722,0.270612,0,0.353945,0.142821,-0.924297,0,0.121057,0.471851,0.656017,1
0.339029,0.901435,0.269174,0,0.871648,-0.408632,0.270611,0,0.353938,0.142883,-0.92429,0,0.121013,0.471878,0.656031,1
0.338929,0.901467,0.269192,0,0.871693,-0.408541,0.270604,0,0.353924,0.14294,-0.924287,0,0.120967,0.471904,0.656041,1
0.338826,0.901499,0.269217,0,0.871735,-0.408451,0.270605,0,0.353918,0.143001,-0.92428,0,0.120922,0.471929,0.656055,1
0.33872,0.901533,0.269235,0,0.871782,-0.408355,0.270599,0,0.353904,0.14306,-0.924276,0,0.120875,0.471956,0.656065,1
0.338621,0.901564,0.269256,0,0.871824,-0.408266,0.270595,0,0.353894,0.143118,-0.924271,0,0.120832,0.471982,0.656077,1
0.33852,0.901596,0.269276,0,0.871867,-0.408175,0.270594,0,0.353885,0.143174,-0.924265,0,0.120787,0.472008,0.656087,1
0.338421,0.901627,0.269297,0,0.871909,-0.408088,0.270593,0,0.353878,0.143231,-0.924259,0,0.120744,0.472033,0.656099,1
0.33832,0.901657,0.269322,0,0.871952,-0.407998,0.270589,0,0.353868,0.143293,-0.924254,0,0.120697,0.472058,0.656112,1
0.33822,0.901687,0.269347,0,0.871994,-0.40791,0.270584,0,0.353858,0.143354,-0.924248,0,0.120653,0.472083,0.656125,1
0.338126,0.901717,0.269367,0,0.872035,-0.407825,0.27058,0,0.353848,0.14341,-0.924243,0,0.120611,0.472107,0.656136,1
0.338039,0.901744,0.269384,0,0.872073,-0.407747,0.270575,0,0.353837,0.143461,-0.924239,0,0.120571,0.47213,0.656145,1
0.337946,0.901772,0.269409,0,0.872113,-0.407666,0.27057,0,0.353828,0.143519,-0.924234,0,0.120532,0.472154,0.656157,1
0.337847,0.901804,0.269424,0,0.872156,-0.407575,0.270568,0,0.353817,0.143572,-0.92423,0,0.120485,0.472179,0.656166,1
0.337763,0.90183,0.269444,0,0.872192,-0.407501,0.270565,0,0.353809,0.143623,-0.924225,0,0.120447,0.4722,0.656177,1
0.337662,0.901861,0.269465,0,0.872234,-0.407411,0.270565,0,0.353802,0.14368,-0.924219,0,0.120401,0.472225,0.656188,1
0.337583,0.901885,0.269483,0,0.872268,-0.407341,0.270561,0,0.353793,0.143728,-0.924215,0,0.120367,0.472246,0.656198,1
0.337485,0.901915,0.269506,0,0.872307,-0.407255,0.270563,0,0.35379,0.143784,-0.924207,0,0.120323,0.472269,0.65621,1
0.337397,0.901943,0.269524,0,0.872344,-0.407175,0.270563,0,0.353783,0.143833,-0.924202,0,0.120283,0.472291,0.65622,1
0.337306,0.901972,0.26954,0,0.872383,-0.407094,0.270561,0,0.353773,0.143883,-0.924198,0,0.120244,0.472314,0.656229,1
0.337227,0.901995,0.269564,0,0.872418,-0.407025,0.270552,0,0.353763,0.143937,-0.924194,0,0.120209,0.472335,0.656241,1
0.337139,0.90202,0.269587,0,0.872454,-0.406949,0.270551,0,0.353758,0.143992,-0.924187,0,0.120171,0.472357,0.656253,1
0.337057,0.902046,0.269604,0,0.87249,-0.406874,0.270546,0,0.353747,0.14404,-0.924184,0,0.120132,0.472379,0.656262,1
0.33698,0.902067,0.269629,0,0.872521,-0.406809,0.270544,0,0.353743,0.144092,-0.924177,0,0.120099,0.472398,0.656275,1
0.336897,0.902093,0.269647,0,0.872556,-0.406735,0.270542,0,0.353736,0.14414,-0.924172,0,0.120061,0.472418,0.656285,1
0.336821,0.902114,0.26967,0,0.872587,-0.40667,0.27054,0,0.353731,0.14419,-0.924166,0,0.120026,0.472438,0.656296,1
0.336741,0.902139,0.269687,0,0.872621,-0.406598,0.270541,0,0.353726,0.144235,-0.924161,0,0.119991,0.472458,0.656305,1
0.33666,0.902166,0.2697,0,0.872656,-0.406524,0.270537,0,0.353715,0.144279,-0.924159,0,0.119953,0.472478,0.656313,1
0.336592,0.902185,0.269721,0,0.872684,-0.406466,0.270534,0,0.353711,0.144325,-0.924153,0,0.119922,0.472496,0.656324,1
0.336508,0.902213,0.269732,0,0.872721,-0.406389,0.270532,0,0.3537,0.144368,-0.92415,0,0.119888,0.472517,0.656331,1
0.336432,0.902237,0.269747,0,0.872754,-0.40632,0.270529,0,0.353691,0.144411,-0.924147,0,0.119854,0.472535,0.656339,1
0.33636,0.902258,0.269766,0,0.872784,-0.406256,0.270525,0,0.353685,0.144457,-0.924143,0,0.119822,0.472555,0.656349,1
0.336285,0.902281,0.269783,0,0.872817,-0.40619,0.27052,0,0.353675,0.144502,-0.924139,0,0.119788,0.472573,0.656359,1
0.33621,0.902303,0.269801,0,0.872847,-0.406124,0.270521,0,0.353671,0.144546,-0.924134,0,0.119756,0.472592,0.656368,1
0.336141,0.902324,0.269817,0,0.872878,-0.406062,0.270515,0,0.353662,0.144588,-0.924131,0,0.119723,0.472611,0.656376,1
0.336072,0.902345,0.269834,0,0.872907,-0.406001,0.270512,0,0.353655,0.144631,-0.924127,0,0.119692,0.472629,0.656385,1
0.335998,0.902367,0.269853,0,0.872938,-0.405936,0.270509,0,0.353648,0.144678,-0.924122,0,0.119659,0.472648,0.656395,1
0.335928,0.902389,0.269865,0,0.872968,-0.405873,0.270509,0,0.353642,0.144715,-0.924119,0,0.119629,0.472666,0.656402,1
0.335854,0.902411,0.269883,0,0.872998,-0.405808,0.27051,0,0.353639,0.144758,-0.924113,0,0.119595,0.472683,0.656411,1
0.335782,0.902433,0.269898,0,0.873029,-0.405744,0.270507,0,0.35363,0.1448,-0.92411,0,0.119566,0.472701,0.65642,1
0.335713,0.902454,0.269916,0,0.873057,-0.405683,0.270506,0,0.353626,0.144843,-0.924104,0,0.119532,0.472718,0.656429,1
0.335652,0.902471,0.269933,0,0.873082,-0.40563,0.270503,0,0.353621,0.144881,-0.9241,0,0.119505,0.472734,0.656438,1
0.335581,0.902495,0.269943,0,0.873115,-0.405564,0.270498,0,0.353609,0.14492,-0.924099,0,0.119474,0.472751,0.656444,1
0.335516,0.902515,0.269957,0,0.873141,-0.405506,0.2705,0,0.353606,0.144956,-0.924094,0,0.119443,0.472768,0.65645,1
0.335459,0.902533,0.269966,0,0.873169,-0.405453,0.27049,0,0.353591,0.14499,-0.924095,0,0.119418,0.472784,0.656456,1
0.335393,0.902555,0.269977,0,0.873196,-0.405394,0.27049,0,0.353585,0.145025,-0.924092,0,0.119389,0.4728,0.656462,1
0.335332,0.902573,0.269992,0,0.873222,-0.40534,0.270488,0,0.35358,0.145062,-0.924088,0,0.119361,0.472815,0.656469,1
0.335271,0.902591,0.270005,0,0.873247,-0.405286,0.270488,0,0.353576,0.145098,-0.924084,0,0.119333,0.472831,0.656476,1
0.335207,0.902612,0.270018,0,0.873274,-0.405228,0.270486,0,0.35357,0.145134,-0.92408,0,0.119304,0.472847,0.656483,1
0.335145,0.902632,0.270025,0,0.8733,-0.405172,0.270488,0,0.353564,0.145163,-0.924078,0,0.119277,0.472862,0.656488,1
0.335084,0.902651,0.270038,0,0.873327,-0.405116,0.270484,0,0.353556,0.1452,-0.924075,0,0.11925,0.472877,0.656495,1
0.33503,0.902668,0.27005,0,0.873349,-0.405069,0.270484,0,0.353553,0.14523,-0.924072,0,0.119226,0.47289,0.656501,1
0.334968,0.902689,0.270056,0,0.873376,-0.405011,0.270483,0,0.353544,0.14526,-0.92407,0,0.119199,0.472906,0.656505,1
0.334916,0.902705,0.270066,0,0.8734,-0.404963,0.270477,0,0.353534,0.145291,-0.924069,0,0.119175,0.47292,0.65651,1
0.334867,0.902721,0.270073,0,0.87342,-0.404919,0.270479,0,0.353531,0.145316,-0.924067,0,0.119151,0.472932,0.656515,1
0.334819,0.902736,0.270083,0,0.873441,-0.404876,0.270477,0,0.353527,0.145343,-0.924064,0,0.11913,0.472945,0.656519,1
0.334759,0.902756,0.27009,0,0.873467,-0.40482,0.270476,0,0.353519,0.145374,-0.924062,0,0.119104,0.472959,0.656524,1
0.334709,0.902771,0.270103,0,0.873489,-0.404776,0.270472,0,0.353512,0.145405,-0.92406,0,0.119079,0.472973,0.656529,1
0.334658,0.902786,0.270115,0,0.873511,-0.40473,0.270468,0,0.353506,0.145437,-0.924057,0,0.119056,0.472986,0.656536,1
0.334605,0.902804,0.270121,0,0.873535,-0.404681,0.270464,0,0.353496,0.145465,-0.924057,0,0.119034,0.472999,0.65654,1
0.334563,0.902817,0.27013,0,0.873551,-0.404644,0.270467,0,0.353495,0.145487,-0.924053,0,0.119013,0.47301,0.656545,1
0.334514,0.902832,0.270138,0,0.873574,-0.404599,0.270462,0,0.353486,0.145515,-0.924052,0,0.118991,0.473022,0.656549,1
0.334466,0.902848,0.270147,0,0.873592,-0.404556,0.270467,0,0.353487,0.145539,-0.924048,0,0.118971,0.473033,0.656554,1
0.334419,0.902862,0.270158,0,0.873612,-0.404514,0.270465,0,0.353482,0.145567,-0.924046,0,0.11895,0.473045,0.65656,1
0.334376,0.902874,0.270169,0,0.873629,-0.404477,0.270465,0,0.35348,0.145593,-0.924043,0,0.118932,0.473055,0.656566,1
0.33433,0.90289,0.270174,0,0.873649,-0.404434,0.270465,0,0.353475,0.145615,-0.924041,0,0.118911,0.473067,0.656569,1
0.334293,0.902901,0.270185,0,0.873665,-0.404401,0.270461,0,0.353469,0.145641,-0.924039,0,0.118893,0.473077,0.656574,1
0.334249,0.902915,0.270189,0,0.873685,-0.404361,0.270459,0,0.353462,0.145662,-0.924039,0,0.118873,0.473089,0.656576,1
0.334208,0.902926,0.270203,0,0.873701,-0.404326,0.270458,0,0.353461,0.14569,-0.924035,0,0.118854,0.473099,0.656584,1
0.334176,0.902937,0.270207,0,0.873716,-0.404296,0.270455,0,0.353454,0.145708,-0.924034,0,0.118839,0.473108,0.656586,1
0.33413,0.902953,0.27021,0,0.873736,-0.404253,0.270455,0,0.353448,0.145727,-0.924034,0,0.118819,0.473119,0.656587,1
0.334093,0.902964,0.270218,0,0.873752,-0.40422,0.270452,0,0.353443,0.14575,-0.924032,0,0.118802,0.473128,0.656592,1
0.334058,0.902976,0.270222,0,0.873768,-0.404186,0.270451,0,0.353438,0.145768,-0.924031,0,0.118786,0.473138,0.656595,1
0.33402,0.902989,0.270228,0,0.873785,-0.404151,0.270448,0,0.353431,0.145789,-0.92403,0,0.118769,0.473147,0.656597,1
0.333987,0.903,0.270232,0,0.873799,-0.404121,0.270447,0,0.353427,0.145806,-0.924029,0,0.118757,0.473156,0.656601,1
0.333947,0.903013,0.270238,0,0.873816,-0.404085,0.270448,0,0.353424,0.145825,-0.924027,0,0.118739,0.473166,0.656603,1
0.333914,0.903022,0.270247,0,0.873829,-0.404056,0.270449,0,0.353423,0.145846,-0.924024,0,0.118724,0.473174,0.656608,1
0.333884,0.903031,0.270253,0,0.873842,-0.404029,0.270447,0,0.353419,0.145863,-0.924023,0,0.118711,0.473182,0.65661,1
0.333848,0.903046,0.27025,0,0.873859,-0.403993,0.270445,0,0.35341,0.145876,-0.924025,0,0.118693,0.473192,0.656609,1
0.333815,0.903057,0.270253,0,0.873875,-0.403962,0.270442,0,0.353403,0.145893,-0.924025,0,0.118678,0.473201,0.656611,1
0.333783,0.903067,0.270257,0,0.873889,-0.403932,0.27044,0,0.353398,0.145909,-0.924024,0,0.118663,0.473209,0.656614,1
0.333753,0.903078,0.270258,0,0.873903,-0.403903,0.270438,0,0.353391,0.145923,-0.924024,0,0.118651,0.473216,0.656615,1
0.333725,0.903086,0.270267,0,0.873915,-0.403879,0.270435,0,0.353388,0.145942,-0.924023,0,0.118638,0.473223,0.656619,1
0.333696,0.903098,0.270262,0,0.873931,-0.403848,0.270428,0,0.353375,0.145953,-0.924026,0,0.118626,0.473231,0.656618,1
0.333668,0.903107,0.270266,0,0.873944,-0.403822,0.270426,0,0.353369,0.145968,-0.924026,0,0.118613,0.473239,0.65662,1
0.333642,0.903114,0.270274,0,0.873956,-0.403799,0.270423,0,0.353366,0.145986,-0.924024,0,0.118602,0.473245,0.656624,1
0.333615,0.903126,0.27027,0,0.873969,-0.403771,0.270421,0,0.353358,0.145994,-0.924026,0,0.11859,0.473253,0.656622,1
0.333586,0.903136,0.270271,0,0.873981,-0.403743,0.270423,0,0.353355,0.146005,-0.924025,0,0.118576,0.47326,0.656622,1
0.333567,0.903141,0.270278,0,0.87399,-0.403728,0.27042,0,0.353353,0.146019,-0.924024,0,0.118568,0.473265,0.656626,1
0.333545,0.903151,0.27027,0,0.874002,-0.403703,0.270416,0,0.353342,0.146024,-0.924027,0,0.118559,0.473272,0.656623,1
0.33352,0.90316,0.270273,0,0.874013,-0.403679,0.270417,0,0.35334,0.146035,-0.924026,0,0.118548,0.473278,0.656624,1
0.333499,0.903167,0.270274,0,0.874024,-0.403658,0.270411,0,0.353331,0.146047,-0.924028,0,0.118539,0.473284,0.656626,1
0.333482,0.903174,0.270273,0,0.874035,-0.403641,0.270404,0,0.353322,0.146056,-0.92403,0,0.11853,0.47329,0.656624,1
0.333457,0.903182,0.270277,0,0.874044,-0.403619,0.270406,0,0.353321,0.146068,-0.924028,0,0.118521,0.473294,0.656627,1
0.333428,0.903193,0.270276,0,0.874058,-0.40359,0.270404,0,0.353314,0.146079,-0.924029,0,0.118509,0.473301,0.656627,1
0.333418,0.903198,0.270271,0,0.874065,-0.403578,0.270399,0,0.353306,0.146082,-0.924032,0,0.118505,0.473305,0.656625,1
0.333399,0.903205,0.270272,0,0.874075,-0.403559,0.270396,0,0.353301,0.146091,-0.924032,0,0.118498,0.47331,0.656627,1
0.333375,0.903213,0.270274,0,0.874086,-0.403536,0.270395,0,0.353296,0.146102,-0.924032,0,0.118487,0.473316,0.656628,1
0.333365,0.903215,0.27028,0,0.874091,-0.403528,0.27039,0,0.353292,0.146113,-0.924032,0,0.118482,0.47332,0.65663,1
0.33335,0.903222,0.270276,0,0.8741,-0.403511,0.270387,0,0.353285,0.146118,-0.924034,0,0.118476,0.473325,0.656629,1
0.333327,0.903231,0.270274,0,0.87411,-0.403489,0.270386,0,0.35328,0.146125,-0.924035,0,0.118466,0.47333,0.656628,1
0.333314,0.903235,0.270277,0,0.874117,-0.403476,0.270382,0,0.353276,0.146134,-0.924035,0,0.11846,0.473334,0.656629,1
0.33331,0.903238,0.27027,0,0.874121,-0.40347,0.270379,0,0.35327,0.146132,-0.924038,0,0.118459,0.473336,0.656626,1
0.333289,0.903247,0.270269,0,0.874132,-0.403448,0.270378,0,0.353264,0.146139,-0.924039,0,0.118451,0.473342,0.656626,1
0.333279,0.903249,0.27027,0,0.874136,-0.403439,0.270376,0,0.353261,0.146145,-0.924039,0,0.118446,0.473345,0.656627,1
0.333262,0.903256,0.270269,0,0.874146,-0.403421,0.270371,0,0.353253,0.146153,-0.924041,0,0.118439,0.47335,0.656627,1
0.333255,0.90326,0.270266,0,0.874151,-0.403413,0.270367,0,0.353248,0.146155,-0.924043,0,0.118438,0.473352,0.656626,1