0.000367021,-0.785007,0.00015315,-2.35639,-0.000174744,1.57109,0.785313
0.000362944,-0.785006,0.000157484,-2.35638,-0.000175115,1.57109,0.785318
0.000363812,-0.785003,0.000153364,-2.35637,-0.000175036,1.57109,0.785318
0.000361414,-0.784999,0.000154218,-2.35637,-0.00017501,1.57109,0.785318
0.000358944,-0.784998,0.000151815,-2.35636,-0.000173068,1.57109,0.78532
0.000358218,-0.785001,0.000156764,-2.35636,-0.000173675,1.57109,0.785321
0.000357879,-0.784998,0.000159338,-2.35635,-0.000173064,1.57109,0.785321
0.000359993,-0.784997,0.000153417,-2.35635,-0.000174386,1.57109,0.785322
0.000355312,-0.784997,0.000158856,-2.35634,-0.000174386,1.57109,0.785317
0.000354582,-0.785001,0.000158801,-2.35634,-0.000175607,1.57109,0.785316
0.000354517,-0.784997,0.000162395,-2.35633,-0.000173123,1.57109,0.785318
0.000352639,-0.785002,0.00016952,-2.35633,-0.000171346,1.57109,0.785318
0.000350061,-0.785002,0.000176895,-2.35632,-0.00017038,1.57109,0.785315
0.000349015,-0.785002,0.000179434,-2.35631,-0.000170262,1.57109,0.785318
0.000351447,-0.785004,0.000190662,-2.35631,-0.000170833,1.57108,0.785318
0.000350127,-0.785004,0.00019449,-2.3563,-0.000171532,1.57108,0.785322
0.000349687,-0.785008,0.000205313,-2.35629,-0.000174172,1.57108,0.785321
0.00034787,-0.785007,0.000212714,-2.35628,-0.000175493,1.57108,0.785322
0.000349492,-0.785004,0.000220551,-2.35627,-0.000176103,1.57108,0.785322
0.000348265,-0.785008,0.000232243,-2.35627,-0.000176713,1.57108,0.785322
0.00034897,-0.78501,0.000238731,-2.35626,-0.000177425,1.57108,0.785321
0.000351335,-0.785004,0.000244222,-2.35625,-0.000176713,1.57108,0.78532
0.000352124,-0.785006,0.000253833,-2.35624,-0.000177425,1.57108,0.785321
0.000350898,-0.785004,0.000260458,-2.35622,-0.000175492,1.57108,0.785317
0.000351877,-0.784998,0.000268594,-2.35621,-0.00017478,1.57108,0.785317
0.000354984,-0.784992,0.000276584,-2.3562,-0.00017417,1.57108,0.78532
0.00035815,-0.784991,0.000284247,-2.35619,-0.000172847,1.57108,0.785317
0.000361336,-0.784986,0.000292172,-2.35617,-0.000171525,1.57108,0.785318
0.000364528,-0.784983,0.000307693,-2.35616,-0.000170813,1.57108,0.785322
0.000369853,-0.784977,0.000315543,-2.35615,-0.000171525,1.57108,0.785322
0.00037589,-0.784971,0.000327985,-2.35613,-0.000170813,1.57108,0.785321
0.000380492,-0.784964,0.000336296,-2.35612,-0.000169652,1.57108,0.785325
0.000384896,-0.784955,0.000347686,-2.3561,-0.000173105,1.57108,0.785323
0.000393223,-0.784942,0.000355828,-2.35608,-0.000176358,1.57108,0.785323
0.000401741,-0.784936,0.0003666,-2.35607,-0.000175984,1.57108,0.78532
0.000409023,-0.784925,0.00037927,-2.35605,-0.000177386,1.57108,0.78532
0.00041469,-0.78491,0.000388396,-2.35603,-0.00017609,1.57108,0.785318
0.000421857,-0.784901,0.000397547,-2.35601,-0.000176709,1.57108,0.785317
0.000430735,-0.78489,0.000413946,-2.356,-0.000174779,1.57108,0.785321
0.000437858,-0.784879,0.000423568,-2.35597,-0.000172847,1.57108,0.78532
0.000443562,-0.78487,0.000435112,-2.35596,-0.000172847,1.57108,0.78532
0.00045093,-0.784859,0.000446922,-2.35594,-0.000172135,1.57108,0.78532
0.000461909,-0.784847,0.000462624,-2.35591,-0.000172847,1.57108,0.785322
0.000470011,-0.784836,0.000469142,-2.35589,-0.000171525,1.57108,0.785322
0.000476412,-0.784826,0.000488181,-2.35587,-0.000170813,1.57108,0.785322
0.000484102,-0.78481,0.000502953,-2.35585,-0.000168329,1.57108,0.785324
0.000498996,-0.784798,0.000519086,-2.35583,-0.00017046,1.57108,0.785324
0.00050376,-0.784784,0.000537247,-2.3558,-0.000169297,1.57108,0.785326
0.000517679,-0.784774,0.000559703,-2.35578,-0.000175529,1.57108,0.785322
0.000527503,-0.78476,0.000578947,-2.35575,-0.000176318,1.57108,0.785322
0.000535221,-0.784751,0.000598795,-2.35573,-0.000177294,1.57108,0.78532
0.000543164,-0.784739,0.000618654,-2.3557,-0.000178704,1.57108,0.78532
0.000550812,-0.784725,0.000640744,-2.35568,-0.000178021,1.57108,0.78532
0.000562351,-0.784709,0.000664691,-2.35565,-0.000176708,1.57108,0.785322
0.00057407,-0.784689,0.000681741,-2.35563,-0.000177423,1.57108,0.785319
0.000580748,-0.784676,0.000709851,-2.35559,-0.000177425,1.57108,0.785319
0.000592703,-0.784661,0.000727639,-2.35557,-0.000177425,1.57108,0.785327
0.000601409,-0.784649,0.000756176,-2.35555,-0.000176103,1.57108,0.785326
0.000616731,-0.784627,0.000776887,-2.35551,-0.00017478,1.57108,0.785325
0.000627116,-0.784611,0.000806217,-2.35549,-0.000172847,1.57108,0.785323
0.000635299,-0.784596,0.000832013,-2.35546,-0.00017417,1.57108,0.785327
0.000648776,-0.784572,0.000862385,-2.35543,-0.000175492,1.57108,0.785323
0.000661234,-0.784555,0.000886955,-2.3554,-0.00017478,1.57108,0.785325
0.000670107,-0.784538,0.000919048,-2.35537,-0.000176103,1.57108,0.785327
0.000683815,-0.784521,0.000948271,-2.35534,-0.00017478,1.57107,0.785321
0.000693008,-0.784504,0.000983119,-2.3553,-0.000175492,1.57107,0.785321
0.000707379,-0.784485,0.00101502,-2.35527,-0.000176103,1.57108,0.78532
0.000714384,-0.784462,0.0010452,-2.35524,-0.000177425,1.57108,0.78532
0.000728397,-0.784443,0.00108147,-2.3552,-0.000176713,1.57108,0.785323
0.00074094,-0.784422,0.00111644,-2.35517,-0.000176103,1.57107,0.785326
0.000753644,-0.784404,0.00115367,-2.35513,-0.000176103,1.57107,0.785324
0.000764912,-0.78438,0.00118784,-2.3551,-0.000176103,1.57107,0.785324
0.000782197,-0.784357,0.00122536,-2.35506,-0.000176103,1.57107,0.785323
0.000794435,-0.78434,0.00126297,-2.35502,-0.000172907,1.57107,0.785323
0.000808703,-0.784315,0.00129884,-2.35498,-0.000174427,1.57107,0.785324
0.000826158,-0.784296,0.00134073,-2.35494,-0.000173103,1.57107,0.785323
0.000837803,-0.784272,0.00138016,-2.35489,-0.000175984,1.57107,0.78532
0.000855674,-0.78425,0.00142155,-2.35486,-0.000176674,1.57108,0.78532
0.000872284,-0.784232,0.00146472,-2.35481,-0.000177412,1.57107,0.785325
0.000888473,-0.784208,0.00150458,-2.35478,-0.000176709,1.57107,0.785324
0.000908141,-0.784189,0.00154779,-2.35473,-0.000177424,1.57108,0.785321
0.000924325,-0.784162,0.00159508,-2.35469,-0.000176713,1.57108,0.785324
0.000939352,-0.784145,0.00163947,-2.35465,-0.000177425,1.57107,0.785325
0.000961502,-0.784119,0.00168409,-2.35461,-0.000178035,1.57107,0.785324
0.000979441,-0.784098,0.00172684,-2.35456,-0.000178748,1.57108,0.785324
0.00100043,-0.784075,0.00177519,-2.35452,-0.000178035,1.57107,0.785327
0.00101965,-0.784053,0.00182206,-2.35447,-0.000178748,1.57107,0.785324
0.0010393,-0.784026,0.00186389,-2.35443,-0.000177425,1.57107,0.785325
0.00105966,-0.784006,0.00191313,-2.35438,-0.000176713,1.57107,0.785327
0.00108191,-0.783983,0.00196363,-2.35433,-0.000177425,1.57107,0.785326
0.00110229,-0.783954,0.00201455,-2.35429,-0.000172907,1.57107,0.785323
0.00112465,-0.783931,0.00206394,-2.35423,-0.000175648,1.57107,0.785321
0.0011511,-0.7839,0.00211672,-2.35418,-0.000175137,1.57107,0.785323
0.00117223,-0.783876,0.00216785,-2.35413,-0.000175984,1.57107,0.785323
0.00120058,-0.783848,0.00222473,-2.35408,-0.000176063,1.57107,0.785318
0.00122374,-0.783826,0.00227703,-2.35402,-0.000174767,1.57107,0.785325
0.00125018,-0.783804,0.00233291,-2.35397,-0.000176098,1.57107,0.785324
0.00127426,-0.783776,0.00239295,-2.35392,-0.000176101,1.57107,0.785326
0.00130574,-0.783748,0.00244797,-2.35386,-0.000176713,1.57107,0.785326
0.00133319,-0.783721,0.00250448,-2.35381,-0.000176713,1.57107,0.785327
0.00135928,-0.783694,0.00255527,-2.35375,-0.000177425,1.57107,0.785327
0.00138938,-0.783667,0.00261342,-2.3537,-0.000176103,1.57107,0.785327
0.00141803,-0.783635,0.00266893,-2.35364,-0.000177425,1.57107,0.785327
0.00144889,-0.783613,0.00272634,-2.35358,-0.000176103,1.57107,0.785323
0.00147835,-0.783589,0.00278596,-2.35351,-0.000170974,1.57107,0.785322
0.00150947,-0.783553,0.00284436,-2.35345,-0.00017107,1.57107,0.785323
0.00153948,-0.783529,0.00290709,-2.35339,-0.000172492,1.57106,0.785324
0.00157089,-0.783499,0.00297043,-2.35333,-0.000168821,1.57107,0.785324
0.00160211,-0.783468,0.00303712,-2.35326,-0.000171743,1.57107,0.785326
0.00163957,-0.783437,0.00310288,-2.35319,-0.000169283,1.57107,0.785326
0.00166835,-0.783404,0.00316863,-2.35313,-0.000172982,1.57107,0.785326
0.00170315,-0.783371,0.00323612,-2.35307,-0.000173121,1.57107,0.785325
0.00173327,-0.78334,0.00329863,-2.353,-0.00017755,1.57107,0.785327
0.00177092,-0.78331,0.00336634,-2.35294,-0.000177026,1.57106,0.785329
0.00180162,-0.783282,0.00342883,-2.35287,-0.000178615,1.57107,0.785327
0.00183594,-0.783247,0.00349181,-2.3528,-0.000179314,1.57107,0.785327
0.00186869,-0.78322,0.0035619,-2.35273,-0.000178021,1.57107,0.785327
0.00190183,-0.783188,0.0036261,-2.35266,-0.000174775,1.57107,0.785324
0.00193742,-0.783157,0.00369187,-2.35259,-0.000174168,1.57106,0.785327
0.0019744,-0.783124,0.00376187,-2.35252,-0.000172847,1.57106,0.785324
0.00200598,-0.783096,0.00383208,-2.35245,-0.000168329,1.57106,0.785325
0.00203948,-0.78306,0.00390448,-2.35238,-0.000166552,1.57106,0.785321
0.00207269,-0.783031,0.00397929,-2.3523,-0.000170105,1.57106,0.785326
0.00211341,-0.782994,0.00404841,-2.35224,-0.000172374,1.57106,0.785324
0.00214875,-0.782958,0.00412407,-2.35216,-0.000171427,1.57106,0.785328
0.00218461,-0.782925,0.00419663,-2.35209,-0.000174985,1.57107,0.785327
0.00222529,-0.782889,0.004265,-2.35202,-0.000177663,1.57107,0.785327
0.00226099,-0.78285,0.00434087,-2.35194,-0.000179234,1.57106,0.785329
0.00229521,-0.782816,0.00441089,-2.35187,-0.000177994,1.57106,0.785327
0.00233654,-0.782782,0.00448444,-2.35178,-0.000173503,1.57106,0.785324
0.00237486,-0.782745,0.00456176,-2.35171,-0.0001731,1.57106,0.785324
0.00241098,-0.782705,0.00463644,-2.35162,-0.000170456,1.57106,0.785326
0.00244747,-0.782667,0.0047209,-2.35155,-0.000166278,1.57106,0.785323
0.00248381,-0.782632,0.00479369,-2.35146,-0.00016458,1.57106,0.785323
0.00252408,-0.78259,0.0048804,-2.35139,-0.00016364,1.57106,0.785324
0.00256048,-0.782554,0.00495886,-2.35131,-0.000164853,1.57106,0.785323
0.00260411,-0.782515,0.00503661,-2.35123,-0.00016736,1.57106,0.785326
0.00263912,-0.782473,0.00511152,-2.35115,-0.00016867,1.57106,0.785329
0.0026796,-0.782427,0.00518929,-2.35107,-0.000175829,1.57106,0.785328
0.00271309,-0.782393,0.00527284,-2.35098,-0.000173697,1.57106,0.785327
0.00275789,-0.78235,0.00535719,-2.3509,-0.000172987,1.57106,0.785329
0.00279792,-0.782312,0.00543848,-2.35081,-0.000172038,1.57106,0.785329
0.00283961,-0.782272,0.00552411,-2.35072,-0.000171959,1.57106,0.785329
0.0028812,-0.782228,0.00561287,-2.35063,-0.00017,1.57106,0.785327
0.00292109,-0.782186,0.00569785,-2.35055,-0.000171313,1.57106,0.785325
0.00295903,-0.782145,0.00578537,-2.35046,-0.000171921,1.57106,0.785324
0.00300252,-0.782103,0.00586892,-2.35038,-0.000170699,1.57106,0.785323
0.00304574,-0.78206,0.0059542,-2.35028,-0.000171309,1.57106,0.785324
0.00308895,-0.782014,0.00603691,-2.35019,-0.000171309,1.57106,0.785324
0.00312883,-0.781973,0.00612636,-2.3501,-0.000171309,1.57106,0.785329
0.00317418,-0.781934,0.0062136,-2.35,-0.000170699,1.57106,0.785326
0.00321476,-0.781886,0.00630836,-2.3499,-0.000169987,1.57106,0.785327
0.00326034,-0.781841,0.00640108,-2.34981,-0.000169376,1.57106,0.785328
0.00330314,-0.781796,0.006496,-2.34972,-0.000168054,1.57106,0.785329
0.00334733,-0.781749,0.00659231,-2.34962,-0.000169376,1.57106,0.785329
0.00339133,-0.781699,0.00667859,-2.34953,-0.000169987,1.57106,0.785326
0.00343582,-0.781646,0.00677201,-2.34943,-0.000169376,1.57106,0.785324
0.00347714,-0.781601,0.00686271,-2.34933,-0.000169376,1.57106,0.785324
0.00352519,-0.781551,0.00695909,-2.34923,-0.000168664,1.57106,0.785324
0.00356464,-0.781502,0.00704715,-2.34913,-0.000168054,1.57106,0.785324
0.00361196,-0.78145,0.00714812,-2.34903,-0.000168664,1.57106,0.785326
0.00366388,-0.781405,0.00724921,-2.34893,-0.000167342,1.57106,0.785327
0.00370785,-0.781359,0.00734831,-2.34883,-0.000166731,1.57106,0.785327
0.0037592,-0.781312,0.00744312,-2.34873,-0.000168054,1.57106,0.785327
0.00380549,-0.781259,0.00753819,-2.34863,-0.000168054,1.57106,0.785329
0.00385668,-0.781207,0.00763174,-2.34852,-0.000170699,1.57106,0.785327
0.00390365,-0.781164,0.00773167,-2.34842,-0.000169987,1.57106,0.785328
0.0039561,-0.781112,0.00782833,-2.34831,-0.000169376,1.57106,0.785328
0.00400646,-0.781065,0.00793188,-2.34821,-0.000169987,1.57106,0.785327
0.00405734,-0.781014,0.00803773,-2.34811,-0.000167342,1.57106,0.785322
0.00410309,-0.780962,0.00814258,-2.348,-0.000168664,1.57106,0.785324
0.00415374,-0.780908,0.00824655,-2.3479,-0.000168054,1.57106,0.785324
0.0042061,-0.780853,0.00834242,-2.3478,-0.000168664,1.57106,0.785323
0.00425866,-0.780801,0.00844543,-2.34769,-0.000169376,1.57106,0.785326
0.00431139,-0.780748,0.00855147,-2.34758,-0.000169987,1.57106,0.785325
0.00436082,-0.780694,0.00865286,-2.34748,-0.000170699,1.57106,0.785327
0.00441621,-0.780642,0.00876029,-2.34737,-0.000170699,1.57106,0.785326
0.00446709,-0.780587,0.0088666,-2.34727,-0.000169987,1.57106,0.785328
0.00451887,-0.780538,0.00897707,-2.34717,-0.000169987,1.57107,0.785329
0.00457151,-0.78048,0.00908142,-2.34706,-0.000170699,1.57106,0.785327
0.00462436,-0.780431,0.00918818,-2.34695,-0.000168664,1.57106,0.785327
0.00468181,-0.780375,0.00929565,-2.34684,-0.000168054,1.57106,0.785325
0.00473597,-0.780323,0.00940011,-2.34672,-0.000168054,1.57106,0.785327
0.00479025,-0.780271,0.00950597,-2.34661,-0.000168054,1.57106,0.785324
0.00484864,-0.780216,0.00961861,-2.3465,-0.000168664,1.57106,0.785324
0.00490534,-0.780161,0.00973267,-2.3464,-0.000166731,1.57106,0.785324
0.0049599,-0.780108,0.00984628,-2.34629,-0.000168054,1.57106,0.785321
0.00501477,-0.780043,0.00995391,-2.34619,-0.000167342,1.57106,0.785327
0.0050715,-0.779988,0.0100622,-2.34608,-0.000167342,1.57107,0.785329
0.00512441,-0.77993,0.010175,-2.34596,-0.000168664,1.57106,0.785327
0.00518262,-0.779873,0.0102872,-2.34585,-0.000166731,1.57106,0.785327
0.00523452,-0.779813,0.0103977,-2.34574,-0.000166019,1.57106,0.785327
0.00529407,-0.779753,0.0105207,-2.34563,-0.000166019,1.57106,0.785327
0.00535014,-0.779701,0.0106357,-2.34552,-0.000166731,1.57106,0.785323
0.00540931,-0.779645,0.0107487,-2.34541,-0.000168054,1.57106,0.785326
0.00546905,-0.779592,0.0108631,-2.34529,-0.000169987,1.57106,0.785329
0.00552509,-0.779533,0.0109768,-2.34517,-0.000170699,1.57106,0.785323
0.00558842,-0.779478,0.0110935,-2.34505,-0.000171309,1.57106,0.785321
0.00564473,-0.779419,0.0112095,-2.34494,-0.000173242,1.57106,0.785324
0.00570992,-0.779358,0.0113319,-2.34482,-0.000171919,1.57106,0.785325
0.00576656,-0.779297,0.0114536,-2.34471,-0.000170699,1.57107,0.785323
0.00582435,-0.779236,0.0115745,-2.34459,-0.000169987,1.57107,0.785327
0.00588409,-0.779177,0.0116903,-2.34447,-0.000169376,1.57107,0.785328
0.00594236,-0.779115,0.0118041,-2.34435,-0.000168664,1.57106,0.785326
0.00600077,-0.779056,0.011928,-2.34423,-0.000166731,1.57106,0.785327
0.00606193,-0.778991,0.0120465,-2.34411,-0.000165409,1.57106,0.785329
0.00612492,-0.778932,0.0121788,-2.34399,-0.000165409,1.57106,0.785329
0.00618491,-0.77887,0.0123007,-2.34387,-0.000166019,1.57106,0.785327
0.0062466,-0.778811,0.0124265,-2.34375,-0.000167342,1.57106,0.785328
0.00631533,-0.778746,0.0125466,-2.34362,-0.000168054,1.57106,0.785326
0.00637751,-0.778689,0.0126661,-2.34349,-0.000169376,1.57106,0.785325
0.00644373,-0.778623,0.0127991,-2.34337,-0.000171309,1.57106,0.785324
0.0065098,-0.778559,0.0129248,-2.34324,-0.000171309,1.57106,0.785329
0.00657017,-0.778494,0.0130567,-2.34312,-0.000169987,1.57106,0.785328
0.00663894,-0.778428,0.0131847,-2.34299,-0.000171309,1.57106,0.785325
0.00669668,-0.778362,0.0133066,-2.34286,-0.000169376,1.57106,0.785328
0.00676178,-0.778296,0.0134311,-2.34273,-0.000168664,1.57106,0.785329
0.00682414,-0.77823,0.0135626,-2.3426,-0.000168054,1.57106,0.785327
0.00689014,-0.778159,0.0136933,-2.34247,-0.000166019,1.57106,0.785328
0.00695623,-0.778094,0.0138274,-2.34234,-0.000166019,1.57106,0.785328
0.00701938,-0.778032,0.0139596,-2.34221,-0.000164799,1.57106,0.785324
0.00708592,-0.777966,0.0140883,-2.34208,-0.000165409,1.57106,0.785322
0.00715441,-0.777901,0.0142205,-2.34194,-0.000166731,1.57106,0.785328
0.00722199,-0.777832,0.0143525,-2.3418,-0.000168664,1.57106,0.785322
0.00728925,-0.777766,0.0144836,-2.34167,-0.000170699,1.57106,0.785325
0.00736003,-0.777693,0.0146234,-2.34153,-0.000169987,1.57106,0.785327
0.00742503,-0.777623,0.014764,-2.3414,-0.000171919,1.57106,0.785331
0.00749144,-0.777558,0.0148891,-2.34126,-0.000171309,1.57106,0.785332
0.00755999,-0.777481,0.0150258,-2.34112,-0.000170699,1.57106,0.785329
0.00762155,-0.777416,0.0151612,-2.34098,-0.000169376,1.57106,0.785327
0.00768598,-0.777345,0.0153023,-2.34084,-0.000168664,1.57106,0.785331
0.00775497,-0.777277,0.0154415,-2.3407,-0.000166731,1.57106,0.785328
0.00782679,-0.777207,0.0155865,-2.34056,-0.000165409,1.57106,0.785329
0.00789695,-0.777138,0.0157215,-2.34042,-0.000164799,1.57106,0.785324
0.00796675,-0.777066,0.0158565,-2.34028,-0.000165409,1.57106,0.785323
0.00804226,-0.776994,0.0159969,-2.34013,-0.000162213,1.57106,0.785328
0.00811208,-0.776921,0.0161369,-2.33999,-0.000163733,1.57106,0.785329
0.00818278,-0.776847,0.0162852,-2.33986,-0.000166376,1.57106,0.785333
0.00825322,-0.776775,0.0164233,-2.33971,-0.000167223,1.57106,0.78533
0.00832144,-0.776699,0.0165637,-2.33957,-0.000168625,1.57106,0.785329
0.00839105,-0.776626,0.0167078,-2.33943,-0.000168041,1.57106,0.785327
0.00846326,-0.776551,0.0168501,-2.33929,-0.000166727,1.57106,0.785326
0.00853253,-0.776477,0.0169992,-2.33915,-0.000165407,1.57106,0.785328
0.00860156,-0.7764,0.0171495,-2.33901,-0.000166019,1.57106,0.785328
0.00867478,-0.776331,0.0172973,-2.33886,-0.000162823,1.57106,0.785325
0.00875198,-0.776256,0.0174417,-2.33871,-0.000164954,1.57106,0.785325
0.00882812,-0.776189,0.0175842,-2.33856,-0.000166987,1.57106,0.785324
0.00890398,-0.776109,0.0177314,-2.33842,-0.000167935,1.57106,0.785326
0.00898206,-0.776037,0.0178864,-2.33828,-0.000167302,1.57106,0.785327
0.00905274,-0.775959,0.0180344,-2.33813,-0.000168651,1.57106,0.785328
0.00912586,-0.775882,0.0181818,-2.33799,-0.000169372,1.57106,0.785327
0.0092009,-0.775806,0.0183304,-2.33784,-0.000169985,1.57106,0.785327
0.00927436,-0.775734,0.0184774,-2.33769,-0.000168053,1.57106,0.785329
0.00934636,-0.775658,0.0186319,-2.33754,-0.000167342,1.57106,0.785327
0.00942632,-0.775577,0.0187956,-2.3374,-0.000164799,1.57106,0.785328
0.00950123,-0.775505,0.0189464,-2.33725,-0.000166019,1.57106,0.785327
0.00957956,-0.775435,0.0190995,-2.33709,-0.000166019,1.57105,0.785323
0.00966366,-0.775357,0.0192497,-2.33693,-0.000167342,1.57105,0.785324
0.0097394,-0.775278,0.0194105,-2.33678,-0.000165409,1.57105,0.785324
0.00982208,-0.775198,0.0195658,-2.33664,-0.000164858,1.57105,0.785324
0.00989549,-0.775118,0.0197288,-2.33649,-0.000168311,1.57105,0.78533
0.00997369,-0.775036,0.0198794,-2.33634,-0.000169631,1.57106,0.785332
0.0100519,-0.774961,0.0200368,-2.33618,-0.000169258,1.57105,0.785328
0.0101307,-0.774877,0.0201922,-2.33602,-0.000168014,1.57105,0.78533
0.0102085,-0.774803,0.0203596,-2.33587,-0.000167329,1.57105,0.785329
0.0102883,-0.774722,0.0205248,-2.33572,-0.000164794,1.57105,0.785332
0.0103662,-0.774639,0.0206853,-2.33556,-0.000165407,1.57105,0.785328
0.0104535,-0.774562,0.0208409,-2.3354,-0.000164086,1.57105,0.785329
0.0105346,-0.774489,0.0210037,-2.33524,-0.000163476,1.57105,0.785323
0.0106176,-0.774409,0.0211644,-2.33508,-0.000163476,1.57105,0.785325
0.0106947,-0.774325,0.021331,-2.33492,-0.000162154,1.57105,0.785324
0.0107775,-0.774244,0.0214908,-2.33476,-0.000164799,1.57105,0.785328
0.0108629,-0.774165,0.0216511,-2.3346,-0.000168054,1.57105,0.785328
0.0109391,-0.774081,0.0218139,-2.33444,-0.000168664,1.57105,0.785331
0.0110175,-0.773996,0.0219859,-2.33428,-0.000166019,1.57105,0.785329
0.0110966,-0.773914,0.022153,-2.33412,-0.000165409,1.57105,0.785328
0.0111796,-0.773832,0.022318,-2.33396,-0.000166731,1.57105,0.785332
0.0112663,-0.773753,0.0224831,-2.33379,-0.000166019,1.57105,0.785332
0.0113477,-0.773673,0.0226463,-2.33362,-0.000162764,1.57105,0.78533
0.0114324,-0.773591,0.022821,-2.33345,-0.000163476,1.57105,0.785329
0.0115098,-0.773506,0.0229874,-2.33329,-0.000164086,1.57105,0.785326
0.01159,-0.773416,0.0231563,-2.33313,-0.000167342,1.57105,0.785324
0.0116758,-0.773336,0.0233191,-2.33295,-0.000167342,1.57105,0.785327
0.0117511,-0.773247,0.023484,-2.33278,-0.000168054,1.57105,0.785326
0.0118336,-0.773167,0.0236643,-2.33262,-0.000166019,1.57105,0.785329
0.011914,-0.773083,0.0238345,-2.33245,-0.000166019,1.57105,0.785329
0.0119999,-0.772998,0.0240058,-2.33229,-0.000165409,1.57105,0.785325
0.012087,-0.772918,0.0241642,-2.33211,-0.000166019,1.57105,0.785326
0.0121693,-0.772837,0.0243413,-2.33193,-0.000164086,1.57105,0.785331
0.0122569,-0.772747,0.0245168,-2.33176,-0.000162764,1.57105,0.785329
0.0123395,-0.772656,0.0246825,-2.3316,-0.000160891,1.57105,0.785331
0.0124214,-0.772567,0.0248555,-2.33142,-0.000164954,1.57105,0.78533
0.0125864,-0.772398,0.025202,-2.33107,-0.000166613,1.57105,0.785327
0.0126706,-0.77231,0.0253772,-2.3309,-0.000166692,1.57105,0.78533
0.0127517,-0.772227,0.0255461,-2.33073,-0.000169363,1.57106,0.785329
0.0128459,-0.772145,0.0257165,-2.33055,-0.000170694,1.57106,0.785325
0.0129331,-0.772057,0.0258889,-2.33036,-0.000168663,1.57105,0.785332
0.0130225,-0.77197,0.0260627,-2.33018,-0.000167341,1.57105,0.785326
0.0131093,-0.771881,0.0262453,-2.33,-0.000167342,1.57105,0.785332
0.0131919,-0.771793,0.0264151,-2.32983,-0.000166731,1.57105,0.785329
0.0132771,-0.771703,0.0265831,-2.32964,-0.000167342,1.57105,0.785328
0.0133552,-0.771615,0.0267566,-2.32946,-0.000167342,1.57105,0.785329
0.0134412,-0.771527,0.0269436,-2.32928,-0.000167342,1.57105,0.785331
0.0135257,-0.771437,0.0271192,-2.3291,-0.000164146,1.57105,0.78533
0.0136158,-0.771352,0.0272927,-2.32891,-0.000166989,1.57106,0.785328
0.0137085,-0.771262,0.0274635,-2.32872,-0.000169021,1.57105,0.785323
0.0138,-0.771177,0.0276406,-2.32853,-0.000167223,1.57105,0.785325
0.0138844,-0.771083,0.0278265,-2.32835,-0.000168014,1.57105,0.785328
0.0139768,-0.770989,0.0280008,-2.32817,-0.000168041,1.57105,0.785332
0.0140614,-0.770895,0.028183,-2.32798,-0.00016866,1.57105,0.78533
0.0141513,-0.770805,0.0283624,-2.32779,-0.000168663,1.57105,0.785334
0.0142419,-0.770715,0.0285486,-2.32761,-0.000167341,1.57105,0.785333
0.0143281,-0.770629,0.0287285,-2.32742,-0.000166731,1.57105,0.785331
0.0144197,-0.770541,0.0289097,-2.32723,-0.000164146,1.57105,0.78533
0.0145151,-0.770451,0.0290909,-2.32704,-0.000165666,1.57105,0.785331
0.0146082,-0.770354,0.029277,-2.32685,-0.000165054,1.57105,0.785324
0.0147015,-0.770258,0.0294606,-2.32666,-0.000162705,1.57105,0.785325
0.0147944,-0.770161,0.0296433,-2.32647,-0.000166949,1.57105,0.785327
0.0148824,-0.770064,0.0298249,-2.32627,-0.000168296,1.57105,0.785327
0.0149754,-0.769974,0.0300133,-2.32608,-0.000167931,1.57105,0.785329
0.015062,-0.769879,0.0302018,-2.32589,-0.00016669,1.57105,0.785331
0.0151567,-0.769794,0.0303904,-2.3257,-0.000167328,1.57106,0.785329
0.0152504,-0.769701,0.0305699,-2.3255,-0.000164141,1.57106,0.785332
0.0153478,-0.769607,0.0307496,-2.3253,-0.000165665,1.57105,0.785332
0.0154458,-0.769507,0.0309429,-2.32511,-0.000166376,1.57105,0.785332
0.0155424,-0.769409,0.0311309,-2.32492,-0.000167935,1.57105,0.785333
0.0156327,-0.769309,0.0313207,-2.32472,-0.000170659,1.57105,0.785334
0.0157278,-0.76921,0.0315047,-2.32452,-0.000169973,1.57105,0.785326
0.015817,-0.769116,0.031702,-2.32433,-0.00016866,1.57105,0.785327
0.0159082,-0.769023,0.0318987,-2.32414,-0.000170697,1.57105,0.785329
0.0160095,-0.768928,0.0320879,-2.32394,-0.000168664,1.57105,0.785329
0.0161024,-0.768832,0.0322845,-2.32373,-0.000169376,1.57105,0.785329
0.0162063,-0.76873,0.0324772,-2.32353,-0.000167342,1.57105,0.785331
0.0163037,-0.768632,0.0326798,-2.32333,-0.000167342,1.57105,0.785331
0.0164053,-0.768524,0.0328756,-2.32313,-0.000164858,1.57105,0.785329
0.0165014,-0.768424,0.0330701,-2.32292,-0.000168311,1.57105,0.785332
0.0165935,-0.768324,0.0332666,-2.32272,-0.000169631,1.57105,0.78533
0.0166908,-0.768225,0.0334786,-2.32252,-0.000168546,1.57105,0.785332
0.0167878,-0.768124,0.033672,-2.32232,-0.000166692,1.57105,0.785333
0.0168891,-0.768028,0.033873,-2.32211,-0.000166718,1.57105,0.785331
0.0169926,-0.767932,0.0340693,-2.32191,-0.000164082,1.57105,0.78533
0.0170972,-0.767828,0.0342781,-2.32172,-0.000163475,1.57105,0.785331
0.0171998,-0.76772,0.0344855,-2.3215,-0.000165408,1.57105,0.785329
0.0173079,-0.767612,0.0346834,-2.3213,-0.000165409,1.57105,0.785325
0.0174059,-0.767506,0.0348895,-2.32109,-0.000166019,1.57105,0.78533
0.0175054,-0.767408,0.0351045,-2.32088,-0.000167342,1.57105,0.785328
0.0176042,-0.767312,0.0353134,-2.32068,-0.000167342,1.57105,0.785333
0.0177109,-0.767212,0.0355215,-2.32047,-0.000168054,1.57105,0.785333
0.0178219,-0.767108,0.035728,-2.32027,-0.000168054,1.57106,0.785333
0.0179244,-0.767005,0.0359413,-2.32007,-0.000166731,1.57106,0.785335
0.0180321,-0.766889,0.0361534,-2.31985,-0.000168054,1.57105,0.785334
0.0181391,-0.766782,0.0363579,-2.31965,-0.000168664,1.57106,0.785331
0.0182432,-0.766672,0.0365695,-2.31944,-0.000167342,1.57105,0.785328
0.0183434,-0.766569,0.0367849,-2.31924,-0.000166731,1.57105,0.785331
0.0184483,-0.766468,0.0370009,-2.31902,-0.000164086,1.57105,0.785327
0.0185542,-0.766363,0.0372143,-2.31881,-0.000164799,1.57105,0.785327
0.0186689,-0.766257,0.037427,-2.31861,-0.000162764,1.57105,0.78533
0.0187748,-0.766149,0.0376487,-2.3184,-0.000160831,1.57105,0.78533
0.018891,-0.766034,0.0378646,-2.31818,-0.000164086,1.57105,0.785327
0.0189988,-0.76592,0.0380724,-2.31797,-0.000166019,1.57105,0.785331
0.019106,-0.765814,0.038292,-2.31776,-0.000167342,1.57105,0.785334
0.0192142,-0.765703,0.0385116,-2.31755,-0.000167342,1.57105,0.785333
0.0193268,-0.765599,0.0387336,-2.31733,-0.000168054,1.57105,0.785333
0.0194383,-0.765494,0.0389479,-2.31712,-0.000166731,1.57105,0.785332
0.0195521,-0.765385,0.0391738,-2.3169,-0.000165409,1.57105,0.785333
0.0196683,-0.765271,0.0393902,-2.31669,-0.000164799,1.57105,0.785331
0.0197835,-0.765157,0.0396071,-2.31646,-0.000164086,1.57105,0.78533
0.0198941,-0.765043,0.039823,-2.31625,-0.000163476,1.57105,0.78533
0.0200023,-0.764928,0.0400532,-2.31603,-0.000163476,1.57105,0.785328
0.0201122,-0.764823,0.0402751,-2.31581,-0.000163476,1.57105,0.785329
0.0202322,-0.764717,0.0404855,-2.31559,-0.000164086,1.57105,0.785328
0.0203509,-0.764603,0.0407082,-2.31537,-0.000162154,1.57105,0.78533
0.0204702,-0.764494,0.0409413,-2.31516,-0.000160831,1.57105,0.785332
0.0205829,-0.764373,0.0411557,-2.31493,-0.000162154,1.57105,0.78533
0.0207002,-0.764258,0.0413805,-2.31471,-0.000163476,1.57105,0.785332
0.0208091,-0.764144,0.0416066,-2.31449,-0.000159568,1.57105,0.785332
0.0209307,-0.764036,0.0418395,-2.31426,-0.000157893,1.57105,0.785332
0.0210461,-0.763926,0.0420618,-2.31404,-0.000157538,1.57105,0.785332
0.0211677,-0.763814,0.0422849,-2.31381,-0.000159293,1.57105,0.785329
0.0212859,-0.763695,0.0425186,-2.3136,-0.000156411,1.57105,0.785329
0.0214062,-0.763577,0.0427438,-2.31338,-0.000155077,1.57105,0.785335
0.0215177,-0.763458,0.0429702,-2.31315,-0.000158091,1.57105,0.785328
0.021631,-0.763347,0.0431969,-2.31293,-0.000158011,1.57105,0.785331
0.0217467,-0.763231,0.0434337,-2.31271,-0.000157984,1.57105,0.785333
0.0218691,-0.763118,0.0436585,-2.31248,-0.000159297,1.57105,0.785335
0.0219903,-0.763005,0.0438868,-2.31225,-0.00016188,1.57105,0.78533
0.0221138,-0.762885,0.0441248,-2.31204,-0.000157714,1.57105,0.785336
0.0222374,-0.762767,0.0443569,-2.31182,-0.000157715,1.57105,0.785333
0.0223541,-0.76265,0.0445803,-2.31159,-0.000158089,1.57105,0.785336
0.0224702,-0.762535,0.0448109,-2.31137,-0.00015801,1.57105,0.785332
0.0225848,-0.762421,0.0450501,-2.31115,-0.000161179,1.57104,0.785332
0.0227059,-0.762304,0.0452944,-2.31092,-0.00015843,1.57104,0.785329
0.0228329,-0.762189,0.04552,-2.31069,-0.000157005,1.57104,0.785334
0.0229512,-0.762072,0.0457626,-2.31047,-0.000154834,1.57104,0.78533
0.0230696,-0.761955,0.0460004,-2.31025,-0.000153432,1.57104,0.785332
0.0231888,-0.761832,0.0462381,-2.31002,-0.000158696,1.57104,0.785328
0.0235436,-0.761489,0.0469646,-2.30934,-0.000160005,1.57104,0.785333
0.0236743,-0.761374,0.0472001,-2.3091,-0.000162489,1.57104,0.785332
0.0237959,-0.761253,0.0474436,-2.30888,-0.000157713,1.57104,0.785334
0.0239109,-0.76113,0.0476873,-2.30865,-0.000157003,1.57104,0.785334
0.0240323,-0.761009,0.0479229,-2.30841,-0.000156766,1.57104,0.785331
0.024152,-0.760886,0.0481664,-2.30818,-0.000156077,1.57104,0.785332
0.024267,-0.760768,0.0484202,-2.30796,-0.000154118,1.57104,0.785334
0.0243902,-0.760654,0.0486549,-2.30772,-0.000153397,1.57104,0.785329
0.0245139,-0.760534,0.0488968,-2.30748,-0.000154717,1.57104,0.785325
0.0246339,-0.760414,0.0491441,-2.30725,-0.00015146,1.57104,0.78533
0.0247437,-0.760285,0.0493938,-2.30702,-0.000150138,1.57104,0.785328
0.024872,-0.760162,0.0496304,-2.30677,-0.00015207,1.57104,0.78533
0.0249833,-0.760043,0.0498805,-2.30654,-0.000154105,1.57104,0.785335
0.0250964,-0.75992,0.0501337,-2.3063,-0.000155326,1.57104,0.785334
0.0252226,-0.759803,0.0503773,-2.30606,-0.000161166,1.57104,0.785333
0.0253446,-0.759683,0.0506203,-2.30581,-0.000160358,1.57104,0.785334
0.0254632,-0.759554,0.0508709,-2.30557,-0.000157715,1.57104,0.785333
0.0255807,-0.759431,0.0511056,-2.30534,-0.000157478,1.57104,0.785328
0.025697,-0.759311,0.0513464,-2.30509,-0.000157399,1.57105,0.785333
0.0258067,-0.759188,0.0515955,-2.30484,-0.000156661,1.57105,0.785331
0.0259241,-0.759071,0.0518378,-2.3046,-0.000157364,1.57104,0.785328
0.0260512,-0.758953,0.052069,-2.30435,-0.000157972,1.57105,0.785331
0.0261718,-0.75883,0.0523164,-2.30409,-0.000159293,1.57105,0.785329
0.026281,-0.758707,0.052563,-2.30386,-0.000154715,1.57105,0.785331
0.0263987,-0.75858,0.0527974,-2.30361,-0.000156648,1.57105,0.785333
0.0265203,-0.758457,0.0530364,-2.30336,-0.000159293,1.57105,0.785333
0.0266277,-0.758333,0.053286,-2.30311,-0.000163201,1.57104,0.785335
0.026748,-0.758214,0.0535258,-2.30285,-0.000160358,1.57104,0.785334
0.0268769,-0.758092,0.0537624,-2.3026,-0.000162903,1.57104,0.785332
0.0269916,-0.757967,0.0540105,-2.30234,-0.000162666,1.57104,0.785331
0.0271059,-0.757837,0.0542523,-2.30209,-0.000160044,1.57104,0.785334
0.0272288,-0.757711,0.0544827,-2.30184,-0.000160628,1.57105,0.785329
0.0273468,-0.757591,0.0547356,-2.30158,-0.000163264,1.57105,0.785329
0.0274619,-0.75747,0.0549769,-2.30133,-0.000160617,1.57104,0.785329
0.0275882,-0.757349,0.0552173,-2.30107,-0.000161226,1.57105,0.785328
0.0277159,-0.757223,0.055453,-2.30082,-0.000162548,1.57105,0.785331
0.0278315,-0.757093,0.0557054,-2.30056,-0.00015797,1.57105,0.785334
0.02796,-0.756967,0.0559475,-2.3003,-0.00015736,1.57105,0.785332
0.0280809,-0.756844,0.0561829,-2.30004,-0.000163201,1.57105,0.785333
0.0281947,-0.756721,0.0564342,-2.29978,-0.000159748,1.57105,0.785335
0.0283182,-0.756602,0.0566757,-2.29953,-0.000157003,1.57105,0.785332
0.028445,-0.756475,0.0569092,-2.29926,-0.000162607,1.57105,0.785331
0.0285721,-0.756347,0.0571645,-2.299,-0.000159075,1.57105,0.785333
0.0286912,-0.756216,0.0574121,-2.29875,-0.000158339,1.57105,0.785328
0.0288173,-0.756085,0.0576485,-2.29848,-0.000160738,1.57105,0.785327
0.0289477,-0.75596,0.0578959,-2.29822,-0.000161267,1.57105,0.78533
0.0290609,-0.755825,0.0581531,-2.29796,-0.000163214,1.57105,0.785329
0.0291887,-0.755705,0.0584053,-2.29769,-0.000167526,1.57105,0.785331
0.0293217,-0.755575,0.0586455,-2.29743,-0.000166004,1.57105,0.785334
0.0294464,-0.755445,0.0589085,-2.29717,-0.000166218,1.57105,0.785333
0.0295665,-0.755304,0.0591642,-2.29689,-0.000166357,1.57105,0.785331
0.0296959,-0.755181,0.0594055,-2.29664,-0.000165343,1.57105,0.785333
0.0298163,-0.755047,0.0596715,-2.29638,-0.000165624,1.57105,0.785334
0.0299402,-0.754919,0.0599283,-2.2961,-0.000166362,1.57105,0.785329
0.0300733,-0.754786,0.0601736,-2.29584,-0.000165345,1.57105,0.785331
0.0302118,-0.75465,0.0604375,-2.29558,-0.000164913,1.57104,0.785328
0.0303371,-0.754519,0.0606996,-2.29531,-0.000161785,1.57104,0.78533
0.0304677,-0.754383,0.0609549,-2.29504,-0.000159445,1.57104,0.785331
0.0305989,-0.754257,0.0612059,-2.29477,-0.000159784,1.57104,0.78533
0.0307199,-0.754129,0.061474,-2.2945,-0.000157524,1.57104,0.785331
0.0308526,-0.753997,0.0617349,-2.29423,-0.000163866,1.57104,0.785332
0.0309958,-0.753858,0.061994,-2.29397,-0.000164895,1.57105,0.785332
0.0311231,-0.753727,0.0622599,-2.2937,-0.00016717,1.57105,0.785331
0.0312453,-0.753595,0.0625264,-2.29343,-0.000165962,1.57105,0.785334
0.0313809,-0.75346,0.0627813,-2.29317,-0.000169357,1.57105,0.785333
0.0315165,-0.753329,0.0630496,-2.2929,-0.000168658,1.57105,0.785332
0.0316357,-0.753197,0.063322,-2.29263,-0.000166729,1.57105,0.785332
0.0317764,-0.753061,0.0635878,-2.29236,-0.000166731,1.57105,0.785332
0.0319149,-0.752929,0.0638586,-2.2921,-0.000166019,1.57105,0.785329
0.0320399,-0.7528,0.0641271,-2.29182,-0.000161603,1.57105,0.785329
0.0321759,-0.752658,0.064397,-2.29156,-0.000163733,1.57105,0.785327
0.0323184,-0.752529,0.0646622,-2.29128,-0.000165664,1.57105,0.78533
0.0324435,-0.752398,0.0649387,-2.291,-0.000165291,1.57105,0.785331
0.0325839,-0.752258,0.0652175,-2.29073,-0.000164759,1.57105,0.785334
0.0327286,-0.752123,0.0654856,-2.29045,-0.000165396,1.57105,0.785332
0.0328602,-0.751988,0.0657669,-2.29018,-0.000164082,1.57105,0.785335
0.0329958,-0.751858,0.0660402,-2.28989,-0.000162763,1.57105,0.785334
0.0331357,-0.751722,0.0663198,-2.28961,-0.00016089,1.57105,0.785331
0.0332837,-0.751587,0.0665996,-2.28933,-0.000163021,1.57105,0.785334
0.0334209,-0.751452,0.0668781,-2.28905,-0.000161087,1.57105,0.785331
0.0335662,-0.751311,0.0671652,-2.28877,-0.000161323,1.57104,0.785328
0.0337097,-0.751177,0.0674416,-2.28849,-0.000159529,1.57105,0.785329
0.0338473,-0.751039,0.0677236,-2.28822,-0.000157167,1.57104,0.785328
0.0339908,-0.750904,0.0680147,-2.28793,-0.000161339,1.57105,0.78533
0.0341374,-0.750765,0.068289,-2.28766,-0.000163001,1.57105,0.785333
0.0342804,-0.750626,0.0685821,-2.28738,-0.000160673,1.57105,0.785334
0.0344231,-0.750486,0.0688701,-2.2871,-0.000161389,1.57105,0.785332
0.0345744,-0.750342,0.0691503,-2.28683,-0.000162746,1.57105,0.785334
0.034717,-0.750207,0.069438,-2.28655,-0.000159503,1.57104,0.785334
0.0348643,-0.750074,0.0697281,-2.28626,-0.000160117,1.57105,0.785332
0.0350108,-0.749932,0.0700105,-2.28598,-0.000157635,1.57105,0.785332
0.035166,-0.749792,0.0703091,-2.28571,-0.00015657,1.57105,0.785331
0.0353146,-0.749652,0.0705973,-2.28543,-0.000158088,1.57105,0.785329
0.0354631,-0.749512,0.0708871,-2.28516,-0.00015645,1.57105,0.785327
0.0356168,-0.74937,0.0711801,-2.28488,-0.000160219,1.57105,0.785329
0.0357607,-0.749232,0.0714731,-2.28459,-0.000158491,1.57104,0.785331
0.0359142,-0.749092,0.0717728,-2.28432,-0.0001575,1.57104,0.785331
0.036073,-0.748945,0.0720718,-2.28404,-0.000154592,1.57104,0.785332
0.0362255,-0.748807,0.0723657,-2.28376,-0.000152233,1.57104,0.785331
0.0363706,-0.748666,0.0726664,-2.28348,-0.000157965,1.57104,0.785334
0.036525,-0.748521,0.0729671,-2.28321,-0.000157672,1.57104,0.785333
0.0366753,-0.748382,0.0732639,-2.28292,-0.000154209,1.57103,0.785332
0.036834,-0.748236,0.0735625,-2.28265,-0.00015458,1.57103,0.785334
0.036989,-0.74809,0.0738695,-2.28237,-0.000152229,1.57103,0.785332
0.0371369,-0.747937,0.0741659,-2.28208,-0.000153446,1.57104,0.785329
0.0372825,-0.747795,0.074473,-2.2818,-0.000152088,1.57104,0.785329
0.0374375,-0.74765,0.0747702,-2.28152,-0.000150754,1.57104,0.785332
0.037594,-0.747514,0.0750682,-2.28122,-0.00015075,1.57104,0.785328
0.0377437,-0.747363,0.0753777,-2.28095,-0.000148816,1.57103,0.785331
0.0378932,-0.747209,0.075682,-2.28067,-0.000147493,1.57103,0.785334
0.0380393,-0.747061,0.0759825,-2.28038,-0.000150138,1.57104,0.785329
0.0381871,-0.746917,0.0762873,-2.28009,-0.000148205,1.57103,0.785334
0.0383388,-0.746774,0.0765854,-2.2798,-0.000147493,1.57104,0.785333
0.0384887,-0.746624,0.0768936,-2.27951,-0.000149527,1.57104,0.785332
0.0386362,-0.746475,0.0771958,-2.27922,-0.000148205,1.57103,0.785335
0.0387862,-0.74633,0.0774932,-2.27892,-0.000150138,1.57104,0.785333
0.0389316,-0.746179,0.0777999,-2.27862,-0.000154715,1.57104,0.78533
0.0390798,-0.746033,0.0780957,-2.27833,-0.00015207,1.57104,0.785329
0.0392269,-0.745892,0.0783921,-2.27802,-0.00015207,1.57104,0.785331
0.039383,-0.74574,0.0786899,-2.27773,-0.000152782,1.57104,0.785328
0.0395193,-0.745589,0.0789854,-2.27743,-0.000152782,1.57104,0.785329
0.0396665,-0.745441,0.0792768,-2.27712,-0.000154105,1.57105,0.785329
0.039806,-0.74529,0.0795785,-2.27682,-0.000153393,1.57105,0.78533
0.0399535,-0.745145,0.0798737,-2.27652,-0.000152782,1.57105,0.78533
0.040105,-0.744998,0.0801719,-2.27622,-0.00015207,1.57104,0.785333
0.040246,-0.744847,0.0804718,-2.27592,-0.00015207,1.57104,0.785333
0.0403848,-0.744697,0.080767,-2.27561,-0.000152782,1.57104,0.785331
0.040534,-0.744547,0.081069,-2.27531,-0.000152782,1.57104,0.785334
0.0406747,-0.7444,0.0813643,-2.27501,-0.000154715,1.57104,0.785335
0.0408212,-0.744257,0.0816646,-2.27469,-0.000158682,1.57105,0.785333
0.0409743,-0.744109,0.0819612,-2.27439,-0.00015797,1.57104,0.785332
0.0411151,-0.743957,0.0822602,-2.27408,-0.000155326,1.57105,0.785333
0.0412623,-0.743803,0.0825596,-2.27377,-0.00015736,1.57105,0.78533
0.0414052,-0.743656,0.0828477,-2.27346,-0.000155326,1.57105,0.785329
0.0415489,-0.743513,0.0831427,-2.27315,-0.000154715,1.57105,0.785329
0.041708,-0.743367,0.0834443,-2.27283,-0.000154715,1.57105,0.785328
0.0418509,-0.743217,0.0837326,-2.27254,-0.000150138,1.57104,0.785329
0.0419982,-0.743062,0.0840243,-2.27222,-0.000150138,1.57105,0.785332
0.0421492,-0.742912,0.0843228,-2.2719,-0.00015146,1.57105,0.785331
0.0422916,-0.742761,0.0846222,-2.27159,-0.000148815,1.57104,0.785335
0.0424453,-0.742607,0.0849238,-2.27127,-0.00015207,1.57104,0.785332
0.0426055,-0.742464,0.0852266,-2.27096,-0.00015146,1.57104,0.785332
0.0427492,-0.742306,0.0855245,-2.27065,-0.000153393,1.57104,0.785334
0.0428954,-0.742154,0.0858262,-2.27033,-0.000158682,1.57105,0.785332
0.0430418,-0.742,0.086127,-2.27002,-0.000156648,1.57104,0.785331
0.0431999,-0.74185,0.0864277,-2.2697,-0.000161226,1.57104,0.785331
0.0433547,-0.741694,0.0867319,-2.2694,-0.000163201,1.57105,0.785331
0.0435046,-0.741535,0.0870307,-2.26908,-0.000161621,1.57104,0.785331
0.0436617,-0.741381,0.0873295,-2.26875,-0.000162587,1.57105,0.78533
0.0438093,-0.741226,0.0876401,-2.26843,-0.000156254,1.57105,0.785332
0.0439605,-0.741071,0.0879419,-2.26812,-0.000152583,1.57104,0.78533
0.0441187,-0.740925,0.088245,-2.2678,-0.000154276,1.57105,0.785332
0.0442696,-0.740759,0.0885507,-2.2675,-0.000151517,1.57105,0.785335
0.0444194,-0.740601,0.0888577,-2.26718,-0.000152801,1.57105,0.785334
0.044574,-0.740442,0.0891667,-2.26686,-0.000154111,1.57105,0.785334
0.0447254,-0.740281,0.0894742,-2.26655,-0.000153395,1.57105,0.785336
0.0448799,-0.740128,0.0897793,-2.26623,-0.000156649,1.57105,0.785335
0.0450402,-0.739968,0.0901,-2.26592,-0.000156038,1.57105,0.785332
0.045192,-0.73981,0.0904095,-2.2656,-0.00015736,1.57105,0.785334
0.045347,-0.739646,0.0907172,-2.26529,-0.000160615,1.57105,0.785331
0.0454971,-0.739485,0.091035,-2.26497,-0.00015797,1.57105,0.785331
0.0456595,-0.739327,0.0913452,-2.26464,-0.000160005,1.57105,0.78533
0.0458195,-0.739165,0.0916626,-2.26432,-0.000159293,1.57105,0.785328
0.0459733,-0.739001,0.0919765,-2.264,-0.000154715,1.57105,0.785331
0.046129,-0.738832,0.0922866,-2.26368,-0.00015736,1.57105,0.785334
0.0462851,-0.738672,0.092603,-2.26335,-0.000154715,1.57105,0.785334
0.0464451,-0.73852,0.0929167,-2.26303,-0.000157301,1.57105,0.785335
0.0466045,-0.738352,0.093239,-2.26271,-0.000154458,1.57105,0.785334
0.0467689,-0.738188,0.0935525,-2.26238,-0.000149882,1.57105,0.785334
0.0469304,-0.738022,0.0938693,-2.26207,-0.000151578,1.57105,0.785333
0.047095,-0.737859,0.094192,-2.26175,-0.000148855,1.57105,0.785333
0.0472545,-0.737698,0.0945187,-2.26143,-0.00014954,1.57105,0.785331
0.0474185,-0.737531,0.0948391,-2.26111,-0.000151464,1.57105,0.785331
0.0475813,-0.737366,0.0951623,-2.26079,-0.000149529,1.57105,0.78533
0.0477462,-0.737204,0.0954813,-2.26047,-0.000152071,1.57105,0.785329
0.0479113,-0.73704,0.09581,-2.26016,-0.00015207,1.57105,0.78533
0.0480773,-0.736879,0.0961411,-2.25984,-0.00015207,1.57105,0.785334
0.0482447,-0.736714,0.0964722,-2.25952,-0.000156038,1.57105,0.785333
0.0484138,-0.736548,0.0967965,-2.25921,-0.000154105,1.57105,0.785334
0.0485844,-0.736382,0.0971192,-2.25889,-0.00015736,1.57105,0.785334
0.048745,-0.736218,0.0974551,-2.25858,-0.00015797,1.57104,0.785334
0.0489153,-0.736059,0.0977916,-2.25826,-0.000156648,1.57104,0.785334
0.0490888,-0.735894,0.098122,-2.25795,-0.000154105,1.57104,0.785336
0.0492541,-0.735727,0.0984633,-2.25764,-0.000150748,1.57103,0.785334
0.049419,-0.735562,0.0987971,-2.25732,-0.000150138,1.57103,0.78533
0.0495852,-0.7354,0.099135,-2.25701,-0.000150138,1.57102,0.785331
0.0497514,-0.735238,0.0994755,-2.25669,-0.000148205,1.57102,0.785331
0.0499266,-0.735069,0.0998092,-2.25638,-0.000149527,1.57103,0.785329
0.0500942,-0.7349,0.10015,-2.25606,-0.000148815,1.57102,0.78533
0.0502622,-0.734731,0.100491,-2.25574,-0.00015146,1.57103,0.785335
0.0504284,-0.734568,0.100831,-2.25542,-0.000152782,1.57103,0.785329
0.0506041,-0.734401,0.101175,-2.2551,-0.000152782,1.57103,0.785332
0.0507719,-0.734235,0.101517,-2.25477,-0.000153393,1.57103,0.785335
0.0509316,-0.734066,0.101858,-2.25446,-0.000152782,1.57103,0.785334
0.0511063,-0.733892,0.102201,-2.25413,-0.00015146,1.57103,0.785333
0.0512738,-0.733724,0.102541,-2.25381,-0.00015146,1.57103,0.785335
0.0514419,-0.733557,0.102887,-2.25348,-0.00014617,1.57103,0.785336
0.0516101,-0.73339,0.103224,-2.25315,-0.000147493,1.57103,0.785331
0.0517769,-0.733221,0.103564,-2.25283,-0.00014556,1.57103,0.785332
0.0519391,-0.733049,0.103907,-2.25249,-0.000148815,1.57103,0.78533
0.0521073,-0.732886,0.104236,-2.25216,-0.000148815,1.57103,0.785328
0.0522719,-0.732718,0.104578,-2.25182,-0.000146882,1.57104,0.785331
0.0526024,-0.732368,0.10525,-2.25115,-0.000150138,1.57104,0.785332
0.0527637,-0.732199,0.105589,-2.25081,-0.000153393,1.57104,0.785333
0.0529285,-0.73203,0.105919,-2.25048,-0.000154715,1.57104,0.785334
0.0530927,-0.73186,0.106265,-2.25013,-0.00015207,1.57104,0.785334
0.0532621,-0.731682,0.1066,-2.24979,-0.000156038,1.57104,0.785332
0.0534245,-0.731512,0.106925,-2.24945,-0.000153393,1.57104,0.785334
0.0535865,-0.731342,0.107267,-2.24911,-0.000155326,1.57104,0.785331
0.0537525,-0.731174,0.107594,-2.24876,-0.000154715,1.57104,0.785334
0.0539227,-0.731004,0.107929,-2.24842,-0.000155326,1.57104,0.785331
0.0540869,-0.730828,0.108258,-2.24807,-0.000155326,1.57104,0.785329
0.0542484,-0.730662,0.10859,-2.24772,-0.000154105,1.57104,0.78533
0.0544156,-0.730494,0.10892,-2.24738,-0.000153393,1.57104,0.785329
0.05458,-0.730326,0.109245,-2.24703,-0.000152782,1.57104,0.78533
0.0547469,-0.730162,0.109575,-2.24669,-0.000150138,1.57104,0.785333
0.054914,-0.729984,0.109911,-2.24634,-0.000150138,1.57104,0.785336
0.0550846,-0.729813,0.110238,-2.246,-0.000148815,1.57104,0.785334
0.0552475,-0.729639,0.110572,-2.24565,-0.000150748,1.57104,0.785336
0.0554101,-0.729468,0.11091,-2.2453,-0.000150138,1.57104,0.785332
0.0555841,-0.729294,0.111251,-2.24495,-0.000150748,1.57104,0.785331
0.0557464,-0.72912,0.111584,-2.2446,-0.00015146,1.57104,0.785334
0.0559066,-0.728952,0.111921,-2.24424,-0.000154715,1.57104,0.785331
0.0560766,-0.728778,0.112262,-2.2439,-0.00015736,1.57104,0.78533
0.0562477,-0.72861,0.112608,-2.24354,-0.000158682,1.57104,0.785331
0.0564215,-0.728435,0.112943,-2.2432,-0.000161938,1.57104,0.78533
0.0565892,-0.728256,0.113283,-2.24283,-0.000161878,1.57104,0.785331
0.0567583,-0.728078,0.113619,-2.24248,-0.000164266,1.57104,0.785334
0.0569288,-0.72791,0.113957,-2.24212,-0.000158068,1.57104,0.785335
0.0571049,-0.727738,0.114303,-2.24178,-0.000152544,1.57104,0.785333
0.0572803,-0.72756,0.114639,-2.24143,-0.000151618,1.57104,0.785333
0.057449,-0.727386,0.11498,-2.24108,-0.000148257,1.57104,0.785334
0.0576188,-0.727211,0.115327,-2.24073,-0.000150155,1.57104,0.785334
0.05779,-0.727039,0.115669,-2.24037,-0.000149533,1.57104,0.785334
0.057969,-0.726865,0.116015,-2.24003,-0.000148817,1.57104,0.785334
0.0581474,-0.726687,0.116358,-2.23967,-0.000153393,1.57104,0.785331
0.0583198,-0.726507,0.116702,-2.23932,-0.000152071,1.57104,0.785333
0.0584921,-0.726334,0.117049,-2.23896,-0.00015736,1.57104,0.785333
0.0586659,-0.726161,0.117396,-2.23861,-0.000159233,1.57105,0.78533
0.0588437,-0.725982,0.117753,-2.23825,-0.000159036,1.57104,0.785328
0.0590217,-0.725805,0.118097,-2.23788,-0.000161521,1.57104,0.78533
0.0591965,-0.725627,0.118449,-2.23753,-0.000161027,1.57104,0.78533
0.0593719,-0.725454,0.118801,-2.23717,-0.000157497,1.57105,0.785332
0.0595562,-0.725281,0.119151,-2.23681,-0.000154591,1.57104,0.785333
0.0597398,-0.725096,0.119502,-2.23644,-0.000151622,1.57104,0.785331
0.0599158,-0.724917,0.119851,-2.23608,-0.000148259,1.57104,0.785334
0.0600911,-0.724742,0.120208,-2.23573,-0.000150156,1.57104,0.785334
0.0602689,-0.724562,0.120562,-2.23536,-0.000148821,1.57104,0.785334
0.0604558,-0.724379,0.120917,-2.23502,-0.000148817,1.57104,0.78533
0.0606378,-0.724205,0.121284,-2.23466,-0.000149528,1.57104,0.785333
0.0608191,-0.724022,0.121635,-2.2343,-0.000150138,1.57104,0.78533
0.0609919,-0.72384,0.121998,-2.23395,-0.000149527,1.57104,0.785329
0.0611764,-0.723665,0.122358,-2.23359,-0.000150748,1.57104,0.78533
0.0613705,-0.723481,0.122722,-2.23325,-0.00015207,1.57104,0.785326
0.0615557,-0.723305,0.123085,-2.23289,-0.000154105,1.57104,0.785329
0.061737,-0.72312,0.123452,-2.23254,-0.000154105,1.57104,0.785333
0.061921,-0.722951,0.123819,-2.23219,-0.000154715,1.57104,0.78533
0.0621092,-0.722764,0.124187,-2.23184,-0.000154105,1.57103,0.785333
0.0622986,-0.722578,0.124557,-2.23149,-0.000152782,1.57103,0.785335
0.0624796,-0.722403,0.124925,-2.23114,-0.000148815,1.57103,0.785333
0.0626684,-0.722218,0.125303,-2.23079,-0.000150138,1.57103,0.785329
0.0628637,-0.722046,0.125672,-2.23045,-0.000148815,1.57103,0.785335
0.063051,-0.721863,0.126045,-2.2301,-0.000146882,1.57103,0.785333
0.0632397,-0.72169,0.126412,-2.22975,-0.00014556,1.57103,0.785329
0.0634266,-0.721507,0.126788,-2.2294,-0.00014556,1.57103,0.785332
0.0636117,-0.721324,0.127175,-2.22904,-0.000144848,1.57103,0.78533
0.063802,-0.721143,0.127547,-2.22869,-0.000142915,1.57103,0.785331
0.0639868,-0.720959,0.127926,-2.22833,-0.000143627,1.57102,0.785331
0.0641708,-0.72078,0.128304,-2.22797,-0.000141593,1.57102,0.785334
0.0643542,-0.720597,0.128679,-2.22762,-0.000144237,1.57102,0.78533
0.0645449,-0.72042,0.129054,-2.22726,-0.00014556,1.57103,0.785331
0.0647273,-0.72024,0.129431,-2.2269,-0.000148205,1.57103,0.785334
0.0649149,-0.720045,0.129814,-2.22653,-0.000148205,1.57103,0.785335
0.0650983,-0.71986,0.130189,-2.22617,-0.000148205,1.57103,0.785332
0.0652796,-0.719681,0.130562,-2.2258,-0.000149527,1.57103,0.785334
0.065465,-0.7195,0.130942,-2.22543,-0.000146882,1.57103,0.785335
0.0656478,-0.719318,0.131301,-2.22506,-0.00015146,1.57103,0.785332
0.0658324,-0.719134,0.131671,-2.22469,-0.000148205,1.57103,0.785332
0.0660176,-0.718953,0.132043,-2.22432,-0.000148815,1.57103,0.78533
0.0661978,-0.718778,0.132412,-2.22394,-0.000147493,1.57103,0.785331
0.0663786,-0.718591,0.132784,-2.22357,-0.00014617,1.57103,0.78533
0.0665598,-0.718403,0.133149,-2.22319,-0.00014617,1.57103,0.785331
0.0667375,-0.718222,0.133529,-2.22281,-0.000148815,1.57104,0.78533
0.0669236,-0.71804,0.133903,-2.22243,-0.00014617,1.57103,0.785333
0.0671071,-0.717857,0.134273,-2.22206,-0.000147493,1.57103,0.785333
0.0672848,-0.717668,0.134648,-2.22167,-0.000150138,1.57103,0.785333
0.0674643,-0.717483,0.135018,-2.22129,-0.00015146,1.57104,0.785334
0.0676475,-0.717304,0.135383,-2.22091,-0.00015207,1.57104,0.785333
0.0678359,-0.717118,0.135757,-2.22053,-0.000152782,1.57104,0.785334
0.0680223,-0.716935,0.136118,-2.22015,-0.00015207,1.57104,0.785335
0.0682021,-0.716743,0.136484,-2.21977,-0.000149527,1.57104,0.785333
0.0683908,-0.716562,0.136855,-2.21938,-0.000150748,1.57104,0.785329
0.0685733,-0.716373,0.137225,-2.219,-0.000146882,1.57104,0.785333
0.0687632,-0.716185,0.137602,-2.21861,-0.000144237,1.57104,0.785332
0.0689498,-0.716,0.137962,-2.21821,-0.000144848,1.57104,0.785329
0.0691356,-0.715813,0.138341,-2.21784,-0.000144237,1.57104,0.785331
0.069319,-0.715628,0.138713,-2.21745,-0.00014556,1.57104,0.785334
0.0695176,-0.715446,0.139084,-2.21707,-0.00014617,1.57104,0.785331
0.0697023,-0.715252,0.139454,-2.21669,-0.00014617,1.57104,0.785333
0.0698882,-0.71506,0.139824,-2.2163,-0.000147493,1.57104,0.785337
0.0700787,-0.714877,0.140203,-2.21591,-0.00014617,1.57104,0.785335
0.0702706,-0.714692,0.140581,-2.21553,-0.000147493,1.57104,0.785335
0.0704582,-0.714501,0.140949,-2.21515,-0.000148205,1.57104,0.785333
0.0706413,-0.714313,0.141323,-2.21477,-0.000148205,1.57104,0.785331
0.0708328,-0.714123,0.141705,-2.21438,-0.000149527,1.57104,0.785331
0.0710223,-0.713935,0.142074,-2.214,-0.000148815,1.57104,0.785335
0.0712187,-0.713739,0.14246,-2.21361,-0.000147493,1.57104,0.785336
0.0714059,-0.713543,0.142825,-2.21322,-0.000147493,1.57104,0.785335
0.0715929,-0.713348,0.143213,-2.21284,-0.000148205,1.57104,0.785331
0.0717805,-0.713163,0.143593,-2.21245,-0.000148205,1.57104,0.785333
0.0719785,-0.712974,0.143972,-2.21207,-0.000148205,1.57105,0.785332
0.0721691,-0.712779,0.144345,-2.21167,-0.000149527,1.57105,0.785333
0.0723587,-0.712588,0.144721,-2.21128,-0.000150138,1.57105,0.785335
0.0725492,-0.712397,0.145103,-2.21089,-0.000150138,1.57105,0.785335
0.0727468,-0.7122,0.145491,-2.21051,-0.000149527,1.57105,0.785336
0.0729466,-0.712002,0.145866,-2.21011,-0.000148205,1.57105,0.785334
0.0731353,-0.711805,0.146253,-2.20972,-0.000148815,1.57105,0.785335
0.0733286,-0.711616,0.14664,-2.20933,-0.000148205,1.57105,0.785339
0.0735229,-0.71142,0.147021,-2.20894,-0.000147493,1.57105,0.785336
0.0737199,-0.711219,0.14741,-2.20856,-0.000143627,1.57105,0.785334
0.073916,-0.711028,0.147789,-2.20818,-0.00014556,1.57105,0.78533
0.0741095,-0.710824,0.148178,-2.2078,-0.000143627,1.57105,0.785331
0.0743125,-0.710636,0.14857,-2.20742,-0.000144237,1.57105,0.785327
0.0745159,-0.710432,0.148955,-2.20705,-0.000144848,1.57105,0.785331
0.0747177,-0.710235,0.14935,-2.20667,-0.00014617,1.57105,0.785334
0.0749194,-0.710044,0.149735,-2.20629,-0.000147493,1.57104,0.785331
0.0751204,-0.709845,0.15013,-2.20592,-0.000147493,1.57103,0.785332
0.0753265,-0.709653,0.150534,-2.20554,-0.000148756,1.57103,0.785333
0.0755272,-0.709457,0.150926,-2.20517,-0.000147948,1.57102,0.785334
0.0757233,-0.709265,0.151326,-2.20479,-0.000146525,1.57102,0.785336
0.0759272,-0.709073,0.151724,-2.20442,-0.000145678,1.57102,0.785336
0.0761294,-0.708874,0.152127,-2.20404,-0.000144277,1.57102,0.785335
0.0763321,-0.708675,0.152525,-2.20367,-0.00014364,1.57101,0.785332
0.0765321,-0.70848,0.152917,-2.2033,-0.000143632,1.57102,0.785332
0.0767308,-0.708282,0.15332,-2.20292,-0.000144849,1.57102,0.785332
0.0769298,-0.708091,0.153731,-2.20255,-0.000146171,1.57102,0.785329
0.0771214,-0.707889,0.154126,-2.20217,-0.00014556,1.57102,0.78533
0.0773174,-0.70769,0.154531,-2.20179,-0.000144848,1.57102,0.78533
0.0775148,-0.707493,0.154929,-2.20141,-0.000143627,1.57102,0.78533
0.0777138,-0.707298,0.15534,-2.20102,-0.000142915,1.57102,0.78533
0.077913,-0.707092,0.15574,-2.20063,-0.000140982,1.57102,0.785335
0.0781014,-0.706894,0.156127,-2.20025,-0.000141593,1.57102,0.785332
0.0782928,-0.706704,0.156535,-2.19985,-0.000142305,1.57102,0.785331
0.0784915,-0.706511,0.156927,-2.19945,-0.000142305,1.57103,0.785333
0.078678,-0.706311,0.157328,-2.19907,-0.000144237,1.57103,0.785334
0.0788651,-0.706114,0.15772,-2.19867,-0.000144848,1.57103,0.785333
0.0790561,-0.705921,0.158112,-2.19828,-0.000146882,1.57104,0.785337
0.0792484,-0.705721,0.15851,-2.19787,-0.000146882,1.57104,0.785335
0.079443,-0.705525,0.158901,-2.19747,-0.000149527,1.57103,0.785335
0.0796304,-0.705324,0.159297,-2.19707,-0.000148815,1.57103,0.785334
0.0798196,-0.705126,0.159699,-2.19667,-0.000150138,1.57103,0.785336
0.0800085,-0.704935,0.160083,-2.19626,-0.00015146,1.57103,0.785337
0.080204,-0.704736,0.160475,-2.19585,-0.000153393,1.57103,0.785331
0.0803959,-0.704537,0.16086,-2.19545,-0.000152782,1.57104,0.78533
0.0805817,-0.704337,0.161257,-2.19505,-0.000153393,1.57104,0.785335
0.0807769,-0.704139,0.161638,-2.19465,-0.000152782,1.57104,0.785333
0.0809721,-0.703941,0.162023,-2.19426,-0.000150138,1.57104,0.785334
0.0811612,-0.703737,0.162409,-2.19384,-0.000148205,1.57104,0.785331
0.0813547,-0.703537,0.162805,-2.19344,-0.000144237,1.57104,0.785338
0.0815438,-0.703335,0.163198,-2.19303,-0.000144848,1.57104,0.785334
0.0817452,-0.703139,0.163598,-2.19262,-0.000142305,1.57103,0.785333
0.081939,-0.702935,0.163984,-2.1922,-0.000144237,1.57103,0.785335
0.0821324,-0.702737,0.164377,-2.1918,-0.000142305,1.57103,0.785336
0.0823294,-0.702534,0.164776,-2.19139,-0.000148205,1.57104,0.785336
0.0825296,-0.702339,0.165175,-2.19099,-0.000153333,1.57104,0.785331
0.0827253,-0.702133,0.165569,-2.19058,-0.00015517,1.57104,0.785333
0.0829296,-0.701932,0.165961,-2.19017,-0.000156333,1.57103,0.785328
0.0831237,-0.701722,0.166363,-2.18976,-0.000155839,1.57103,0.78533
0.0833274,-0.701522,0.166763,-2.18936,-0.000154183,1.57103,0.785331
0.0835296,-0.701326,0.167153,-2.18895,-0.000154885,1.57104,0.78533
0.0837264,-0.701118,0.167551,-2.18855,-0.000149075,1.57103,0.785331
0.0839257,-0.700922,0.16795,-2.18813,-0.00014802,1.57104,0.785332
0.0841232,-0.700719,0.168343,-2.18773,-0.000150864,1.57104,0.785339
0.0843308,-0.700509,0.168741,-2.18732,-0.000148557,1.57103,0.785335
0.0845366,-0.70031,0.16913,-2.18691,-0.000143745,1.57103,0.785333
0.0847357,-0.700103,0.169537,-2.1865,-0.000144717,1.57104,0.785338
0.0849404,-0.699903,0.169941,-2.1861,-0.000145008,1.57104,0.785336
0.0851415,-0.699694,0.170346,-2.18568,-0.000146936,1.57104,0.785336
0.085347,-0.699496,0.170745,-2.18527,-0.000150096,1.57104,0.785334
0.0855559,-0.699292,0.171152,-2.18484,-0.000147241,1.57104,0.785333
0.0857553,-0.699087,0.171564,-2.18443,-0.000149723,1.57104,0.785334
0.0859621,-0.698876,0.171971,-2.184,-0.000146744,1.57104,0.785334
0.0861777,-0.698671,0.172363,-2.18359,-0.000147277,1.57104,0.785335
0.0863798,-0.698471,0.172779,-2.18317,-0.000147014,1.57104,0.785336
0.0865876,-0.69827,0.173183,-2.18276,-0.000150732,1.57104,0.785332
0.0867955,-0.698063,0.173594,-2.18236,-0.00015248,1.57104,0.785336
0.0870006,-0.697852,0.174001,-2.18195,-0.000148308,1.57104,0.785334
0.0872132,-0.697653,0.174414,-2.18154,-0.000149231,1.57104,0.785333
0.087427,-0.697444,0.174825,-2.18114,-0.000146071,1.57104,0.785332
0.0876394,-0.697237,0.175242,-2.18073,-0.000142,1.57104,0.785331
0.0878477,-0.697029,0.175651,-2.18033,-0.000142441,1.57104,0.785332
0.0880608,-0.696823,0.176071,-2.17992,-0.000143672,1.57104,0.785333
0.0882759,-0.696626,0.176484,-2.17952,-0.000147448,1.57103,0.785333
0.0884884,-0.696406,0.176907,-2.17912,-0.000145859,1.57103,0.785333
0.0887029,-0.696203,0.177326,-2.17873,-0.000145049,1.57102,0.785336
0.088921,-0.695995,0.177746,-2.17833,-0.000144101,1.57102,0.785334
0.0891342,-0.69579,0.178178,-2.17793,-0.000145006,1.57102,0.785335
0.0893502,-0.695581,0.178601,-2.17754,-0.00014429,1.57102,0.785338
0.0895609,-0.695369,0.179021,-2.17714,-0.000144255,1.57102,0.785336
0.0897764,-0.695163,0.179455,-2.17673,-0.000143633,1.57102,0.785332
0.0899903,-0.694954,0.179884,-2.17634,-0.000142917,1.57102,0.785333
0.0902045,-0.694747,0.180306,-2.17593,-0.00013966,1.57102,0.785332
0.0904167,-0.694544,0.180728,-2.17554,-0.00014027,1.57102,0.785331
0.0906218,-0.694335,0.181156,-2.17513,-0.000140923,1.57102,0.785332
0.0908391,-0.694125,0.181585,-2.17472,-0.00013808,1.57102,0.785333
0.0910468,-0.693914,0.182005,-2.17432,-0.00013737,1.57102,0.785331
0.0912525,-0.693705,0.182435,-2.17391,-0.000135811,1.57102,0.785331
0.0914593,-0.693494,0.182861,-2.17348,-0.000138377,1.57102,0.785332
0.0916676,-0.693289,0.18328,-2.17307,-0.000138961,1.57102,0.785337
0.0918736,-0.69308,0.183697,-2.17265,-0.000138952,1.57102,0.785338
0.092081,-0.692876,0.184116,-2.17223,-0.000140984,1.57102,0.785334
0.0922845,-0.692673,0.184537,-2.17181,-0.000144238,1.57103,0.785334
0.0924916,-0.692465,0.184962,-2.17139,-0.000143627,1.57103,0.785332
0.0926946,-0.692259,0.185377,-2.17096,-0.000146882,1.57103,0.785334
0.0928972,-0.692055,0.185805,-2.17054,-0.000144237,1.57103,0.785333
0.0931053,-0.691844,0.186223,-2.1701,-0.000144237,1.57103,0.785334
0.093309,-0.691639,0.186649,-2.16968,-0.00014556,1.57104,0.785331
0.0935094,-0.69143,0.187069,-2.16924,-0.000147493,1.57103,0.785331
0.0937167,-0.691227,0.187488,-2.16882,-0.000148756,1.57103,0.785334
0.0939137,-0.691027,0.187903,-2.16839,-0.000147948,1.57104,0.785334
0.0941239,-0.69082,0.188325,-2.16796,-0.000145203,1.57104,0.785333
0.0943249,-0.690609,0.188735,-2.16753,-0.000147552,1.57104,0.785334
0.094534,-0.690397,0.189161,-2.1671,-0.000142697,1.57103,0.785333
0.0947356,-0.690188,0.189577,-2.16666,-0.000141961,1.57103,0.785333
0.0949501,-0.689977,0.189999,-2.16621,-0.000141715,1.57103,0.785334
0.0951597,-0.689771,0.190418,-2.16578,-0.000142346,1.57103,0.785337
0.0953664,-0.689565,0.190835,-2.16535,-0.000142929,1.57103,0.785333
0.0955775,-0.689357,0.191256,-2.16492,-0.000141597,1.57104,0.785333
0.0957932,-0.689145,0.191679,-2.16449,-0.000143629,1.57103,0.785332
0.096002,-0.688929,0.192094,-2.16406,-0.000143628,1.57103,0.785332
0.0962144,-0.688717,0.192526,-2.16361,-0.00014027,1.57103,0.785331
0.0964316,-0.688509,0.192954,-2.16319,-0.00013966,1.57103,0.785335
0.0966411,-0.688289,0.193372,-2.16275,-0.00013966,1.57103,0.785338
0.0968546,-0.688085,0.193793,-2.16233,-0.00014027,1.57103,0.785335
0.0970658,-0.687873,0.194217,-2.1619,-0.000141593,1.57103,0.785336
0.097287,-0.687665,0.194647,-2.16147,-0.000142305,1.57103,0.785339
0.0975012,-0.687447,0.195067,-2.16104,-0.000144788,1.57103,0.785336
0.0977138,-0.68723,0.195495,-2.16061,-0.000147888,1.57104,0.785337
0.0979329,-0.687017,0.195924,-2.16016,-0.000148854,1.57104,0.785335
0.0981531,-0.686802,0.19635,-2.15974,-0.000144454,1.57104,0.785339
0.0983655,-0.686588,0.196772,-2.1593,-0.000142818,1.57104,0.785336
0.0985818,-0.686377,0.197198,-2.15887,-0.000143086,1.57104,0.785337
0.0987965,-0.686162,0.197629,-2.15842,-0.000139717,1.57104,0.785333
0.0990197,-0.685946,0.198065,-2.15798,-0.000138356,1.57104,0.785332
0.0992397,-0.685724,0.198486,-2.15755,-0.000136411,1.57104,0.78533
0.0994566,-0.68551,0.198922,-2.15711,-0.000137729,1.57104,0.785334
0.0996794,-0.685295,0.199341,-2.15667,-0.000137728,1.57104,0.785334
0.0998958,-0.685074,0.199776,-2.15624,-0.00013966,1.57104,0.785335
0.10012,-0.684855,0.200207,-2.15582,-0.000138948,1.57105,0.785336
0.10035,-0.684637,0.200642,-2.15539,-0.00014027,1.57104,0.785333
0.100569,-0.684421,0.201075,-2.15497,-0.000141533,1.57104,0.785335
0.100791,-0.684197,0.201507,-2.15454,-0.000138792,1.57104,0.785336
0.101014,-0.683983,0.20194,-2.15412,-0.00013676,1.57104,0.785336
0.101238,-0.683763,0.20238,-2.15369,-0.000136523,1.57104,0.785334
0.101463,-0.683549,0.202818,-2.15328,-0.000135732,1.57103,0.785334
0.101685,-0.683328,0.203261,-2.15286,-0.000134383,1.57102,0.785335
0.101907,-0.683108,0.203705,-2.15245,-0.000134375,1.57102,0.78533
0.102132,-0.682895,0.204147,-2.15203,-0.000133761,1.57102,0.785333
0.102351,-0.682674,0.204594,-2.15162,-0.000135693,1.57101,0.785334
0.10258,-0.682456,0.205029,-2.1512,-0.000136405,1.57101,0.785334
0.102797,-0.68224,0.205477,-2.15079,-0.000138337,1.57101,0.785336
0.103021,-0.682024,0.205923,-2.15037,-0.000138337,1.57102,0.785335
0.103241,-0.681802,0.206364,-2.14995,-0.000137015,1.57101,0.785334
0.103455,-0.681582,0.206806,-2.14953,-0.000137727,1.57101,0.785336
0.103674,-0.681369,0.207249,-2.1491,-0.000137015,1.57101,0.785336
0.103892,-0.681152,0.207696,-2.14869,-0.000135693,1.57101,0.785337
0.104103,-0.680932,0.208141,-2.14826,-0.000135693,1.57102,0.785331
0.10432,-0.680715,0.208574,-2.14785,-0.000135693,1.57102,0.785333
0.104536,-0.6805,0.209011,-2.14741,-0.000140982,1.57102,0.785335
0.104746,-0.680284,0.209445,-2.14698,-0.000137727,1.57102,0.785334
0.104956,-0.680062,0.20988,-2.14654,-0.000138948,1.57102,0.785334
0.105158,-0.679839,0.210323,-2.1461,-0.000138337,1.57102,0.785337
0.105368,-0.67962,0.210756,-2.14566,-0.000137727,1.57102,0.785338
0.105577,-0.679408,0.211195,-2.14522,-0.00013966,1.57102,0.785335
0.105783,-0.679188,0.211623,-2.14477,-0.000142305,1.57103,0.785336
0.105983,-0.678966,0.212062,-2.14434,-0.000143627,1.57103,0.785335
0.106199,-0.678745,0.212493,-2.14389,-0.000147493,1.57103,0.785331
0.106409,-0.678523,0.212919,-2.14344,-0.000152011,1.57103,0.785334
0.106614,-0.678297,0.213347,-2.14299,-0.000153076,1.57103,0.785335
0.106823,-0.678071,0.213779,-2.14255,-0.000154143,1.57103,0.785333
0.107034,-0.677862,0.214197,-2.1421,-0.000152939,1.57103,0.785334
0.10724,-0.677634,0.214627,-2.14166,-0.000147748,1.57103,0.785335
0.107447,-0.677418,0.215051,-2.14121,-0.000147959,1.57104,0.785336
0.10766,-0.677202,0.215482,-2.14077,-0.000142223,1.57104,0.785335
0.10787,-0.676982,0.215921,-2.14032,-0.000143269,1.57103,0.785337
0.108079,-0.676765,0.216344,-2.13987,-0.00013893,1.57103,0.785333
0.108287,-0.676537,0.216787,-2.13942,-0.000138738,1.57103,0.785331
0.108502,-0.676318,0.217213,-2.13896,-0.000142277,1.57103,0.785333
0.108718,-0.676105,0.217656,-2.13852,-0.000145288,1.57103,0.785331
0.108936,-0.675876,0.218088,-2.13807,-0.000146936,1.57103,0.785331
0.109149,-0.675659,0.218528,-2.13763,-0.000149587,1.57103,0.785332
0.109364,-0.67544,0.21896,-2.13717,-0.000150946,1.57103,0.785333
0.109587,-0.675219,0.219407,-2.13673,-0.00015167,1.57103,0.785332
0.109797,-0.675,0.21983,-2.13629,-0.000150962,1.57103,0.785336
0.110019,-0.674776,0.220271,-2.13584,-0.000152286,1.57103,0.785339
0.110244,-0.674556,0.220705,-2.13539,-0.000150964,1.57103,0.785338
0.110466,-0.674329,0.22114,-2.13495,-0.000149641,1.57103,0.785335
0.110684,-0.674103,0.221579,-2.1345,-0.000146386,1.57103,0.785335
0.110907,-0.673886,0.222007,-2.13405,-0.000141258,1.57103,0.785335
0.111132,-0.673668,0.222451,-2.13361,-0.00013887,1.57103,0.785334
0.111356,-0.673443,0.222889,-2.13315,-0.00013587,1.57103,0.785335
0.111583,-0.673221,0.223334,-2.1327,-0.00014027,1.57103,0.785334
0.111806,-0.672997,0.223774,-2.13224,-0.000135455,1.57103,0.785334
0.112037,-0.672772,0.22422,-2.13178,-0.00013925,1.57103,0.785339
0.112259,-0.672545,0.224656,-2.13133,-0.00013759,1.57103,0.785338
0.112485,-0.672324,0.22511,-2.13087,-0.000141318,1.57104,0.785339
0.112715,-0.672103,0.225548,-2.13043,-0.000145375,1.57104,0.78534
0.112942,-0.671877,0.225995,-2.12998,-0.000148898,1.57104,0.785335
0.113172,-0.671653,0.226437,-2.12954,-0.000149597,1.57104,0.785333
0.113399,-0.671428,0.226888,-2.12909,-0.000149016,1.57103,0.785335
0.113633,-0.671205,0.227342,-2.12865,-0.000149637,1.57103,0.785336
0.113863,-0.670977,0.227781,-2.12821,-0.000146385,1.57103,0.785334
0.114092,-0.670748,0.22824,-2.12777,-0.000145775,1.57103,0.785331
0.114325,-0.670524,0.228687,-2.12733,-0.000143741,1.57103,0.785334
0.11456,-0.670298,0.229142,-2.12689,-0.000142521,1.57103,0.785334
0.114793,-0.670071,0.229593,-2.12646,-0.000138553,1.57102,0.785334
0.115026,-0.669846,0.230052,-2.12602,-0.000137841,1.57102,0.785337
0.115265,-0.669624,0.230506,-2.12559,-0.000134035,1.57102,0.785337
0.115498,-0.669398,0.230963,-2.12515,-0.000138099,1.57102,0.785337
0.115726,-0.669173,0.231427,-2.12473,-0.000136876,1.57101,0.78534
0.115962,-0.668947,0.231897,-2.12428,-0.000137723,1.57101,0.785338
0.116205,-0.668721,0.232348,-2.12386,-0.000135318,1.57101,0.785338
0.116431,-0.668493,0.232815,-2.12342,-0.000134279,1.57101,0.785339
0.116656,-0.668268,0.233279,-2.12298,-0.000133221,1.57101,0.785336
0.116895,-0.668043,0.233734,-2.12254,-0.000133105,1.57101,0.785333
0.117118,-0.667811,0.234197,-2.12209,-0.000138297,1.57101,0.785335
0.117344,-0.667581,0.234648,-2.12166,-0.000137315,1.57101,0.785336
0.117564,-0.667352,0.235105,-2.1212,-0.000135182,1.57102,0.785335
0.117793,-0.667126,0.235561,-2.12075,-0.000132912,1.57102,0.785337
0.118016,-0.666905,0.236011,-2.1203,-0.000134528,1.57102,0.785335
0.118236,-0.666679,0.236462,-2.11985,-0.000133812,1.57102,0.785338
0.118463,-0.666456,0.236907,-2.11938,-0.000137033,1.57102,0.785335
0.118681,-0.66623,0.237364,-2.11893,-0.000137021,1.57102,0.785335
0.118899,-0.666002,0.237815,-2.11846,-0.000137729,1.57102,0.785339
0.119118,-0.66578,0.238267,-2.11801,-0.000138338,1.57102,0.785338
0.119337,-0.665553,0.238721,-2.11754,-0.00014027,1.57102,0.785334
0.119556,-0.665326,0.239171,-2.11707,-0.000140982,1.57103,0.785337
0.119766,-0.665104,0.239626,-2.11661,-0.000143466,1.57103,0.785337
0.119987,-0.664881,0.240078,-2.11614,-0.00014337,1.57104,0.785335
0.120206,-0.66466,0.240528,-2.11569,-0.000145856,1.57104,0.785335
0.120427,-0.664434,0.240972,-2.11522,-0.000146684,1.57104,0.785337
0.120643,-0.664207,0.24143,-2.11475,-0.000146248,1.57104,0.785331
0.12086,-0.66398,0.241879,-2.11428,-0.000147052,1.57104,0.785333
0.121093,-0.66375,0.242335,-2.11381,-0.000145761,1.57104,0.785333
0.121311,-0.663527,0.242784,-2.11334,-0.000143126,1.57104,0.785338
0.121534,-0.663304,0.243239,-2.11287,-0.00014374,1.57104,0.785337
0.121762,-0.66308,0.243693,-2.11241,-0.000143741,1.57104,0.785338
0.12199,-0.662854,0.244141,-2.11195,-0.000141808,1.57104,0.785337
0.12221,-0.662619,0.244604,-2.11148,-0.000141198,1.57104,0.785337
0.122441,-0.662397,0.245055,-2.11101,-0.000139164,1.57103,0.78534
0.122671,-0.662167,0.245516,-2.11055,-0.000140486,1.57104,0.78534
0.122897,-0.661934,0.245975,-2.11009,-0.000139876,1.57104,0.785335
0.123124,-0.661711,0.246429,-2.10964,-0.000139876,1.57103,0.785332
0.12335,-0.661478,0.246888,-2.10918,-0.000140486,1.57103,0.785333
0.123591,-0.661249,0.247345,-2.10871,-0.000141198,1.57103,0.785333
0.123811,-0.661018,0.247808,-2.10825,-0.000142521,1.57103,0.785333
0.124045,-0.660787,0.24827,-2.10778,-0.000143741,1.57104,0.785337
0.124285,-0.660557,0.248731,-2.10732,-0.000144454,1.57103,0.785331
0.124517,-0.660325,0.249186,-2.10685,-0.000145776,1.57104,0.785336
0.124749,-0.660098,0.249653,-2.10637,-0.000142521,1.57104,0.785339
0.124983,-0.659871,0.250112,-2.10591,-0.000141809,1.57104,0.785339
0.125225,-0.659637,0.250575,-2.10543,-0.000135968,1.57104,0.785339
0.125453,-0.659407,0.251033,-2.10497,-0.00013297,1.57104,0.785339
0.125691,-0.659172,0.251497,-2.1045,-0.0001352,1.57104,0.785334
0.125936,-0.658941,0.251967,-2.10403,-0.000136147,1.57104,0.785334
0.126169,-0.658704,0.252424,-2.10357,-0.000135751,1.57104,0.785335
0.126407,-0.658471,0.252896,-2.10311,-0.000135305,1.57104,0.785334
0.126653,-0.658237,0.253355,-2.10265,-0.000136148,1.57104,0.785334
0.126897,-0.658,0.253827,-2.1022,-0.000139515,1.57104,0.785336
0.127138,-0.657763,0.254289,-2.10175,-0.000139043,1.57104,0.785332
0.127383,-0.65753,0.254761,-2.1013,-0.00013725,1.57104,0.785333
0.12763,-0.657296,0.255227,-2.10086,-0.000137475,1.57103,0.785337
0.127873,-0.657063,0.255697,-2.1004,-0.000133676,1.57103,0.785338
0.128113,-0.656833,0.256182,-2.09996,-0.000130917,1.57102,0.785341
0.12836,-0.656598,0.256653,-2.09951,-0.000127997,1.57102,0.785336
0.128606,-0.656366,0.257129,-2.09907,-0.000127295,1.57101,0.785332
0.128844,-0.656128,0.257606,-2.09863,-0.000127265,1.57101,0.785334
0.129085,-0.655893,0.258086,-2.09817,-0.000127254,1.57101,0.785336
0.129331,-0.655657,0.258556,-2.09773,-0.000127251,1.571,0.785331
0.129567,-0.655424,0.259032,-2.09728,-0.00012786,1.57101,0.785333
0.129801,-0.655194,0.259505,-2.09684,-0.00012786,1.57101,0.785334
0.130038,-0.654959,0.259979,-2.09638,-0.000129793,1.57101,0.785333
0.130267,-0.65472,0.260463,-2.09593,-0.000129793,1.57101,0.785337
0.130501,-0.654484,0.260919,-2.09548,-0.00012847,1.57101,0.785336
0.130728,-0.654255,0.261389,-2.09502,-0.000129792,1.57102,0.785337
0.130961,-0.654023,0.261854,-2.09456,-0.00012786,1.57102,0.785338
0.131181,-0.653789,0.262316,-2.0941,-0.00012847,1.57102,0.78534
0.131406,-0.653556,0.262787,-2.09363,-0.00012786,1.57102,0.785337
0.131634,-0.653331,0.263246,-2.09316,-0.000132437,1.57102,0.785335
0.131855,-0.653097,0.263712,-2.0927,-0.000132437,1.57102,0.785338
0.132072,-0.652862,0.264169,-2.09222,-0.000135693,1.57102,0.785333
0.1323,-0.652629,0.264628,-2.09175,-0.000136405,1.57102,0.785331
0.132524,-0.652401,0.265096,-2.09127,-0.000143466,1.57103,0.785336
0.132743,-0.652166,0.265545,-2.0908,-0.000147888,1.57103,0.785337
0.132965,-0.651929,0.266008,-2.09033,-0.000152109,1.57104,0.785337
0.133192,-0.651696,0.266457,-2.08985,-0.000152227,1.57104,0.785338
0.133409,-0.651468,0.266911,-2.08939,-0.000149622,1.57104,0.785338
0.133629,-0.651227,0.267364,-2.08892,-0.00014638,1.57104,0.785338
0.133847,-0.650999,0.267822,-2.08844,-0.000142519,1.57104,0.785338
0.134075,-0.650769,0.268278,-2.08797,-0.000137841,1.57104,0.785338
0.1343,-0.650526,0.268741,-2.08748,-0.000132653,1.57103,0.785337
0.134521,-0.650298,0.269202,-2.08701,-0.000130068,1.57103,0.785337
0.134747,-0.650063,0.269661,-2.08653,-0.000134843,1.57104,0.785334
0.134975,-0.649829,0.270128,-2.08606,-0.000138809,1.57103,0.785334
0.135194,-0.649592,0.270586,-2.08559,-0.00014108,1.57103,0.785334
0.135423,-0.649359,0.271051,-2.08511,-0.000145736,1.57103,0.785335
0.135659,-0.649119,0.271511,-2.08465,-0.000146373,1.57103,0.785338
0.135887,-0.648887,0.27198,-2.08418,-0.000145772,1.57103,0.785338
0.136115,-0.648651,0.272443,-2.0837,-0.000148419,1.57103,0.785338
0.136339,-0.648422,0.272913,-2.08324,-0.00014842,1.57103,0.785338
0.136574,-0.648183,0.273381,-2.08276,-0.000146386,1.57103,0.785341
0.136816,-0.647949,0.273837,-2.08229,-0.000143741,1.57103,0.785334
0.137041,-0.647718,0.274305,-2.08182,-0.000142521,1.57103,0.785333
0.137284,-0.647483,0.274772,-2.08135,-0.000139164,1.57103,0.785335
0.137518,-0.647248,0.275234,-2.08087,-0.000137841,1.57103,0.785337
0.137748,-0.647015,0.275706,-2.08039,-0.000137841,1.57103,0.785335
0.137987,-0.646779,0.27617,-2.07991,-0.000133264,1.57103,0.785336
0.138235,-0.64654,0.276643,-2.07943,-0.000130721,1.57103,0.785335
0.138473,-0.646303,0.277111,-2.07895,-0.000133976,1.57103,0.785335
0.138714,-0.646071,0.277584,-2.07847,-0.000133264,1.57103,0.78534
0.138951,-0.645833,0.278056,-2.078,-0.000132713,1.57103,0.785339
0.139199,-0.645601,0.278525,-2.07752,-0.000138099,1.57103,0.785338
0.139435,-0.645367,0.278999,-2.07705,-0.000142776,1.57103,0.785338
0.139679,-0.645131,0.279477,-2.07658,-0.000142402,1.57103,0.78534
0.139931,-0.644893,0.279952,-2.07612,-0.000143702,1.57103,0.785337
0.140174,-0.644652,0.280427,-2.07566,-0.000142508,1.57103,0.785338
0.140417,-0.64442,0.280914,-2.07518,-0.000140482,1.57103,0.785337
0.140666,-0.644184,0.281385,-2.07473,-0.000139874,1.57103,0.785335
0.140921,-0.643948,0.281865,-2.07427,-0.000137231,1.57103,0.785335
0.141165,-0.643715,0.282342,-2.07382,-0.000133976,1.57102,0.785335
0.141419,-0.643478,0.282827,-2.07335,-0.000133264,1.57102,0.785338
0.14167,-0.643239,0.283314,-2.07289,-0.000133976,1.57102,0.785335
0.141912,-0.642996,0.283787,-2.07244,-0.000130009,1.57101,0.785337
0.142158,-0.642753,0.284275,-2.07197,-0.000128686,1.57101,0.785339
0.142412,-0.642511,0.284752,-2.07152,-0.000123558,1.571,0.785338
0.142654,-0.642271,0.285237,-2.07106,-0.000123815,1.57101,0.785338
0.142894,-0.642034,0.285728,-2.0706,-0.00012346,1.57101,0.785336
0.14314,-0.641796,0.286204,-2.07014,-0.000127859,1.57101,0.785337
0.143383,-0.641558,0.286688,-2.06967,-0.0001263,1.57101,0.785335
0.143616,-0.641315,0.287164,-2.0692,-0.000128221,1.57101,0.785334
0.143855,-0.641077,0.287641,-2.06872,-0.000128591,1.57101,0.785338
0.144094,-0.640835,0.288127,-2.06825,-0.00012851,1.57102,0.785335
0.144328,-0.640601,0.288593,-2.06778,-0.000132391,1.57102,0.785337
0.144556,-0.640369,0.289069,-2.0673,-0.000134058,1.57102,0.78534
0.144792,-0.640132,0.289543,-2.06681,-0.000132537,1.57102,0.785339
0.145025,-0.6399,0.290017,-2.06634,-0.000132301,1.57102,0.785338
0.145246,-0.639658,0.290496,-2.06584,-0.000135791,1.57102,0.78534
0.145486,-0.639427,0.290966,-2.06535,-0.000132233,1.57102,0.785337
0.145711,-0.639189,0.291443,-2.06487,-0.000136006,1.57103,0.785335
0.14594,-0.638954,0.291917,-2.06437,-0.000137433,1.57103,0.785338
0.146159,-0.638721,0.292388,-2.06389,-0.000138417,1.57103,0.785337
0.146395,-0.638492,0.292854,-2.06341,-0.000139831,1.57103,0.785338
0.14662,-0.638256,0.293325,-2.06292,-0.000140471,1.57104,0.785338
0.146841,-0.638016,0.293801,-2.06244,-0.000138548,1.57104,0.785336
0.147081,-0.637783,0.294276,-2.06193,-0.000138552,1.57103,0.785337
0.147314,-0.637553,0.294756,-2.06144,-0.00013723,1.57103,0.785344
0.147543,-0.637315,0.295224,-2.06094,-0.000135298,1.57103,0.78534
0.147782,-0.637084,0.295693,-2.06044,-0.000137231,1.57104,0.78534
0.148013,-0.636848,0.296165,-2.05997,-0.000138553,1.57103,0.78534
0.148249,-0.636607,0.296641,-2.05948,-0.000138553,1.57104,0.785339
0.148483,-0.63637,0.297116,-2.059,-0.000137841,1.57103,0.785337
0.14872,-0.636132,0.297597,-2.05852,-0.000138553,1.57104,0.785334
0.148961,-0.635893,0.298083,-2.05802,-0.000137841,1.57104,0.785335
0.149192,-0.635651,0.298548,-2.05755,-0.000137231,1.57103,0.785335
0.149431,-0.635416,0.299031,-2.05705,-0.000134586,1.57103,0.785335
0.149676,-0.635177,0.299509,-2.05657,-0.000133976,1.57103,0.785335
0.149913,-0.634934,0.299991,-2.05609,-0.000133264,1.57103,0.785338
0.150157,-0.6347,0.300473,-2.05559,-0.000133264,1.57103,0.785339
0.150399,-0.634462,0.300949,-2.05511,-0.000135298,1.57104,0.785339
0.150637,-0.634223,0.301435,-2.05462,-0.000135298,1.57104,0.785339
0.150882,-0.633989,0.301912,-2.05413,-0.000138553,1.57104,0.785339
0.151125,-0.633746,0.302397,-2.05364,-0.000137231,1.57104,0.785338
0.151369,-0.633506,0.302888,-2.05314,-0.000134586,1.57104,0.785337
0.151615,-0.633267,0.30336,-2.05265,-0.000129458,1.57104,0.785341
0.151858,-0.633026,0.303853,-2.05216,-0.000132198,1.57104,0.785336
0.152107,-0.632791,0.304329,-2.05167,-0.000132298,1.57104,0.785336
0.152356,-0.632553,0.304815,-2.0512,-0.000132535,1.57104,0.785337
0.152604,-0.632303,0.30531,-2.05071,-0.000132004,1.57104,0.785337
0.152859,-0.632061,0.305794,-2.05025,-0.000131318,1.57104,0.785334
0.15311,-0.631818,0.306283,-2.04977,-0.000134582,1.57104,0.785334
0.15336,-0.631577,0.306772,-2.04929,-0.000132652,1.57104,0.785337
0.153616,-0.631331,0.30726,-2.04881,-0.00013133,1.57103,0.785335
0.153872,-0.631087,0.307755,-2.04834,-0.00013072,1.57103,0.785337
0.154124,-0.630848,0.308244,-2.04788,-0.000130008,1.57102,0.785338
0.154375,-0.630606,0.308739,-2.04741,-0.000126753,1.57102,0.785339
0.154627,-0.630363,0.309235,-2.04695,-0.000128686,1.57102,0.785338
0.154876,-0.630116,0.309732,-2.04649,-0.000122947,1.57101,0.78534
0.155128,-0.629867,0.310227,-2.04603,-0.000121882,1.57101,0.785339
0.155385,-0.62963,0.310713,-2.04556,-0.000118882,1.571,0.785336
0.15563,-0.629389,0.311217,-2.04509,-0.000119374,1.571,0.785337
0.15588,-0.629142,0.311706,-2.04462,-0.000120657,1.57101,0.785337
0.156126,-0.628904,0.312197,-2.04415,-0.000121966,1.57101,0.785332
0.156369,-0.628663,0.312699,-2.04369,-0.000123284,1.57101,0.785335
0.156612,-0.628419,0.313176,-2.04322,-0.000125767,1.57101,0.785335
0.156851,-0.628176,0.313663,-2.04274,-0.00012628,1.57101,0.785335
0.157094,-0.627939,0.314151,-2.04226,-0.000130088,1.57102,0.785337
0.157324,-0.627692,0.314631,-2.04179,-0.000123143,1.57102,0.785338
0.157789,-0.627207,0.315598,-2.0408,-0.000125346,1.57102,0.785338
0.158014,-0.626963,0.316084,-2.04032,-0.000126581,1.57102,0.785336
0.158247,-0.626717,0.316558,-2.03983,-0.000128485,1.57102,0.785338
0.158484,-0.626479,0.317032,-2.03933,-0.000135028,1.57103,0.785338
0.158714,-0.626239,0.317516,-2.03884,-0.000135437,1.57103,0.785336
0.158944,-0.625987,0.317991,-2.03834,-0.000139956,1.57103,0.785335
0.159173,-0.625743,0.318463,-2.03786,-0.000144039,1.57103,0.785335
0.159407,-0.625499,0.318928,-2.03737,-0.000145638,1.57104,0.785335
0.159632,-0.625256,0.319402,-2.03688,-0.000143695,1.57104,0.785334
0.159857,-0.625017,0.319872,-2.0364,-0.000141793,1.57104,0.785335
0.160086,-0.624777,0.320348,-2.0359,-0.000138548,1.57104,0.785338
0.160322,-0.624536,0.320824,-2.03541,-0.000133262,1.57104,0.785335
0.160549,-0.62429,0.321299,-2.03491,-0.000128075,1.57104,0.785338
0.160785,-0.624046,0.321773,-2.0344,-0.00012549,1.57103,0.78534
0.161014,-0.623802,0.322249,-2.03392,-0.000129655,1.57103,0.785338
0.161247,-0.62356,0.32274,-2.03342,-0.000130366,1.57103,0.78534
0.161478,-0.623312,0.323209,-2.03294,-0.000134468,1.57103,0.785339
0.161716,-0.623077,0.32369,-2.03245,-0.000139124,1.57104,0.785338
0.161955,-0.622838,0.324182,-2.03196,-0.000140473,1.57104,0.785334
0.162191,-0.622592,0.324651,-2.03149,-0.000143737,1.57103,0.785338
0.162428,-0.622346,0.325139,-2.03099,-0.000141807,1.57103,0.785335
0.162666,-0.622106,0.325618,-2.03051,-0.000141198,1.57103,0.785335
0.162908,-0.62186,0.326095,-2.03001,-0.000137841,1.57103,0.785336
0.163153,-0.621618,0.326581,-2.02952,-0.000137231,1.57103,0.785336
0.163398,-0.621382,0.327057,-2.02904,-0.000133264,1.57103,0.785338
0.163642,-0.621137,0.327546,-2.02855,-0.000133976,1.57103,0.78534
0.163887,-0.620898,0.328016,-2.02806,-0.000132043,1.57103,0.78534
0.164127,-0.620653,0.3285,-2.02757,-0.000130721,1.57104,0.78534
0.164377,-0.620404,0.32899,-2.02707,-0.000127364,1.57103,0.785339
0.16462,-0.620152,0.329469,-2.02658,-0.000126753,1.57103,0.78534
0.164866,-0.619907,0.32996,-2.02607,-0.000128076,1.57103,0.785334
0.165116,-0.619671,0.330439,-2.02559,-0.000128686,1.57103,0.785335
0.165362,-0.619426,0.330929,-2.0251,-0.000132653,1.57103,0.785337
0.16561,-0.619179,0.331421,-2.02462,-0.000135909,1.57103,0.785337
0.165865,-0.618944,0.331907,-2.02415,-0.000137231,1.57103,0.785338
0.166117,-0.618694,0.332405,-2.02367,-0.000145717,1.57103,0.785335
0.166364,-0.618451,0.332895,-2.02319,-0.000142264,1.57103,0.785338
0.166619,-0.618206,0.333387,-2.02271,-0.000142104,1.57103,0.785339
0.166876,-0.617957,0.333879,-2.02223,-0.00013577,1.57103,0.785338
0.167129,-0.617711,0.334367,-2.02175,-0.000131726,1.57102,0.78534
0.167387,-0.617465,0.334869,-2.02128,-0.000128818,1.57102,0.78534
0.167647,-0.61723,0.335369,-2.02082,-0.000126797,1.57101,0.785338
0.167898,-0.616987,0.335864,-2.02035,-0.000125446,1.57101,0.785337
0.168154,-0.616742,0.336359,-2.01989,-0.000125436,1.57101,0.785337
0.168408,-0.616497,0.336855,-2.0194,-0.00012411,1.571,0.785333
0.168663,-0.616246,0.337359,-2.01893,-0.000121464,1.571,0.785336
0.168911,-0.615998,0.337853,-2.01846,-0.000116335,1.571,0.785338
0.169164,-0.615756,0.338347,-2.01798,-0.000117203,1.57101,0.785334
0.169411,-0.615503,0.338849,-2.0175,-0.000120204,1.57101,0.785334
0.169658,-0.615257,0.339344,-2.01701,-0.000118764,1.57101,0.785337
0.169904,-0.615008,0.339837,-2.01654,-0.000120657,1.57101,0.785339
0.170151,-0.614762,0.34032,-2.01605,-0.000125772,1.57101,0.785337
0.170391,-0.614516,0.340804,-2.01556,-0.000126833,1.57101,0.785339
0.170631,-0.614271,0.341295,-2.01507,-0.000128509,1.57102,0.78534
0.170875,-0.614024,0.341781,-2.01457,-0.00012995,1.57102,0.785338
0.171113,-0.613778,0.342267,-2.01408,-0.000129989,1.57102,0.785338
0.171348,-0.613531,0.342751,-2.01358,-0.000130002,1.57102,0.785338
0.171584,-0.613295,0.343235,-2.01306,-0.000131329,1.57102,0.785335
0.171818,-0.61305,0.34372,-2.01258,-0.000134585,1.57103,0.785335
0.172055,-0.612805,0.344209,-2.01207,-0.000133264,1.57103,0.785337
0.172288,-0.612561,0.344686,-2.01157,-0.000134586,1.57103,0.785335
0.172525,-0.612319,0.34517,-2.01107,-0.000135298,1.57103,0.785335
0.172755,-0.612078,0.345647,-2.01057,-0.000133264,1.57104,0.785338
0.172988,-0.61183,0.346132,-2.01007,-0.000132043,1.57103,0.785338
0.173223,-0.611587,0.346621,-2.00956,-0.000132043,1.57103,0.785339
0.173462,-0.61134,0.347108,-2.00905,-0.000132043,1.57103,0.785339
0.173698,-0.611098,0.34759,-2.00855,-0.000131331,1.57103,0.78534
0.173934,-0.610863,0.348079,-2.00804,-0.000133264,1.57103,0.78534
0.174179,-0.610614,0.348562,-2.00756,-0.000133976,1.57103,0.785338
0.174416,-0.610362,0.349048,-2.00706,-0.000133976,1.57103,0.785337
0.174659,-0.610125,0.349529,-2.00655,-0.000135298,1.57103,0.785335
0.174901,-0.609879,0.350021,-2.00606,-0.000134586,1.57103,0.785335
0.175146,-0.609635,0.350513,-2.00556,-0.000132043,1.57103,0.785335
0.175383,-0.609387,0.350999,-2.00508,-0.000129398,1.57103,0.785336
0.175624,-0.609146,0.35149,-2.00458,-0.000127364,1.57103,0.785338
0.175871,-0.6089,0.35198,-2.00407,-0.000128686,1.57103,0.785335
0.176114,-0.608647,0.352468,-2.00359,-0.000127364,1.57104,0.785339
0.176363,-0.608403,0.352961,-2.00308,-0.000128686,1.57104,0.78534
0.176611,-0.608162,0.35345,-2.00259,-0.000128686,1.57104,0.785339
0.176858,-0.607913,0.353944,-2.00209,-0.000130009,1.57103,0.785338
0.177108,-0.607673,0.354433,-2.00159,-0.000131331,1.57104,0.78534
0.177354,-0.607429,0.354926,-2.00109,-0.000130721,1.57104,0.785336
0.177605,-0.607178,0.355426,-2.00059,-0.000127364,1.57104,0.785334
0.177857,-0.606932,0.355912,-2.00009,-0.000128686,1.57104,0.785338
0.178105,-0.606693,0.356408,-1.9996,-0.000128686,1.57104,0.785332
0.178362,-0.606443,0.356915,-1.9991,-0.000129398,1.57104,0.785333
0.17861,-0.606198,0.357397,-1.99861,-0.000128686,1.57104,0.785335
0.178858,-0.605951,0.357904,-1.99812,-0.000128686,1.57104,0.785334
0.179122,-0.605705,0.358393,-1.99765,-0.000130721,1.57104,0.785335
0.179374,-0.60545,0.358893,-1.99717,-0.000130721,1.57104,0.785339
0.179635,-0.605206,0.359393,-1.99667,-0.000133204,1.57103,0.785339
0.179904,-0.604957,0.359893,-1.9962,-0.000132396,1.57103,0.785338
0.18016,-0.604707,0.360402,-1.99572,-0.000129753,1.57102,0.785335
0.180416,-0.604462,0.360897,-1.99524,-0.000129517,1.57102,0.785338
0.180678,-0.604211,0.361401,-1.99478,-0.000127403,1.57101,0.785337
0.18094,-0.603961,0.361917,-1.9943,-0.000124834,1.57101,0.785338
0.181197,-0.603708,0.362416,-1.99384,-0.00012279,1.571,0.785337
0.181454,-0.603466,0.362926,-1.99336,-0.000120855,1.571,0.785337
0.18222,-0.602728,0.364441,-1.99193,-0.000110947,1.571,0.785337
0.182473,-0.602479,0.364943,-1.99145,-0.000114186,1.57101,0.785339
0.182718,-0.602232,0.365442,-1.99096,-0.000114757,1.57101,0.785338
0.182962,-0.601988,0.365942,-1.99048,-0.000120584,1.57101,0.785339
0.183213,-0.601738,0.366427,-1.98999,-0.000123578,1.57101,0.785338
0.18345,-0.601481,0.366925,-1.98951,-0.000123932,1.57102,0.785338
0.183691,-0.601236,0.36741,-1.98902,-0.000121566,1.57101,0.785337
0.183931,-0.600991,0.367905,-1.98852,-0.000124346,1.57102,0.785339
0.184164,-0.600743,0.368402,-1.98802,-0.000122586,1.57102,0.785335
0.184404,-0.600503,0.36888,-1.98752,-0.000128212,1.57102,0.785337
0.18464,-0.600258,0.369368,-1.98702,-0.000129613,1.57102,0.785337
0.184882,-0.600012,0.369849,-1.98651,-0.000129877,1.57103,0.785337
0.185113,-0.599757,0.370337,-1.98601,-0.000131999,1.57103,0.785334
0.185351,-0.599506,0.37082,-1.98551,-0.000133961,1.57103,0.785335
0.185592,-0.599261,0.371292,-1.98501,-0.000136616,1.57104,0.785336
0.18582,-0.599013,0.371772,-1.98452,-0.000135907,1.57104,0.785335
0.186055,-0.598767,0.372255,-1.98402,-0.000135908,1.57104,0.785338
0.186289,-0.598527,0.372734,-1.98352,-0.000133976,1.57104,0.785339
0.186525,-0.598273,0.373224,-1.98301,-0.000130008,1.57104,0.78534
0.18676,-0.598028,0.373698,-1.98251,-0.000127364,1.57103,0.785339
0.186992,-0.597776,0.374192,-1.982,-0.000124821,1.57103,0.78534
0.187229,-0.597533,0.374676,-1.9815,-0.000126143,1.57103,0.785338
0.187463,-0.597283,0.375159,-1.981,-0.000128076,1.57103,0.785341
0.187701,-0.597035,0.375647,-1.98051,-0.000132043,1.57103,0.785337
0.187946,-0.596787,0.376133,-1.98002,-0.000137172,1.57103,0.785335
0.188182,-0.596537,0.376623,-1.97953,-0.000139559,1.57103,0.785334
0.188425,-0.59629,0.377106,-1.97903,-0.000142458,1.57104,0.785337
0.188667,-0.596048,0.377599,-1.97854,-0.00013877,1.57103,0.785336
0.188908,-0.595797,0.378086,-1.97804,-0.000136422,1.57103,0.785338
0.189153,-0.595551,0.378567,-1.97755,-0.000134147,1.57103,0.785339
0.189398,-0.595308,0.379058,-1.97705,-0.000130066,1.57103,0.78534
0.189642,-0.595059,0.379554,-1.97655,-0.000126162,1.57103,0.785339
0.189892,-0.594817,0.380043,-1.97606,-0.000124115,1.57103,0.785339
0.19014,-0.59457,0.38053,-1.97557,-0.000125433,1.57103,0.785339
0.190384,-0.594328,0.381025,-1.97506,-0.000125432,1.57103,0.78534
0.19063,-0.594081,0.381516,-1.97456,-0.000122176,1.57103,0.785337
0.19088,-0.593825,0.381999,-1.97407,-0.000124821,1.57103,0.785335
0.191132,-0.593583,0.382497,-1.97357,-0.000124821,1.57103,0.785336
0.191379,-0.593333,0.382996,-1.97307,-0.000124821,1.57103,0.785336
0.191632,-0.593094,0.383492,-1.97258,-0.000127364,1.57103,0.785334
0.191887,-0.592849,0.383988,-1.97209,-0.000131331,1.57103,0.785338
0.192139,-0.592603,0.384484,-1.97161,-0.000132653,1.57103,0.785339
0.192395,-0.592358,0.384978,-1.97113,-0.000133976,1.57103,0.78534
0.192654,-0.592107,0.385477,-1.97064,-0.000137782,1.57102,0.785339
0.192908,-0.591858,0.385976,-1.97016,-0.000132396,1.57102,0.785341
0.193167,-0.591616,0.38648,-1.96968,-0.000128431,1.57102,0.785338
0.193426,-0.591373,0.386969,-1.96921,-0.000124939,1.57102,0.78534
0.193684,-0.591136,0.387469,-1.96873,-0.000122215,1.57102,0.785339
0.193943,-0.590881,0.387983,-1.96826,-0.000119544,1.57101,0.785335
0.194202,-0.590628,0.388485,-1.96779,-0.000118925,1.57101,0.785333
0.194464,-0.590383,0.388988,-1.96731,-0.000120244,1.571,0.785336
0.194723,-0.590127,0.389493,-1.96683,-0.000119531,1.571,0.785336
0.194975,-0.589885,0.390002,-1.96634,-0.000120243,1.57099,0.785335
0.195227,-0.589638,0.390495,-1.96588,-0.000120853,1.571,0.785338
0.195475,-0.589387,0.391002,-1.96539,-0.000120853,1.571,0.785339
0.195726,-0.58914,0.3915,-1.96491,-0.000120853,1.571,0.785338
0.195974,-0.588891,0.392,-1.96442,-0.000122786,1.571,0.785339
0.196228,-0.588637,0.392493,-1.96392,-0.000121464,1.571,0.785339
0.19647,-0.588395,0.392987,-1.96343,-0.000118268,1.57101,0.785343
0.19672,-0.588145,0.393476,-1.96294,-0.000119788,1.57101,0.785338
0.196964,-0.587904,0.393964,-1.96244,-0.000122431,1.57101,0.785337
0.197199,-0.587656,0.39446,-1.96194,-0.00012399,1.57102,0.785338
0.197438,-0.587409,0.394947,-1.96143,-0.000123459,1.57102,0.785336
0.197686,-0.587166,0.39544,-1.96094,-0.000125418,1.57102,0.785335
0.197922,-0.586921,0.395935,-1.96042,-0.000124104,1.57102,0.785336
0.198156,-0.586679,0.396419,-1.95991,-0.000125429,1.57102,0.785337
0.198399,-0.586435,0.396911,-1.95941,-0.000128075,1.57103,0.785335
0.198634,-0.586194,0.397398,-1.9589,-0.000130008,1.57103,0.785335
0.198874,-0.585958,0.397883,-1.95841,-0.000130721,1.57103,0.78534
0.199108,-0.585712,0.398366,-1.9579,-0.000132043,1.57104,0.785339
0.199341,-0.585473,0.39886,-1.95738,-0.000130009,1.57104,0.78534
0.19958,-0.585226,0.399346,-1.95688,-0.000128076,1.57104,0.78534
0.19982,-0.584979,0.399835,-1.95636,-0.000125431,1.57103,0.785339
0.200068,-0.58474,0.40032,-1.95586,-0.000123498,1.57103,0.785338
0.200303,-0.584499,0.400807,-1.95535,-0.000124108,1.57103,0.785339
0.200546,-0.584259,0.401301,-1.95484,-0.000124108,1.57103,0.785336
0.200787,-0.584011,0.40178,-1.95435,-0.000125431,1.57103,0.785336
0.201034,-0.583766,0.402275,-1.95384,-0.000128076,1.57103,0.785336
0.201283,-0.583517,0.402766,-1.95334,-0.000131272,1.57103,0.785337
0.201522,-0.583267,0.403253,-1.95285,-0.000130463,1.57103,0.785335
0.201768,-0.583017,0.40375,-1.95235,-0.000130364,1.57103,0.785337
0.202016,-0.582773,0.404239,-1.95186,-0.000126261,1.57103,0.78534
0.202259,-0.582525,0.404738,-1.95135,-0.000122215,1.57103,0.785338
0.202512,-0.582289,0.405225,-1.95084,-0.000122799,1.57103,0.785339
0.202759,-0.582047,0.405724,-1.95035,-0.00012218,1.57103,0.785339
0.203009,-0.581796,0.406224,-1.94985,-0.000120855,1.57103,0.78534
0.203261,-0.581555,0.406711,-1.94935,-0.000123499,1.57103,0.78534
0.203507,-0.581311,0.407209,-1.94885,-0.000125431,1.57104,0.785338
0.203754,-0.581068,0.407713,-1.94834,-0.000123498,1.57103,0.785337
0.204004,-0.58082,0.408199,-1.94784,-0.000122176,1.57104,0.785335
0.204262,-0.580578,0.408696,-1.94733,-0.000122176,1.57103,0.785334
0.204511,-0.580338,0.409194,-1.94684,-0.000119531,1.57104,0.785335
0.204769,-0.580093,0.409691,-1.94635,-0.000121464,1.57104,0.785337
0.205023,-0.579848,0.410194,-1.94585,-0.000124821,1.57104,0.785338
0.20528,-0.5796,0.410697,-1.94537,-0.000122786,1.57104,0.785339
0.205533,-0.579349,0.411199,-1.94489,-0.000124108,1.57103,0.78534
0.205798,-0.579097,0.411686,-1.9444,-0.000126753,1.57103,0.785338
0.206052,-0.578848,0.412187,-1.94392,-0.000124108,1.57103,0.785339
0.206305,-0.578599,0.412702,-1.94344,-0.000121464,1.57102,0.78534
0.206563,-0.57835,0.413197,-1.94297,-0.000121464,1.57102,0.785336
0.206824,-0.578111,0.413708,-1.94249,-0.000118208,1.57101,0.785334
0.207083,-0.577865,0.414226,-1.94202,-0.000117598,1.57101,0.785337
0.207334,-0.577614,0.414727,-1.94155,-0.000114953,1.571,0.785334
0.207596,-0.577369,0.415237,-1.94107,-0.000116276,1.571,0.785335
0.207853,-0.577125,0.415732,-1.9406,-0.000116886,1.571,0.785339
0.208105,-0.576874,0.41624,-1.94012,-0.000114953,1.571,0.78534
0.208359,-0.576631,0.416749,-1.93964,-0.000117598,1.571,0.785337
0.208605,-0.576394,0.41725,-1.93916,-0.000117598,1.571,0.785341
0.208856,-0.576144,0.417753,-1.93867,-0.000117598,1.571,0.785339
0.209104,-0.575901,0.418242,-1.93819,-0.000116276,1.57101,0.785338
0.209355,-0.575658,0.418731,-1.9377,-0.000120243,1.57101,0.785337
0.209594,-0.575404,0.419234,-1.93721,-0.000120853,1.57101,0.785338
0.209826,-0.57515,0.419717,-1.93673,-0.000120853,1.57102,0.785335
0.210067,-0.574901,0.42021,-1.93622,-0.000121464,1.57102,0.785335
0.210307,-0.574657,0.420697,-1.93572,-0.000120853,1.57102,0.785335
0.21054,-0.574413,0.421184,-1.93522,-0.000123498,1.57102,0.785335
0.210772,-0.574166,0.421672,-1.93472,-0.000124108,1.57102,0.785336
0.211015,-0.573927,0.422157,-1.93422,-0.000125431,1.57102,0.785341
0.211247,-0.573668,0.422643,-1.93371,-0.000126143,1.57103,0.785339
0.211479,-0.573421,0.423129,-1.93321,-0.000127364,1.57103,0.785338
0.211722,-0.573175,0.423601,-1.93271,-0.000132043,1.57104,0.785336
0.211954,-0.572924,0.424081,-1.93222,-0.000130721,1.57104,0.78534
0.212183,-0.572685,0.424553,-1.93172,-0.000131882,1.57104,0.785335
0.212419,-0.572442,0.425037,-1.93122,-0.000132947,1.57104,0.785334
0.212657,-0.572202,0.42552,-1.93071,-0.00013198,1.57104,0.785338
0.212883,-0.571945,0.425999,-1.93021,-0.000122392,1.57103,0.785337
0.213118,-0.571699,0.426482,-1.92971,-0.000120756,1.57103,0.785338
0.213357,-0.571458,0.426964,-1.9292,-0.000121635,1.57103,0.785339
0.213589,-0.57121,0.427451,-1.9287,-0.000122843,1.57103,0.78534
0.213828,-0.570955,0.427937,-1.92821,-0.00012545,1.57103,0.785338
0.214071,-0.570718,0.42842,-1.92771,-0.000131888,1.57103,0.78534
0.214309,-0.570464,0.428909,-1.92722,-0.000134984,1.57103,0.785338
0.214554,-0.570216,0.4294,-1.92673,-0.00013666,1.57103,0.785336
0.214792,-0.569969,0.429887,-1.92623,-0.000136778,1.57103,0.785335
0.21504,-0.569723,0.430371,-1.92575,-0.000134783,1.57103,0.785335
0.215282,-0.569475,0.430848,-1.92526,-0.000128345,1.57103,0.785335
0.215523,-0.569232,0.431337,-1.92476,-0.000125902,1.57103,0.785335
0.215776,-0.568997,0.431824,-1.92427,-0.000120163,1.57103,0.785338
0.216019,-0.568748,0.432313,-1.92377,-0.00011669,1.57103,0.785334
0.216262,-0.5685,0.432795,-1.92328,-0.000117024,1.57103,0.785338
0.21651,-0.568259,0.433284,-1.92279,-0.000118254,1.57103,0.78534
0.216759,-0.568011,0.433773,-1.92229,-0.000118224,1.57103,0.78534
0.217006,-0.567767,0.434261,-1.9218,-0.000120858,1.57103,0.785337
0.217249,-0.567515,0.434745,-1.9213,-0.000120855,1.57103,0.785342
0.217499,-0.567271,0.435236,-1.92081,-0.000121464,1.57103,0.785339
0.217753,-0.567025,0.435722,-1.92032,-0.000124821,1.57103,0.785337
0.217998,-0.566775,0.436223,-1.91983,-0.000127364,1.57103,0.785338
0.218251,-0.566533,0.436719,-1.91935,-0.000126143,1.57103,0.785338
0.218504,-0.566283,0.437206,-1.91888,-0.000127364,1.57103,0.785334
0.21876,-0.566035,0.437695,-1.9184,-0.000130559,1.57102,0.785335
0.21901,-0.565797,0.4382,-1.91792,-0.000127819,1.57102,0.785333
0.219265,-0.565546,0.438688,-1.91744,-0.000123853,1.57102,0.785336
0.21952,-0.565296,0.439186,-1.91697,-0.000122235,1.57101,0.785339
0.219774,-0.565062,0.439683,-1.9165,-0.000117991,1.57101,0.785339
0.220037,-0.564817,0.440186,-1.91603,-0.000115321,1.571,0.78534
0.220284,-0.564579,0.440688,-1.91556,-0.000114466,1.571,0.785341
0.220541,-0.564325,0.441184,-1.91509,-0.000114994,1.571,0.785338
0.220796,-0.564086,0.441692,-1.91461,-0.000114967,1.571,0.785336
0.221055,-0.563837,0.442188,-1.91414,-0.000114347,1.571,0.78534
0.2213,-0.563585,0.442678,-1.91367,-0.000116277,1.571,0.785336
0.221549,-0.563347,0.44318,-1.91318,-0.000116886,1.571,0.785336
0.221792,-0.5631,0.443672,-1.91271,-0.000116886,1.571,0.785338
0.222042,-0.562844,0.444164,-1.91222,-0.000118921,1.571,0.785335
0.22229,-0.562602,0.444665,-1.91173,-0.000116886,1.57101,0.785338
0.222535,-0.56235,0.445144,-1.91125,-0.000116886,1.57101,0.78534
0.222774,-0.562105,0.445631,-1.91075,-0.000116886,1.57101,0.785338
0.223015,-0.561861,0.446113,-1.91028,-0.00011892,1.57101,0.785339
0.223257,-0.561615,0.446599,-1.90977,-0.000119531,1.57101,0.78534
0.223495,-0.561373,0.447089,-1.90928,-0.00011892,1.57101,0.785337
0.223724,-0.561129,0.447561,-1.90878,-0.000122176,1.57102,0.785335
0.22396,-0.560889,0.448048,-1.90827,-0.000124049,1.57102,0.785337
0.224196,-0.560644,0.448534,-1.90777,-0.000121919,1.57102,0.785335
0.224433,-0.560399,0.449018,-1.90726,-0.000121819,1.57102,0.785337
0.224662,-0.560158,0.44951,-1.90676,-0.000122904,1.57103,0.78534
0.224899,-0.55992,0.449977,-1.90627,-0.000126182,1.57103,0.78534
0.225134,-0.55967,0.450459,-1.90576,-0.000129352,1.57103,0.78534
0.225363,-0.559427,0.450938,-1.90527,-0.000131019,1.57104,0.785338
0.225599,-0.559185,0.451418,-1.90476,-0.000130049,1.57104,0.785338
0.22584,-0.558942,0.451911,-1.90425,-0.000130166,1.57104,0.785338
0.226073,-0.558697,0.452383,-1.90375,-0.000124364,1.57104,0.785335
0.226307,-0.558452,0.452865,-1.90325,-0.000119447,1.57103,0.785336
0.22655,-0.558214,0.45335,-1.90276,-0.000119706,1.57103,0.785335
0.226791,-0.557967,0.45383,-1.90226,-0.000120301,1.57103,0.785335
0.227033,-0.557726,0.454323,-1.90176,-0.000120262,1.57103,0.785337
0.227279,-0.557486,0.4548,-1.90128,-0.000120249,1.57103,0.785338
0.227522,-0.557237,0.455287,-1.90078,-0.000125984,1.57103,0.78534
0.227754,-0.556995,0.455775,-1.9003,-0.000123852,1.57103,0.78534
0.227993,-0.55675,0.456262,-1.89981,-0.000120598,1.57103,0.785338
0.228238,-0.556501,0.456749,-1.89931,-0.000119039,1.57103,0.785336
0.228486,-0.55626,0.457232,-1.89883,-0.00011957,1.57103,0.785336
0.228729,-0.55602,0.457722,-1.89833,-0.000118222,1.57103,0.785338
0.228974,-0.555779,0.458216,-1.89784,-0.000118213,1.57103,0.785335
0.229219,-0.55554,0.458698,-1.89735,-0.000120855,1.57103,0.785335
0.229463,-0.55529,0.459182,-1.89685,-0.000122176,1.57103,0.785336
0.229712,-0.555049,0.459674,-1.89637,-0.000124049,1.57103,0.785335
0.229957,-0.554803,0.460161,-1.89587,-0.000125114,1.57103,0.785338
0.230207,-0.554561,0.460644,-1.89538,-0.000120951,1.57103,0.785339
0.230447,-0.55432,0.461132,-1.89489,-0.000118682,1.57103,0.785338
0.230699,-0.554076,0.461624,-1.8944,-0.000116433,1.57103,0.785339
0.230955,-0.553837,0.462112,-1.89392,-0.000116939,1.57103,0.78534
0.231198,-0.553599,0.462608,-1.89344,-0.000115581,1.57103,0.785338
0.231448,-0.553343,0.463096,-1.89297,-0.000117604,1.57103,0.785336
0.231713,-0.553095,0.463583,-1.89249,-0.000121466,1.57103,0.785338
0.231962,-0.552852,0.464076,-1.89202,-0.000122787,1.57103,0.785335
0.232221,-0.552614,0.464572,-1.89155,-0.000121464,1.57102,0.785335
0.232472,-0.552365,0.465071,-1.89107,-0.000122786,1.57102,0.785337
0.232725,-0.55212,0.465564,-1.8906,-0.000118921,1.57101,0.785336
0.232981,-0.551881,0.466064,-1.89014,-0.000117598,1.57101,0.785337
0.233238,-0.551634,0.466563,-1.88968,-0.000114343,1.571,0.785338
0.233493,-0.551389,0.46706,-1.88921,-0.000114343,1.571,0.78534
0.233747,-0.551143,0.467559,-1.88875,-0.000112308,1.571,0.785339
0.234001,-0.550903,0.468057,-1.88828,-0.000110376,1.57099,0.785339
0.234253,-0.550661,0.468556,-1.88781,-0.000111698,1.57099,0.785338
0.234496,-0.550416,0.469044,-1.88735,-0.000111698,1.571,0.785337
0.234745,-0.55018,0.469542,-1.88687,-0.000110986,1.571,0.785336
0.235474,-0.549453,0.471005,-1.88543,-0.000114343,1.57101,0.785337
0.235707,-0.549209,0.471483,-1.88496,-0.000114953,1.57102,0.785335
0.235945,-0.548959,0.471969,-1.88447,-0.000117598,1.57102,0.78534
0.236181,-0.548724,0.472446,-1.88399,-0.000118208,1.57102,0.785338
0.236414,-0.548483,0.472925,-1.8835,-0.00011892,1.57102,0.78534
0.236645,-0.548241,0.473405,-1.88301,-0.000119531,1.57102,0.785341
0.236872,-0.547997,0.47388,-1.88252,-0.000120243,1.57102,0.785341
0.237108,-0.547757,0.474362,-1.88202,-0.000120243,1.57102,0.785336
0.237345,-0.547512,0.474832,-1.88153,-0.000118208,1.57102,0.785336
0.237575,-0.547266,0.475301,-1.88103,-0.000120853,1.57102,0.785339
0.237806,-0.547031,0.475777,-1.88054,-0.000122786,1.57103,0.785335
0.238037,-0.546791,0.476234,-1.88006,-0.000124821,1.57103,0.785335
0.238263,-0.546548,0.476709,-1.87957,-0.000124821,1.57104,0.785337
0.238493,-0.546305,0.477184,-1.87909,-0.000124108,1.57104,0.785335
0.238724,-0.546065,0.477648,-1.8786,-0.000124659,1.57104,0.785338
0.238958,-0.54582,0.478128,-1.8781,-0.000125114,1.57103,0.785341
0.239187,-0.545577,0.478592,-1.87762,-0.000121663,1.57103,0.78534
0.23941,-0.545339,0.479068,-1.87711,-0.000118072,1.57103,0.785339
0.239651,-0.545096,0.479546,-1.87663,-0.000119078,1.57103,0.78534
0.239881,-0.544854,0.480019,-1.87614,-0.000120296,1.57103,0.78534
0.240112,-0.544606,0.480499,-1.87565,-0.000122804,1.57103,0.785333
0.240347,-0.544373,0.480969,-1.87518,-0.000124114,1.57103,0.785338
0.240587,-0.544123,0.481443,-1.87469,-0.000129951,1.57103,0.785336
0.240824,-0.543887,0.481927,-1.87422,-0.000130405,1.57103,0.785336
0.241053,-0.543643,0.482398,-1.87374,-0.000130759,1.57103,0.785335
0.241296,-0.543396,0.482872,-1.87326,-0.000130878,1.57103,0.785338
0.241535,-0.543157,0.483355,-1.87278,-0.000126238,1.57102,0.78534
0.241767,-0.542927,0.483828,-1.87229,-0.00011974,1.57102,0.785339
0.242016,-0.542687,0.484304,-1.87182,-0.000115939,1.57102,0.785338
0.24225,-0.54245,0.484778,-1.87133,-0.000114875,1.57102,0.78534
0.242484,-0.542206,0.485252,-1.87085,-0.000115741,1.57102,0.78534
0.242728,-0.541969,0.485734,-1.87037,-0.000116335,1.57102,0.785338
0.242968,-0.541725,0.486215,-1.86989,-0.000118169,1.57103,0.785336
0.243217,-0.541479,0.48669,-1.8694,-0.000117958,1.57103,0.785337
0.243458,-0.541244,0.487172,-1.86892,-0.000121151,1.57103,0.785335
0.243699,-0.540996,0.487648,-1.86844,-0.000120715,1.57103,0.785337
0.243944,-0.540761,0.488136,-1.86796,-0.00012257,1.57103,0.785338
0.244182,-0.540522,0.488609,-1.86749,-0.00012357,1.57102,0.785335
0.244432,-0.540281,0.489087,-1.86702,-0.000125158,1.57102,0.78534
0.244685,-0.540046,0.489568,-1.86655,-0.000124874,1.57102,0.78534
0.244929,-0.539804,0.490053,-1.86609,-0.00012427,1.57102,0.78534
0.245173,-0.539577,0.49054,-1.86562,-0.000119788,1.57102,0.78534
0.245426,-0.539335,0.491017,-1.86516,-0.000120057,1.57102,0.78534
0.245681,-0.539094,0.491502,-1.8647,-0.000116451,1.57101,0.785337
0.245927,-0.538856,0.491995,-1.86424,-0.000116885,1.571,0.785335
0.246179,-0.538617,0.492475,-1.86378,-0.000116648,1.571,0.785338
0.246433,-0.53838,0.492962,-1.86331,-0.000116637,1.571,0.785335
0.246673,-0.538139,0.493443,-1.86286,-0.000113751,1.571,0.785334
0.246921,-0.537898,0.493931,-1.86239,-0.000113671,1.571,0.785338
0.247175,-0.537655,0.494423,-1.86194,-0.000113034,1.571,0.785338
0.247413,-0.537414,0.494903,-1.86147,-0.000113025,1.57099,0.785338
0.247652,-0.537177,0.495394,-1.861,-0.00011231,1.571,0.785338
0.247896,-0.536937,0.495863,-1.86055,-0.000113631,1.571,0.78534
0.248135,-0.536698,0.496349,-1.86007,-0.000111698,1.571,0.78534
0.248373,-0.536461,0.49683,-1.8596,-0.000111698,1.571,0.785338
0.248609,-0.536221,0.4973,-1.85912,-0.000112308,1.57101,0.785338
0.248846,-0.535978,0.49778,-1.85864,-0.000110986,1.57101,0.785336
0.249082,-0.535742,0.49825,-1.85816,-0.000110986,1.57101,0.785337
0.249314,-0.535509,0.498725,-1.85768,-0.000112308,1.57101,0.785335
0.249546,-0.535275,0.499196,-1.8572,-0.000113631,1.57101,0.785335
0.249778,-0.53504,0.499663,-1.85671,-0.000116886,1.57102,0.785335
0.250006,-0.534806,0.500142,-1.85623,-0.000118208,1.57102,0.785333
0.250237,-0.53457,0.50061,-1.85574,-0.000119531,1.57102,0.785334
0.250463,-0.534334,0.501086,-1.85525,-0.000120853,1.57102,0.785338
0.25069,-0.534099,0.501551,-1.85476,-0.000122116,1.57103,0.785338
0.250919,-0.533871,0.50202,-1.85426,-0.000124504,1.57103,0.785335
0.251143,-0.533637,0.502484,-1.85379,-0.000124206,1.57103,0.785339
0.251373,-0.53341,0.502956,-1.85329,-0.000119394,1.57103,0.785338
0.251596,-0.533178,0.503422,-1.85281,-0.000119078,1.57104,0.78534
0.251829,-0.532946,0.503891,-1.85231,-0.000124102,1.57103,0.785339
0.252065,-0.532718,0.504358,-1.85183,-0.000122487,1.57103,0.78534
0.252293,-0.532479,0.504825,-1.85134,-0.000120898,1.57103,0.785343
0.252522,-0.532251,0.505293,-1.85085,-0.000116494,1.57103,0.785338
0.252757,-0.532014,0.505764,-1.85037,-0.000116077,1.57103,0.78534
0.252987,-0.531772,0.506237,-1.84989,-0.000116447,1.57103,0.785339
0.253224,-0.531542,0.506711,-1.84941,-0.000117655,1.57103,0.785338
0.253465,-0.531311,0.507176,-1.84894,-0.000116905,1.57103,0.785336
0.253698,-0.531074,0.507652,-1.84845,-0.000122123,1.57103,0.785338
0.253932,-0.530837,0.508115,-1.84799,-0.000125116,1.57103,0.785337
0.254165,-0.530599,0.50859,-1.84751,-0.000124148,1.57103,0.785335
0.254411,-0.530359,0.509066,-1.84704,-0.00012107,1.57103,0.785336
0.254649,-0.530129,0.509539,-1.84656,-0.000116789,1.57103,0.785338
0.254887,-0.529893,0.510013,-1.84607,-0.000114514,1.57102,0.785337
0.255123,-0.529667,0.51048,-1.8456,-0.000112365,1.57102,0.78534
0.255359,-0.529433,0.510959,-1.84512,-0.000111005,1.57103,0.785338
0.255601,-0.529204,0.511425,-1.84464,-0.000112315,1.57103,0.78534
0.255838,-0.528976,0.511895,-1.84417,-0.000113023,1.57103,0.78534
0.256081,-0.528738,0.512372,-1.84369,-0.000113021,1.57103,0.78534
0.256324,-0.528502,0.512842,-1.84321,-0.000112309,1.57103,0.78534
0.256557,-0.528269,0.51332,-1.84274,-0.00011302,1.57103,0.78534
0.256808,-0.528042,0.513793,-1.84226,-0.000116886,1.57103,0.785338
0.25704,-0.527801,0.51427,-1.84179,-0.000113631,1.57103,0.785335
0.257283,-0.527567,0.514742,-1.84132,-0.000113631,1.57103,0.785337
0.25753,-0.527338,0.515219,-1.84086,-0.000115564,1.57103,0.785338
0.257776,-0.527102,0.515692,-1.8404,-0.000116276,1.57103,0.785336
0.258019,-0.526866,0.516168,-1.83994,-0.000115564,1.57103,0.785332
0.258264,-0.526631,0.516637,-1.83949,-0.000115564,1.57103,0.785338
0.258512,-0.526391,0.517112,-1.83903,-0.000114343,1.57102,0.785335
0.258757,-0.526157,0.517603,-1.83858,-0.000109663,1.57101,0.785334
0.259,-0.525919,0.518071,-1.83813,-0.000107731,1.57101,0.785335
0.259246,-0.525692,0.518559,-1.83768,-0.000105798,1.571,0.785337
0.259491,-0.525455,0.519036,-1.83723,-0.000104475,1.57099,0.785335
0.259738,-0.525218,0.519517,-1.83678,-0.000103865,1.57099,0.785338
0.259986,-0.524996,0.519996,-1.83633,-0.000105086,1.57099,0.785338
0.260226,-0.524762,0.520466,-1.83588,-0.00010712,1.57099,0.785341
0.260459,-0.524529,0.52095,-1.83543,-0.00010712,1.57099,0.785342
0.260697,-0.524295,0.521424,-1.83499,-0.000109053,1.57099,0.785338
0.260935,-0.524072,0.521895,-1.83452,-0.000111698,1.571,0.785338
0.261164,-0.523835,0.52238,-1.83407,-0.000111698,1.571,0.785341
0.261394,-0.523602,0.522839,-1.83361,-0.000110376,1.571,0.785338
0.26163,-0.523373,0.523304,-1.83314,-0.000112308,1.57101,0.785335
0.261861,-0.523143,0.523769,-1.83268,-0.00011302,1.57101,0.785335
0.262079,-0.522906,0.524232,-1.83221,-0.000112308,1.57101,0.785337
0.262301,-0.522675,0.524693,-1.83174,-0.000113631,1.57102,0.785334
0.262525,-0.522441,0.52515,-1.83127,-0.000113631,1.57102,0.785338
0.262746,-0.522208,0.525615,-1.8308,-0.000117539,1.57102,0.785336
0.26297,-0.521973,0.526073,-1.83033,-0.000114696,1.57102,0.785338
0.263189,-0.521739,0.526527,-1.82985,-0.000115308,1.57102,0.785338
0.263416,-0.521502,0.526987,-1.82937,-0.000117004,1.57102,0.785341
0.263637,-0.521271,0.527447,-1.82889,-0.000116925,1.57102,0.785338
0.263857,-0.521038,0.527894,-1.82842,-0.000118934,1.57102,0.785338
0.26408,-0.520808,0.528346,-1.82794,-0.000120247,1.57103,0.785341
0.264297,-0.520581,0.528791,-1.82748,-0.000122118,1.57103,0.78534
0.264511,-0.520354,0.52924,-1.82701,-0.000123792,1.57104,0.785335
0.264735,-0.520124,0.529698,-1.82654,-0.000122825,1.57104,0.785339
0.264959,-0.519895,0.530146,-1.82607,-0.00012101,1.57104,0.785338
0.26518,-0.519669,0.530606,-1.82559,-0.000118405,1.57103,0.785335
0.265396,-0.519429,0.531055,-1.82512,-0.000115222,1.57103,0.785337
0.265618,-0.519203,0.531515,-1.82465,-0.000116094,1.57103,0.785334
0.265849,-0.518969,0.531978,-1.82419,-0.000119648,1.57103,0.785336
0.266066,-0.518738,0.532428,-1.82372,-0.00012324,1.57103,0.785335
0.266295,-0.518504,0.53289,-1.82325,-0.000123556,1.57103,0.785338
0.266521,-0.518274,0.533343,-1.82279,-0.000122949,1.57103,0.785338
0.266749,-0.518038,0.533808,-1.82233,-0.000124307,1.57103,0.785334
0.266975,-0.517806,0.534253,-1.82187,-0.000124319,1.57103,0.785335
0.267198,-0.517579,0.534712,-1.82141,-0.000123,1.57103,0.78534
0.267439,-0.517342,0.535167,-1.82095,-0.000121679,1.57102,0.78534
0.267668,-0.517114,0.535629,-1.8205,-0.000116551,1.57102,0.785338
0.267895,-0.516887,0.536077,-1.82004,-0.000115426,1.57102,0.785338
0.268129,-0.516663,0.536532,-1.81958,-0.000112229,1.57102,0.785341
0.268356,-0.516438,0.536991,-1.81912,-0.00011079,1.57102,0.785342
0.268586,-0.516201,0.537442,-1.81865,-0.000108581,1.57102,0.785339
0.268817,-0.515974,0.537901,-1.81819,-0.000109099,1.57103,0.785339
0.269052,-0.515748,0.538351,-1.81773,-0.000111713,1.57103,0.785337
0.269281,-0.515513,0.538811,-1.81726,-0.000116221,1.57103,0.785334
0.26951,-0.515279,0.539259,-1.81681,-0.00011602,1.57103,0.785334
0.269744,-0.515053,0.53972,-1.81635,-0.000120437,1.57103,0.785337
0.269974,-0.51482,0.540183,-1.8159,-0.0001233,1.57103,0.785338
0.270202,-0.514586,0.540636,-1.81545,-0.000122864,1.57102,0.785338
0.270438,-0.514357,0.541094,-1.81499,-0.000122956,1.57102,0.785339
0.27067,-0.514127,0.541553,-1.81455,-0.000119732,1.57102,0.78534
0.2709,-0.513897,0.542016,-1.8141,-0.000119131,1.57102,0.78534
0.271136,-0.513669,0.54247,-1.81365,-0.000113294,1.57102,0.785338
0.271371,-0.513442,0.542924,-1.81321,-0.000110196,1.57102,0.78534
0.27161,-0.513207,0.543389,-1.81277,-0.000111163,1.57102,0.78534
0.271849,-0.512975,0.543855,-1.81233,-0.000112308,1.57101,0.785336
0.272078,-0.512746,0.544313,-1.81189,-0.000115267,1.571,0.785336
0.272322,-0.512527,0.544778,-1.81145,-0.000111802,1.571,0.785338
0.272556,-0.512298,0.545237,-1.81101,-0.000112174,1.571,0.785333
0.272784,-0.51207,0.545704,-1.81058,-0.000109822,1.571,0.785339
0.27302,-0.511849,0.546168,-1.81014,-0.000110428,1.57099,0.785339
0.273256,-0.511617,0.546625,-1.8097,-0.000110393,1.57099,0.785337
0.273483,-0.511394,0.547091,-1.80926,-0.000107737,1.57099,0.785338
0.273712,-0.511162,0.54754,-1.80882,-0.000113573,1.571,0.785339
0.273944,-0.510925,0.548002,-1.80837,-0.000110119,1.57099,0.785343
0.274174,-0.510699,0.548464,-1.80794,-0.000111341,1.571,0.785341
0.274398,-0.510465,0.548911,-1.80749,-0.000112978,1.571,0.78534
0.274624,-0.510235,0.549369,-1.80703,-0.000112803,1.571,0.785339
0.274848,-0.510005,0.549816,-1.80657,-0.000108099,1.571,0.785336
0.27507,-0.509777,0.550269,-1.80612,-0.000108566,1.57101,0.785336
0.275289,-0.509561,0.550715,-1.80566,-0.000107161,1.57101,0.785337
0.275509,-0.509336,0.55116,-1.8052,-0.000109677,1.57101,0.785335
0.275734,-0.509107,0.551604,-1.80475,-0.000113025,1.57101,0.785337
0.275948,-0.508882,0.552052,-1.80428,-0.000114344,1.57102,0.785336
0.27616,-0.50866,0.552499,-1.80382,-0.000119472,1.57102,0.785342
0.276377,-0.508436,0.552951,-1.80335,-0.000124504,1.57102,0.78534
0.27659,-0.50821,0.553395,-1.80289,-0.000124147,1.57102,0.78534
0.276803,-0.507988,0.553845,-1.80242,-0.000121621,1.57103,0.78534
0.277019,-0.507772,0.554292,-1.80196,-0.000118464,1.57103,0.785339
0.277238,-0.507553,0.554728,-1.8015,-0.000117412,1.57103,0.785336
0.277454,-0.507328,0.555173,-1.80104,-0.000116451,1.57104,0.785337
0.27767,-0.507101,0.555613,-1.80058,-0.000118818,1.57104,0.785335
0.277886,-0.506878,0.556052,-1.80011,-0.000118683,1.57104,0.785335
0.278111,-0.506646,0.556498,-1.79965,-0.000120443,1.57103,0.785335
0.278327,-0.506423,0.556945,-1.79919,-0.000118724,1.57103,0.785339
0.278545,-0.506205,0.557388,-1.79873,-0.000118287,1.57103,0.785337
0.278768,-0.50598,0.557842,-1.79828,-0.00011325,1.57103,0.785339
0.278991,-0.505756,0.558283,-1.79783,-0.000115411,1.57103,0.78534
0.279215,-0.505531,0.558731,-1.79737,-0.000110291,1.57103,0.785338
0.279433,-0.505305,0.559175,-1.79692,-0.000110076,1.57103,0.785339
0.27966,-0.505087,0.559621,-1.79647,-0.000114319,1.57103,0.78534
0.279886,-0.504863,0.560072,-1.79603,-0.000117327,1.57103,0.785335
0.280107,-0.504636,0.56051,-1.79559,-0.000120195,1.57103,0.785335
0.280333,-0.504417,0.560961,-1.79513,-0.000116497,1.57103,0.785335
0.280554,-0.504195,0.561405,-1.79469,-0.000121308,1.57103,0.785339
0.280785,-0.503969,0.561861,-1.79424,-0.000116741,1.57102,0.785337
0.281007,-0.503751,0.562311,-1.7938,-0.000114498,1.57103,0.785338
0.28123,-0.503532,0.56275,-1.79335,-0.000114674,1.57103,0.785338
0.28146,-0.503309,0.563199,-1.7929,-0.000116734,1.57103,0.785338
0.281685,-0.503091,0.563646,-1.79245,-0.000112461,1.57103,0.785338
0.281909,-0.50287,0.564084,-1.792,-0.000114063,1.57103,0.78534
0.282141,-0.502641,0.564526,-1.79154,-0.000111605,1.57103,0.785343
0.282369,-0.502415,0.564977,-1.79109,-0.000113269,1.57103,0.785339
0.282589,-0.502193,0.565419,-1.79065,-0.0001129,1.57103,0.785342
0.282819,-0.501977,0.565868,-1.7902,-0.000110776,1.57103,0.78534
0.283047,-0.501746,0.566315,-1.78976,-0.000111119,1.57103,0.785338
0.283272,-0.501526,0.566765,-1.78933,-0.00011103,1.57103,0.785335
0.283501,-0.501299,0.567201,-1.78889,-0.000116841,1.57103,0.785337
0.283731,-0.501073,0.56765,-1.78846,-0.000113319,1.57103,0.785335
0.283968,-0.500854,0.568097,-1.78802,-0.000116316,1.57103,0.785335
0.284197,-0.500621,0.568532,-1.7876,-0.000111915,1.57103,0.785335
0.284423,-0.500407,0.568986,-1.78716,-0.000110889,1.57102,0.785338
0.284652,-0.500188,0.569426,-1.78674,-0.000109835,1.57102,0.785337
0.284886,-0.499957,0.569884,-1.78631,-0.000107788,1.57101,0.785335
0.285116,-0.499737,0.570337,-1.7859,-0.000104495,1.571,0.785339
0.285349,-0.499523,0.570785,-1.78546,-0.000102549,1.571,0.785339
0.285584,-0.499302,0.571236,-1.78504,-0.000105088,1.57099,0.785338
0.285808,-0.499078,0.571689,-1.78462,-0.000104476,1.57099,0.785341
0.286034,-0.498861,0.572132,-1.7842,-0.000107121,1.57099,0.78534
0.286272,-0.498641,0.572583,-1.78378,-0.000107731,1.57099,0.785341
0.286493,-0.498421,0.573026,-1.78335,-0.000109053,1.57099,0.785338
0.286713,-0.498207,0.573474,-1.78292,-0.000112249,1.571,0.785338
0.286934,-0.497984,0.573924,-1.7825,-0.000109508,1.571,0.785336
0.287153,-0.497762,0.574367,-1.78207,-0.000106763,1.571,0.785334
0.287372,-0.49754,0.574819,-1.78163,-0.000105916,1.571,0.785336
0.287583,-0.497324,0.575245,-1.78121,-0.000105125,1.571,0.785335
0.287798,-0.49711,0.575687,-1.78077,-0.000107134,1.571,0.785338
0.288017,-0.496887,0.576119,-1.78034,-0.000109058,1.571,0.78534
0.288226,-0.496671,0.576549,-1.77989,-0.000108444,1.57101,0.78534
0.288435,-0.496452,0.576975,-1.77945,-0.000110376,1.57101,0.785339
0.288645,-0.496238,0.577409,-1.77901,-0.000111698,1.57102,0.785343
0.288854,-0.496015,0.57784,-1.77856,-0.00011302,1.57102,0.78534
0.289059,-0.495796,0.57827,-1.77813,-0.00011302,1.57102,0.785339
0.289262,-0.495578,0.578697,-1.77768,-0.000111698,1.57102,0.78534
0.289475,-0.495368,0.579126,-1.77722,-0.000114343,1.57102,0.785338
0.289677,-0.495148,0.57956,-1.77679,-0.000118149,1.57102,0.785337
0.28989,-0.494933,0.579976,-1.77634,-0.000118604,1.57102,0.785334
0.290099,-0.494722,0.580402,-1.7759,-0.00012018,1.57102,0.785335
0.290301,-0.49451,0.580818,-1.77546,-0.000119688,1.57103,0.785336
0.290508,-0.494293,0.581244,-1.77502,-0.000120338,1.57103,0.785337
0.290714,-0.494077,0.581662,-1.77458,-0.000117808,1.57103,0.785338
0.290918,-0.493864,0.582089,-1.77415,-0.000119134,1.57103,0.785339
0.291121,-0.493651,0.582503,-1.7737,-0.000113295,1.57103,0.785339
0.291332,-0.493432,0.582928,-1.77326,-0.000112841,1.57103,0.78534
0.291539,-0.493213,0.583355,-1.77283,-0.000117004,1.57103,0.785344
0.291747,-0.493005,0.583784,-1.77239,-0.0001174,1.57103,0.785342
0.291954,-0.492784,0.584209,-1.77196,-0.000120457,1.57102,0.785342
0.292168,-0.492566,0.584642,-1.77152,-0.000121272,1.57102,0.78534
0.292376,-0.492348,0.58507,-1.77109,-0.000122256,1.57102,0.785339
0.292592,-0.492134,0.585492,-1.77065,-0.000121024,1.57102,0.78534
0.292805,-0.491919,0.585921,-1.77023,-0.000122377,1.57103,0.785336
0.293017,-0.491703,0.586347,-1.7698,-0.000119742,1.57102,0.785335
0.293234,-0.491492,0.58677,-1.76938,-0.000119745,1.57102,0.785335
0.293443,-0.49128,0.587205,-1.76895,-0.000117814,1.57102,0.785335
0.293659,-0.491056,0.587624,-1.76852,-0.000117102,1.57102,0.785337
0.29388,-0.490842,0.58805,-1.7681,-0.000113847,1.57102,0.785338
0.294093,-0.490632,0.588471,-1.76767,-0.000108006,1.57101,0.785335
0.294307,-0.490414,0.588898,-1.76725,-0.000105008,1.57101,0.785336
0.29453,-0.490197,0.589327,-1.76682,-0.000107908,1.57102,0.78534
0.294742,-0.489982,0.589749,-1.76639,-0.00010779,1.57102,0.78534
0.294951,-0.489778,0.590181,-1.76595,-0.000110395,1.57102,0.78534
0.295168,-0.489559,0.590594,-1.76552,-0.000111645,1.57102,0.78534
0.295385,-0.489338,0.591029,-1.76508,-0.000114639,1.57103,0.785343
0.295602,-0.489123,0.591447,-1.76466,-0.00011428,1.57102,0.785343
0.295814,-0.48891,0.591874,-1.76423,-0.000117043,1.57103,0.785337
0.296031,-0.488696,0.5923,-1.76381,-0.000112564,1.57103,0.78534
0.296244,-0.48848,0.592731,-1.76339,-0.000116742,1.57102,0.785339
0.296465,-0.488265,0.593146,-1.76298,-0.000116134,1.57102,0.785335
0.296679,-0.488059,0.593577,-1.76255,-0.000115661,1.57102,0.785334
0.296897,-0.487839,0.593995,-1.76214,-0.000113807,1.57102,0.78534
0.297122,-0.487625,0.594421,-1.76172,-0.000111901,1.57102,0.78534
0.297338,-0.487413,0.594843,-1.76131,-0.00011252,1.57102,0.785339
0.297552,-0.487204,0.59527,-1.7609,-0.000108005,1.57101,0.785341
0.29777,-0.486991,0.595691,-1.76049,-0.000109585,1.57102,0.785341
0.297993,-0.486779,0.596116,-1.76008,-0.000109781,1.57101,0.785338
0.298211,-0.486565,0.59654,-1.75967,-0.000108855,1.571,0.785338
0.29843,-0.486353,0.596976,-1.75927,-0.000110691,1.571,0.785337
0.298649,-0.486138,0.597401,-1.75886,-0.000115372,1.571,0.78534
0.298865,-0.485926,0.597829,-1.75845,-0.000115033,1.57099,0.785335
0.299078,-0.485716,0.598259,-1.75805,-0.000115124,1.57099,0.785338
0.299296,-0.485503,0.598684,-1.75764,-0.000113221,1.571,0.785337
0.299506,-0.485296,0.599112,-1.75724,-0.000113231,1.57099,0.785337
0.299715,-0.485084,0.599528,-1.75682,-0.00011059,1.571,0.785341
0.299924,-0.484877,0.599954,-1.75641,-0.000105462,1.571,0.785341
0.300133,-0.484668,0.600378,-1.756,-0.000101753,1.571,0.785337
0.300346,-0.484452,0.600803,-1.75559,-0.000104043,1.571,0.785338
0.300558,-0.484245,0.601225,-1.75517,-0.000103924,1.571,0.785341
0.300755,-0.48404,0.601641,-1.75475,-0.00010714,1.571,0.78534
0.300961,-0.483834,0.602056,-1.75432,-0.000107737,1.571,0.785339
0.30117,-0.483624,0.602478,-1.75391,-0.000113574,1.571,0.78534
0.301374,-0.483419,0.602886,-1.75349,-0.000115248,1.57101,0.78534
0.301571,-0.483218,0.603301,-1.75306,-0.000116925,1.57102,0.785339
0.301773,-0.483013,0.60371,-1.75263,-0.000112525,1.57102,0.785337
0.301973,-0.482811,0.60413,-1.7522,-0.000116729,1.57102,0.78534
0.302174,-0.482603,0.604542,-1.75178,-0.000118063,1.57102,0.785337
0.302371,-0.482402,0.60496,-1.75135,-0.000117694,1.57102,0.785337
0.302568,-0.482198,0.605374,-1.75092,-0.000117062,1.57102,0.785336
0.302767,-0.481998,0.605794,-1.75049,-0.000115215,1.57102,0.785336
0.302967,-0.481786,0.606198,-1.75006,-0.000116032,1.57102,0.785337
0.303165,-0.481595,0.606613,-1.74964,-0.000116135,1.57103,0.785343
0.303363,-0.481389,0.607016,-1.74921,-0.000113787,1.57103,0.785343
0.303569,-0.481189,0.607433,-1.74878,-0.000115997,1.57103,0.785337
0.303763,-0.480986,0.607839,-1.74837,-0.000115411,1.57103,0.785339
0.303959,-0.480782,0.608243,-1.74793,-0.000117691,1.57102,0.785341
0.30417,-0.480583,0.60866,-1.7475,-0.000115739,1.57102,0.785339
0.304372,-0.480381,0.609068,-1.74708,-0.000116478,1.57103,0.78534
0.304578,-0.480177,0.609477,-1.74666,-0.000115165,1.57102,0.785339
0.304788,-0.479979,0.609892,-1.74625,-0.000115778,1.57102,0.785338
0.304988,-0.479768,0.6103,-1.74584,-0.000117814,1.57102,0.785335
0.305196,-0.479564,0.610717,-1.74541,-0.000116492,1.57102,0.785336
0.305404,-0.479358,0.61113,-1.745,-0.000115169,1.57102,0.785338
0.305617,-0.479152,0.611538,-1.74458,-0.000112524,1.57102,0.785335
0.305824,-0.478955,0.611951,-1.74418,-0.000113236,1.57102,0.785338
0.306038,-0.478749,0.612356,-1.74376,-0.000108006,1.57102,0.785338
0.306245,-0.478548,0.612767,-1.74336,-0.000108975,1.57102,0.78534
0.306452,-0.478345,0.613186,-1.74295,-0.000111816,1.57102,0.785342
0.306665,-0.478138,0.61359,-1.74254,-0.000112763,1.57102,0.785341
0.306879,-0.477938,0.614007,-1.74213,-0.000111756,1.57102,0.785341
0.307092,-0.477731,0.61441,-1.74172,-0.000106631,1.57102,0.785338
0.307292,-0.477528,0.614827,-1.7413,-0.000106313,1.57102,0.785337
0.307506,-0.477327,0.615241,-1.7409,-0.000102714,1.57102,0.785337
0.307712,-0.477126,0.615647,-1.74048,-0.000101888,1.57102,0.785342
0.307922,-0.476924,0.616051,-1.74007,-0.000103172,1.57102,0.785336
0.308131,-0.476727,0.616456,-1.73966,-0.000108288,1.57102,0.785335
0.308338,-0.476515,0.616867,-1.73924,-0.000108739,1.57103,0.785337
0.308546,-0.476312,0.617279,-1.73883,-0.000106507,1.57103,0.785339
0.308755,-0.476105,0.617675,-1.73843,-0.00011079,1.57103,0.785338
0.308966,-0.475909,0.618085,-1.738,-0.000108954,1.57103,0.785339
0.309169,-0.475709,0.618493,-1.73761,-0.000107528,1.57103,0.78534
0.309374,-0.475504,0.618901,-1.73721,-0.000107256,1.57103,0.78534
0.309584,-0.475297,0.619302,-1.73682,-0.000108327,1.57103,0.785343
0.309794,-0.475099,0.619709,-1.73641,-0.000105556,1.57102,0.785341
0.310006,-0.474898,0.620112,-1.73602,-0.000102903,1.57102,0.785338
0.310214,-0.474687,0.620521,-1.73563,-0.000102663,1.57102,0.785338
0.310419,-0.474478,0.620919,-1.73524,-0.000102583,1.57102,0.785335
0.310627,-0.474282,0.621322,-1.73485,-0.000102556,1.57102,0.785335
0.31084,-0.474082,0.621726,-1.73445,-0.000102547,1.57101,0.785335
0.31104,-0.473886,0.622138,-1.73406,-0.000103155,1.57101,0.785335
0.311243,-0.473688,0.622547,-1.73369,-0.000103154,1.571,0.785336
0.311451,-0.473488,0.622954,-1.7333,-0.000104476,1.571,0.785338
0.311662,-0.473288,0.623359,-1.73291,-0.000106408,1.571,0.785338
0.31186,-0.473091,0.623775,-1.73252,-0.000106408,1.57099,0.78534
0.312065,-0.472887,0.624174,-1.73214,-0.000105798,1.57099,0.785339
0.31227,-0.472702,0.624584,-1.73176,-0.000108443,1.57099,0.785339
0.31247,-0.472505,0.62498,-1.73137,-0.000105798,1.57099,0.78534
0.312668,-0.472312,0.625388,-1.73098,-0.000105798,1.571,0.785341
0.312867,-0.472113,0.625789,-1.73059,-0.000103865,1.57099,0.785338
0.31306,-0.471921,0.626192,-1.7302,-0.00010712,1.571,0.785337
0.313262,-0.471718,0.626597,-1.72981,-0.000102543,1.571,0.785335
0.313455,-0.471522,0.626993,-1.72942,-0.00010712,1.571,0.785336
0.313652,-0.471326,0.627393,-1.72903,-0.000103865,1.571,0.785335
0.313839,-0.47113,0.627791,-1.72864,-0.00010712,1.571,0.785336
0.314033,-0.470932,0.628178,-1.72824,-0.000108443,1.57101,0.785342
0.314226,-0.470737,0.628576,-1.72784,-0.000109663,1.57101,0.785339
0.314407,-0.470537,0.62897,-1.72744,-0.000109663,1.57101,0.78534
0.314597,-0.470343,0.629355,-1.72704,-0.000110986,1.57102,0.785341
0.314786,-0.470145,0.629752,-1.72664,-0.000112308,1.57102,0.785341
0.314971,-0.469946,0.630136,-1.72624,-0.000114182,1.57102,0.785336
0.315157,-0.469751,0.630526,-1.72583,-0.000110118,1.57102,0.78534
0.315341,-0.469556,0.63091,-1.72543,-0.000110019,1.57102,0.78534
0.315525,-0.469362,0.631302,-1.72503,-0.000109782,1.57102,0.785338
0.315715,-0.469171,0.631689,-1.72463,-0.000110415,1.57102,0.785339
0.315906,-0.468972,0.632072,-1.72423,-0.000112872,1.57102,0.785339
0.316095,-0.468775,0.63245,-1.72383,-0.000115963,1.57103,0.785335
0.31628,-0.468587,0.632843,-1.72344,-0.000112408,1.57103,0.785336
0.316474,-0.468389,0.633218,-1.72304,-0.00011669,1.57103,0.785339
0.316662,-0.468202,0.633606,-1.72265,-0.000116727,1.57102,0.785336
0.31685,-0.46801,0.633976,-1.72225,-0.000114332,1.57103,0.78534
0.317031,-0.467823,0.634359,-1.72186,-0.000113805,1.57102,0.785342
0.317224,-0.467627,0.634744,-1.72146,-0.000113223,1.57103,0.785338
0.317413,-0.46743,0.635123,-1.72107,-0.000113232,1.57102,0.785337
0.317602,-0.467238,0.635512,-1.72067,-0.000111913,1.57102,0.785341
0.317791,-0.467043,0.635902,-1.72028,-0.000115779,1.57102,0.785341
0.317985,-0.466855,0.636282,-1.71989,-0.000113847,1.57102,0.785343
0.318179,-0.466658,0.636667,-1.71951,-0.000117102,1.57101,0.785341
0.318374,-0.466456,0.637049,-1.71912,-0.00011578,1.57102,0.785342
0.31857,-0.466261,0.637438,-1.71872,-0.000117814,1.57102,0.785339
0.318756,-0.46607,0.637827,-1.71834,-0.000113236,1.57101,0.785341
0.318955,-0.465873,0.638202,-1.71795,-0.00011578,1.57102,0.785339
0.319162,-0.465678,0.638587,-1.71758,-0.000111202,1.57102,0.785342
0.319353,-0.465484,0.638968,-1.71719,-0.000113236,1.57102,0.785337
0.319543,-0.465294,0.63935,-1.71681,-0.000107947,1.57102,0.785339
0.319736,-0.465098,0.63973,-1.71643,-0.000111202,1.57102,0.785337
0.319935,-0.464901,0.640106,-1.71605,-0.000101496,1.57101,0.785337
0.32013,-0.464708,0.640487,-1.71568,-0.000101041,1.57101,0.785342
0.320322,-0.464517,0.640856,-1.71529,-0.000102008,1.57101,0.785341
0.320703,-0.464131,0.641618,-1.71453,-0.000110336,1.57102,0.785341
0.320899,-0.463928,0.641992,-1.71414,-0.000110676,1.57102,0.78534
0.321093,-0.46374,0.642372,-1.71376,-0.000114282,1.57102,0.78534
0.321285,-0.46354,0.642752,-1.71337,-0.000111144,1.57102,0.78534
0.321476,-0.463353,0.643128,-1.71298,-0.000111954,1.57102,0.785336
0.321668,-0.46315,0.643505,-1.7126,-0.000103679,1.57102,0.785337
0.321855,-0.46296,0.643876,-1.71222,-0.000111814,1.57102,0.785336
0.322046,-0.462768,0.644254,-1.71183,-0.00010615,1.57102,0.785335
0.322231,-0.462582,0.644628,-1.71146,-0.000113078,1.57102,0.785336
0.322426,-0.462385,0.644999,-1.71109,-0.000109217,1.57102,0.785343
0.322618,-0.462191,0.645374,-1.71072,-0.000111896,1.57102,0.785341
0.322801,-0.462,0.645744,-1.71035,-0.000106068,1.57102,0.78534
0.322988,-0.461806,0.646129,-1.70997,-0.000110847,1.57102,0.785341
0.323184,-0.461614,0.646499,-1.70961,-0.00010704,1.57101,0.785341
0.323373,-0.461419,0.646876,-1.70924,-0.000106212,1.57101,0.78534
0.323559,-0.461234,0.647257,-1.70888,-0.000107258,1.57101,0.785344
0.323749,-0.46105,0.64763,-1.70851,-0.00010965,1.57101,0.785343
0.32394,-0.460862,0.648005,-1.70815,-0.00011333,1.57101,0.785338
0.324128,-0.460664,0.648392,-1.70779,-0.00011103,1.571,0.785342
0.324318,-0.460478,0.648757,-1.70742,-0.000115112,1.571,0.785337
0.32451,-0.460292,0.649136,-1.70707,-0.000110572,1.571,0.785339
0.324697,-0.460111,0.649518,-1.7067,-0.000114451,1.571,0.785338
0.324882,-0.459925,0.649891,-1.70635,-0.0001112,1.571,0.785339
0.325076,-0.459737,0.650274,-1.70599,-0.000111913,1.571,0.78534
0.325258,-0.459549,0.650643,-1.70563,-0.000108006,1.571,0.785342
0.325447,-0.459364,0.651024,-1.70526,-0.000109526,1.571,0.78534
0.325629,-0.459182,0.651402,-1.7049,-0.000106329,1.571,0.785342
0.325817,-0.45899,0.651773,-1.70453,-0.000104279,1.571,0.785342
0.325996,-0.458806,0.652145,-1.70417,-0.000110454,1.571,0.785338
0.326177,-0.458626,0.652516,-1.70381,-0.00010685,1.571,0.78534
0.326358,-0.458437,0.652888,-1.70344,-0.000109878,1.571,0.785336
0.32654,-0.458248,0.65327,-1.70307,-0.000105564,1.571,0.785338
0.326715,-0.458062,0.653641,-1.7027,-0.00010789,1.57101,0.78534
0.326897,-0.457886,0.65401,-1.70233,-0.000107174,1.57101,0.785343
0.327079,-0.457697,0.654383,-1.70195,-0.000109071,1.57101,0.785341
0.327262,-0.457521,0.654739,-1.70158,-0.000112865,1.57101,0.785344
0.327436,-0.457343,0.655109,-1.70121,-0.000111383,1.57101,0.785342
0.327611,-0.457158,0.655472,-1.70084,-0.000116925,1.57102,0.785338
0.327789,-0.456982,0.655835,-1.70046,-0.000113788,1.57102,0.785343
0.327967,-0.456802,0.656206,-1.70008,-0.00011576,1.57102,0.785344
0.328146,-0.456616,0.656568,-1.69971,-0.000110585,1.57102,0.785341
0.328321,-0.456436,0.656939,-1.69933,-0.000113845,1.57102,0.785336
0.328488,-0.456261,0.6573,-1.69896,-0.000112524,1.57102,0.785335
0.32867,-0.456081,0.657664,-1.69857,-0.000115779,1.57102,0.785336
0.328843,-0.455897,0.658036,-1.69821,-0.00011578,1.57102,0.785334
0.329026,-0.455713,0.658401,-1.69784,-0.000114457,1.57102,0.78534
0.329204,-0.455537,0.658763,-1.69748,-0.000117814,1.57103,0.785338
0.329377,-0.455358,0.659128,-1.6971,-0.00011578,1.57103,0.785338
0.329554,-0.455182,0.659487,-1.69673,-0.000117814,1.57103,0.785342
0.329739,-0.454994,0.65985,-1.69637,-0.000111914,1.57103,0.785341
0.32992,-0.454808,0.660211,-1.696,-0.000113847,1.57103,0.785339
0.330097,-0.454633,0.660562,-1.69564,-0.000107947,1.57102,0.785345
0.330269,-0.454456,0.660934,-1.69527,-0.000107947,1.57102,0.785343
0.330454,-0.454276,0.661289,-1.6949,-0.000107336,1.57102,0.785338
0.330641,-0.454094,0.661649,-1.69453,-0.000104692,1.57102,0.785342
0.330823,-0.453913,0.662005,-1.69417,-0.000108659,1.57102,0.785341
0.331007,-0.453736,0.662366,-1.69381,-0.000107336,1.57102,0.785339
0.331183,-0.453555,0.662731,-1.69345,-0.00011578,1.57102,0.785338
0.331374,-0.453366,0.663081,-1.69309,-0.000110592,1.57102,0.785337
0.331558,-0.453188,0.663446,-1.69274,-0.000113236,1.57102,0.785339
0.331741,-0.453013,0.663798,-1.69237,-0.000109269,1.57101,0.785339
0.331922,-0.452841,0.664164,-1.69201,-0.000108006,1.57101,0.785343
0.332111,-0.452661,0.66452,-1.69167,-0.000107594,1.57102,0.785342
0.332295,-0.452476,0.664874,-1.69131,-0.000103786,1.57102,0.785339
0.332481,-0.4523,0.665229,-1.69096,-0.000107475,1.57102,0.785336
0.332661,-0.452121,0.665589,-1.6906,-0.000103585,1.57102,0.785335
0.332843,-0.451943,0.665944,-1.69024,-0.000105942,1.57102,0.785336
0.333023,-0.451757,0.666297,-1.6899,-0.00010165,1.57101,0.785335
0.333211,-0.451577,0.666652,-1.68954,-0.000102448,1.57102,0.785335
0.33339,-0.451401,0.666999,-1.68918,-0.000100307,1.57102,0.785338
0.333564,-0.451229,0.667359,-1.68882,-0.000104612,1.57102,0.785337
0.333746,-0.451053,0.667708,-1.68847,-0.000105131,1.57102,0.785339
0.333931,-0.45087,0.668066,-1.68812,-0.000104491,1.57102,0.785344
0.334114,-0.450689,0.668413,-1.68775,-0.000110932,1.57102,0.78534
0.334285,-0.450513,0.668761,-1.6874,-0.000108738,1.57102,0.785342
0.334459,-0.450334,0.669114,-1.68704,-0.000109864,1.57102,0.785342
0.334638,-0.45015,0.66945,-1.68669,-0.000103016,1.57102,0.785336
0.334822,-0.449979,0.669808,-1.68634,-0.000104633,1.57102,0.785335
0.334995,-0.449809,0.670145,-1.68599,-0.000102434,1.57102,0.785337
0.335168,-0.449634,0.670498,-1.68564,-0.000102913,1.57102,0.78534
0.335346,-0.449455,0.670839,-1.68529,-0.000103514,1.57102,0.785336
0.335523,-0.449272,0.671184,-1.68495,-0.000101951,1.57102,0.785341
0.335706,-0.449095,0.671534,-1.68461,-0.000104516,1.57102,0.785343
0.335872,-0.448919,0.671873,-1.68427,-0.000103166,1.57102,0.785341
0.336047,-0.448753,0.672226,-1.68392,-0.00010509,1.57102,0.785341
0.336224,-0.448577,0.672569,-1.68359,-0.000107062,1.57102,0.785343
0.336404,-0.448403,0.672917,-1.68326,-0.000107415,1.57101,0.785342
0.336581,-0.448235,0.673261,-1.68292,-0.000107829,1.57101,0.785341
0.336752,-0.448062,0.673602,-1.68258,-0.000106271,1.57101,0.785338
0.336924,-0.447892,0.673949,-1.68224,-0.000107889,1.57101,0.785337
0.337102,-0.447722,0.674297,-1.68191,-0.000110369,1.571,0.785339
0.337279,-0.447547,0.67464,-1.68158,-0.000110687,1.571,0.785335
0.337456,-0.447385,0.67499,-1.68124,-0.000108547,1.571,0.785339
0.337621,-0.44722,0.675338,-1.68092,-0.000104341,1.571,0.78534
0.337795,-0.447054,0.675687,-1.68058,-0.000107279,1.571,0.785339
0.338487,-0.446373,0.67708,-1.67926,-0.000106765,1.571,0.785341
0.338655,-0.446203,0.677422,-1.67892,-0.000107239,1.571,0.785345
0.33883,-0.446033,0.67777,-1.6786,-0.000107711,1.571,0.785343
0.339,-0.445865,0.678118,-1.67826,-0.000106876,1.571,0.785339
0.339157,-0.445702,0.678459,-1.67792,-0.000106098,1.571,0.785342
0.339323,-0.445534,0.678799,-1.67759,-0.000104338,1.57101,0.785341
0.339492,-0.44536,0.679145,-1.67725,-0.000107456,1.57101,0.785341
0.339662,-0.445191,0.679491,-1.67691,-0.000102417,1.57101,0.785341
0.339827,-0.445021,0.679835,-1.67657,-0.000104874,1.57101,0.785342
0.339989,-0.444861,0.680161,-1.67623,-0.000103998,1.57101,0.785338
0.340151,-0.444701,0.680501,-1.67589,-0.00010513,1.57101,0.785337
0.340313,-0.444535,0.680833,-1.67556,-0.000109619,1.57101,0.785345
0.340479,-0.444364,0.681167,-1.67522,-0.000110674,1.57102,0.785344
0.340636,-0.444201,0.681503,-1.67488,-0.000113061,1.57102,0.785344
0.340793,-0.444035,0.681833,-1.67454,-0.000111143,1.57102,0.785341
0.340951,-0.443876,0.682166,-1.6742,-0.000112505,1.57102,0.785341
0.341118,-0.443707,0.682506,-1.67385,-0.00011323,1.57102,0.78534
0.341285,-0.443544,0.682836,-1.67352,-0.000112522,1.57102,0.785342
0.341442,-0.443376,0.683165,-1.67318,-0.00011065,1.57102,0.785338
0.341597,-0.443215,0.683492,-1.67284,-0.000111459,1.57102,0.785339
0.341759,-0.443057,0.683817,-1.6725,-0.000114814,1.57102,0.785339
0.341925,-0.442892,0.684147,-1.67217,-0.000114339,1.57102,0.785342
0.342096,-0.442726,0.684475,-1.67183,-0.000112485,1.57102,0.785341
0.342253,-0.442567,0.684799,-1.6715,-0.000111901,1.57102,0.78534
0.342412,-0.442403,0.685119,-1.67117,-0.000111198,1.57102,0.785341
0.342577,-0.442244,0.685443,-1.67083,-0.000112523,1.57102,0.785341
0.342742,-0.442075,0.685765,-1.67051,-0.000108658,1.57102,0.785342
0.342913,-0.441914,0.686086,-1.67018,-0.000108659,1.57102,0.785338
0.343072,-0.441752,0.686409,-1.66986,-0.000111202,1.57102,0.785344
0.343224,-0.441585,0.686725,-1.66953,-0.000108659,1.57102,0.785338
0.343389,-0.441424,0.687051,-1.66919,-0.00010988,1.57102,0.785338
0.343555,-0.441254,0.687371,-1.66887,-0.00010988,1.57101,0.785341
0.343722,-0.441087,0.687695,-1.66854,-0.000110592,1.57102,0.785336
0.343883,-0.440923,0.68802,-1.66821,-0.000111202,1.57102,0.78534
0.344037,-0.440763,0.688343,-1.66789,-0.000111914,1.57102,0.78534
0.344207,-0.4406,0.68866,-1.66755,-0.000111914,1.57102,0.78534
0.344368,-0.440428,0.688984,-1.66723,-0.000113236,1.57101,0.785339
0.344535,-0.440259,0.689304,-1.6669,-0.000110592,1.57101,0.785342
0.344701,-0.440101,0.689624,-1.66658,-0.000111202,1.57101,0.785341
0.344856,-0.439941,0.689944,-1.66625,-0.000104141,1.57101,0.78534
0.345021,-0.439781,0.690259,-1.66593,-0.000107594,1.57101,0.785342
0.345192,-0.439617,0.690581,-1.66561,-0.000103786,1.57101,0.785339
0.345359,-0.439451,0.690896,-1.66529,-0.000100312,1.57101,0.78534
0.345516,-0.439292,0.691211,-1.66496,-0.000105877,1.57101,0.785337
0.345674,-0.43913,0.691529,-1.66465,-0.000106138,1.57101,0.78534
0.345838,-0.438964,0.691842,-1.66432,-0.000105301,1.57101,0.785342
0.346001,-0.438802,0.692162,-1.664,-0.000106827,1.57102,0.78534
0.346161,-0.438637,0.692478,-1.66369,-0.000103768,1.57101,0.785342
0.34632,-0.438482,0.692791,-1.66336,-0.000104884,1.57101,0.785342
0.346477,-0.438323,0.693096,-1.66305,-0.000107197,1.57101,0.785343
0.34663,-0.438167,0.693408,-1.66273,-0.000106196,1.57101,0.78534
0.346793,-0.438008,0.693718,-1.66241,-0.000108101,1.57102,0.785337
0.346947,-0.437842,0.694033,-1.66209,-0.000109117,1.57101,0.785335
0.34711,-0.437679,0.694344,-1.66177,-0.000109388,1.57102,0.785336
0.347263,-0.437521,0.694654,-1.66145,-0.000109105,1.57102,0.785335
0.347415,-0.437365,0.69496,-1.66114,-0.000108604,1.57101,0.785339
0.347573,-0.437205,0.695274,-1.66081,-0.000108641,1.57101,0.785339
0.34773,-0.437041,0.695585,-1.6605,-0.000104685,1.57101,0.785341
0.347882,-0.436883,0.695897,-1.66017,-0.000102104,1.57101,0.785345
0.348031,-0.436731,0.696204,-1.65986,-0.000106881,1.57101,0.785339
0.348183,-0.436572,0.696506,-1.65955,-0.000108914,1.57101,0.785343
0.348337,-0.436414,0.696815,-1.65924,-0.000111796,1.57101,0.785341
0.348491,-0.436255,0.697131,-1.65894,-0.000111162,1.57101,0.785341
0.348646,-0.436099,0.697437,-1.65863,-0.000113834,1.57101,0.785339
0.348803,-0.435952,0.697742,-1.65832,-0.000115775,1.57101,0.785336
0.34895,-0.4358,0.69805,-1.65802,-0.000111201,1.57101,0.785342
0.349104,-0.435646,0.698361,-1.65771,-0.000111914,1.57101,0.785339
0.349257,-0.435493,0.698668,-1.65741,-0.000110591,1.57101,0.785341
0.349413,-0.435339,0.698976,-1.65711,-0.000111914,1.57101,0.785344
0.349569,-0.435191,0.699288,-1.65681,-0.000111202,1.57101,0.785344
0.349722,-0.435038,0.699597,-1.65651,-0.000110592,1.57101,0.785339
0.349877,-0.434894,0.699904,-1.65621,-0.000110592,1.57101,0.78534
0.350031,-0.434737,0.700216,-1.65591,-0.000111914,1.57101,0.78534
0.350185,-0.434582,0.700518,-1.65561,-0.00010988,1.57101,0.78534
0.350351,-0.434437,0.700833,-1.6553,-0.000113847,1.57101,0.785341
0.350502,-0.434287,0.701141,-1.65501,-0.000113847,1.571,0.785338
0.350649,-0.434137,0.701448,-1.65472,-0.000113236,1.571,0.78534
0.350803,-0.433982,0.701756,-1.65441,-0.000113847,1.571,0.785336
0.350962,-0.433826,0.702068,-1.65412,-0.000112524,1.571,0.785342
0.351116,-0.433678,0.702383,-1.65383,-0.000111202,1.571,0.785343
0.351264,-0.433527,0.702694,-1.65353,-0.00010988,1.571,0.785342
0.351414,-0.43338,0.702996,-1.65323,-0.000107947,1.571,0.785341
0.351568,-0.433234,0.703316,-1.65293,-0.000106624,1.571,0.785343
0.351721,-0.433077,0.703623,-1.65263,-0.000106624,1.571,0.785342
0.351878,-0.432928,0.703934,-1.65233,-0.000104141,1.57101,0.785345
0.352025,-0.432777,0.704246,-1.65203,-0.000108204,1.57101,0.785342
0.352174,-0.432624,0.704543,-1.65173,-0.000107592,1.57101,0.785338
0.352325,-0.432483,0.704855,-1.65145,-0.000109151,1.57101,0.78534
0.352475,-0.432331,0.705166,-1.65114,-0.00010984,1.57101,0.78534
0.352626,-0.432184,0.70547,-1.65084,-0.000107934,1.57101,0.785338
0.352777,-0.432029,0.705779,-1.65054,-0.000107942,1.57101,0.785342
0.352928,-0.431885,0.706077,-1.65024,-0.000104139,1.57101,0.785345
0.353074,-0.431741,0.70638,-1.64994,-0.000106271,1.57101,0.785345
0.353221,-0.431591,0.706685,-1.64964,-0.000105659,1.57101,0.78534
0.353365,-0.431446,0.706984,-1.64934,-0.000109151,1.57102,0.785343
0.353526,-0.431296,0.70728,-1.64905,-0.000107297,1.57102,0.785342
0.353674,-0.431151,0.707586,-1.64875,-0.00010606,1.57102,0.785343
0.353821,-0.431003,0.707879,-1.64845,-0.000103681,1.57102,0.785341
0.353966,-0.430864,0.708172,-1.64816,-0.000104041,1.57102,0.785342
0.354107,-0.430715,0.708473,-1.64785,-0.00010773,1.57102,0.78534
0.354253,-0.430567,0.70877,-1.64756,-0.000103628,1.57102,0.785339
0.354408,-0.430419,0.709068,-1.64727,-0.000107423,1.57102,0.785343
0.354548,-0.430283,0.709367,-1.64697,-0.000105661,1.57102,0.785345
0.35469,-0.430142,0.709654,-1.64667,-0.000104811,1.57102,0.785343
0.354833,-0.430002,0.70995,-1.64637,-0.000105673,1.57102,0.785345
0.35498,-0.429856,0.710246,-1.64608,-0.000104264,1.57102,0.785342
0.355127,-0.429706,0.710538,-1.64579,-0.000105159,1.57102,0.785343
0.355273,-0.429569,0.710835,-1.6455,-0.000106195,1.57102,0.785343
0.355414,-0.429429,0.711117,-1.64521,-0.000106719,1.57102,0.785344
0.355561,-0.42929,0.711411,-1.64492,-0.000105054,1.57102,0.78534
0.355705,-0.429149,0.711698,-1.64463,-0.00011,1.57101,0.785339
0.355855,-0.429009,0.711979,-1.64434,-0.000108869,1.57102,0.785343
0.356001,-0.428861,0.712264,-1.64406,-0.000107813,1.57101,0.785342
0.356148,-0.428721,0.712553,-1.64376,-0.000108614,1.57101,0.785345
0.356287,-0.428577,0.712829,-1.64347,-0.000102091,1.57102,0.785343
0.35643,-0.428446,0.713114,-1.64318,-0.000102909,1.57101,0.785345
0.356572,-0.428303,0.7134,-1.64288,-0.000104335,1.57102,0.785343
0.356724,-0.428155,0.713678,-1.64259,-0.00010264,1.57102,0.785343
0.356875,-0.428023,0.713971,-1.6423,-0.000105974,1.57101,0.785341
0.357016,-0.427879,0.714252,-1.64201,-0.000109256,1.57101,0.785336
0.357155,-0.427739,0.714521,-1.64172,-0.000107332,1.57101,0.785335
0.3573,-0.427597,0.714808,-1.64143,-0.000111201,1.57101,0.785342
0.357443,-0.427457,0.715089,-1.64114,-0.000109269,1.57101,0.785339
0.357594,-0.427316,0.715363,-1.64087,-0.000107947,1.57101,0.785344
0.357734,-0.42717,0.715649,-1.64058,-0.000110592,1.57101,0.785346
0.357876,-0.427038,0.715923,-1.64029,-0.000103429,1.57101,0.785345
0.358018,-0.426904,0.716193,-1.64001,-0.000101041,1.57101,0.785345
0.358157,-0.426764,0.716486,-1.63972,-0.000101398,1.57101,0.785341
0.358309,-0.426621,0.716752,-1.63944,-0.000100567,1.57101,0.785343
0.358449,-0.426477,0.717033,-1.63917,-0.00010124,1.57101,0.785346
0.358596,-0.426339,0.717312,-1.63889,-0.000101837,1.57101,0.785341
0.358733,-0.4262,0.717585,-1.63861,-0.000101222,1.57102,0.785341
0.35887,-0.426065,0.717858,-1.63834,-0.000101221,1.57101,0.785342
0.35901,-0.425929,0.718135,-1.63805,-0.000108282,1.57102,0.78534
0.359147,-0.425787,0.718407,-1.63778,-0.000105481,1.57101,0.78534
0.359288,-0.425643,0.718685,-1.6375,-0.000107159,1.57102,0.785344
0.359429,-0.425508,0.718958,-1.63722,-0.00010921,1.57102,0.785342
0.359557,-0.425367,0.719227,-1.63695,-0.000102798,1.57102,0.785345
0.359692,-0.425235,0.7195,-1.63667,-0.000103679,1.57102,0.785345
0.359831,-0.425099,0.719774,-1.63639,-0.000103328,1.57102,0.785345
0.359966,-0.424959,0.720045,-1.63612,-0.000105085,1.57101,0.785342
0.360101,-0.424822,0.720316,-1.63585,-0.000102915,1.57101,0.785343
0.360232,-0.424685,0.720593,-1.63557,-0.000105388,1.57102,0.785343
0.360367,-0.424552,0.720851,-1.6353,-0.000101694,1.57101,0.78534
0.360499,-0.424418,0.721115,-1.63503,-0.000101616,1.57101,0.785341
0.360634,-0.424286,0.72139,-1.63475,-0.000106481,1.57101,0.785339
0.360768,-0.424143,0.72166,-1.63448,-0.000107458,1.57101,0.785342
0.3609,-0.424007,0.721927,-1.63422,-0.000107174,1.57101,0.785342
0.361031,-0.423876,0.722193,-1.63394,-0.000106629,1.57102,0.785343
0.361162,-0.423746,0.722458,-1.63367,-0.000106253,1.57101,0.785346
0.361295,-0.42362,0.72272,-1.63341,-0.000106263,1.57101,0.785345
0.361427,-0.423488,0.722987,-1.63313,-0.00010402,1.57101,0.785342
0.361555,-0.423351,0.723255,-1.63287,-0.000103035,1.57101,0.785347
0.361685,-0.423217,0.723513,-1.63261,-0.000102707,1.57102,0.785342
0.36182,-0.423086,0.72378,-1.63234,-0.000107726,1.57102,0.78534
0.361955,-0.422953,0.724042,-1.63208,-0.000109365,1.57101,0.785342
0.362084,-0.422821,0.724297,-1.63182,-0.000107165,1.57102,0.785341
0.362216,-0.422689,0.724568,-1.63156,-0.000109212,1.57102,0.785344
0.362348,-0.422559,0.724837,-1.6313,-0.00010925,1.57101,0.785345
0.362482,-0.422425,0.725096,-1.63105,-0.000103422,1.57101,0.785341
0.362617,-0.42229,0.725361,-1.6308,-0.000105006,1.57102,0.78534
0.362749,-0.422162,0.725624,-1.63054,-0.000104042,1.57101,0.785343
0.362877,-0.422031,0.725883,-1.63029,-0.000105797,1.57101,0.785342
0.363007,-0.421904,0.726144,-1.63002,-0.000108146,1.57101,0.78534
0.363141,-0.421776,0.726412,-1.62976,-0.000109098,1.57101,0.785338
0.363273,-0.421643,0.726675,-1.62952,-0.000105957,1.57101,0.785339
0.363411,-0.421511,0.726939,-1.62926,-0.000107317,1.57101,0.78534
0.363536,-0.421386,0.727206,-1.629,-0.000105457,1.57101,0.785343
0.363664,-0.421257,0.727464,-1.62876,-0.000106879,1.57101,0.785346
0.363791,-0.421132,0.727721,-1.62851,-0.000107591,1.57101,0.785344
0.363927,-0.42101,0.727989,-1.62826,-0.000109761,1.57101,0.785344
0.364052,-0.420874,0.728246,-1.62801,-0.000105424,1.57101,0.785345
0.364186,-0.42074,0.728516,-1.62777,-0.000104385,1.57101,0.785343
0.364313,-0.420614,0.728783,-1.62751,-0.000107844,1.57101,0.785341
0.364438,-0.420489,0.72904,-1.62726,-0.000103666,1.57101,0.785341
0.364567,-0.420368,0.729297,-1.62702,-0.000104078,1.57101,0.785346
0.364701,-0.42024,0.729562,-1.62677,-0.000106216,1.57101,0.785341
0.364827,-0.420108,0.729823,-1.62651,-0.000105166,1.57101,0.785344
0.364954,-0.419981,0.730083,-1.62628,-0.000105257,1.57101,0.785346
0.365082,-0.419851,0.730335,-1.62602,-0.000103413,1.57101,0.785344
0.365208,-0.419723,0.7306,-1.62578,-0.000104944,1.57101,0.785345
0.36533,-0.419594,0.73085,-1.62553,-0.000101139,1.57101,0.785345
0.36546,-0.419474,0.731102,-1.62528,-0.000102956,1.57101,0.785345
0.365577,-0.419351,0.731362,-1.62503,-0.000105876,1.57101,0.785345
0.365706,-0.419222,0.731619,-1.62478,-0.000101619,1.57101,0.785345
0.36583,-0.419093,0.731873,-1.62454,-0.000104786,1.57101,0.785342
0.365954,-0.418968,0.732127,-1.62429,-0.000103731,1.57101,0.785336
0.366074,-0.418844,0.732367,-1.62404,-0.0001041,1.57101,0.785339
0.3662,-0.41872,0.732611,-1.6238,-0.000106224,1.57101,0.785339
0.366318,-0.4186,0.732867,-1.62356,-0.000107813,1.57101,0.785343
0.36644,-0.418482,0.733108,-1.6233,-0.000103384,1.57101,0.785345
0.366563,-0.418354,0.733352,-1.62305,-0.000102348,1.57101,0.785347
0.366687,-0.418226,0.733597,-1.62282,-0.000104038,1.57101,0.785345
0.366801,-0.418104,0.733845,-1.62257,-0.0001026,1.57101,0.785343
0.366915,-0.417979,0.734081,-1.62232,-0.000105758,1.57101,0.785344
0.367036,-0.417866,0.734321,-1.62208,-0.000108743,1.57101,0.785344
0.367153,-0.417743,0.734564,-1.62183,-0.000108483,1.57101,0.785339
0.367273,-0.417622,0.7348,-1.62158,-0.000109211,1.57101,0.785339
0.367395,-0.417498,0.73504,-1.62134,-0.00010986,1.57101,0.785339
0.367515,-0.417381,0.73529,-1.62109,-0.000111195,1.57101,0.78534
0.367623,-0.41726,0.735519,-1.62084,-0.000109267,1.57101,0.785344
0.367745,-0.417144,0.735746,-1.6206,-0.000110591,1.57101,0.785345
0.367866,-0.417028,0.735992,-1.62035,-0.000109879,1.57101,0.78534
0.367984,-0.416912,0.736225,-1.62011,-0.000108659,1.57101,0.785343
0.3681,-0.416788,0.73646,-1.61986,-0.000106624,1.57101,0.785344
0.368228,-0.416667,0.736692,-1.61963,-0.000107947,1.57101,0.785341
0.368345,-0.416541,0.736926,-1.61939,-0.000107947,1.57101,0.78534
0.368457,-0.416417,0.737161,-1.61915,-0.000106014,1.57102,0.785342
0.368575,-0.416304,0.737381,-1.61891,-0.000107336,1.57101,0.785339
0.368695,-0.41619,0.737613,-1.61868,-0.000105463,1.57101,0.785342
0.368802,-0.416074,0.737845,-1.61844,-0.000104237,1.57101,0.785345
0.368922,-0.415951,0.738069,-1.61821,-0.000104947,1.57101,0.785345
0.369044,-0.415826,0.738292,-1.61797,-0.000107218,1.57102,0.785345
0.369151,-0.415709,0.738528,-1.61774,-0.000105975,1.57101,0.785345
0.369263,-0.41559,0.73875,-1.6175,-0.000106611,1.57101,0.785345
0.36938,-0.415474,0.73897,-1.61727,-0.000109265,1.57101,0.785345
0.369495,-0.415365,0.739195,-1.61705,-0.000111201,1.57101,0.785342
0.369607,-0.415252,0.739425,-1.61681,-0.000110591,1.57101,0.78534
0.369722,-0.415134,0.739647,-1.61657,-0.000109879,1.57101,0.785341
0.369843,-0.415013,0.739866,-1.61634,-0.000109879,1.57101,0.785342
0.369949,-0.414888,0.740104,-1.61611,-0.00010988,1.57101,0.785342
0.370057,-0.414774,0.740324,-1.61587,-0.000109269,1.57101,0.785343
0.370168,-0.414663,0.740542,-1.61565,-0.000108659,1.57101,0.785345
0.370278,-0.414551,0.740761,-1.61541,-0.000108659,1.57101,0.785347
0.37039,-0.414439,0.740995,-1.61518,-0.000107947,1.571,0.785344
0.370507,-0.414322,0.741213,-1.61495,-0.000104751,1.57101,0.785345
0.370618,-0.414204,0.741427,-1.61472,-0.000103686,1.57101,0.785342
0.370733,-0.414082,0.741655,-1.61449,-0.000105975,1.57101,0.785344
0.370839,-0.41397,0.741881,-1.61426,-0.00010773,1.57101,0.78534
0.37095,-0.413856,0.742092,-1.61404,-0.000110689,1.57101,0.785342
0.371061,-0.413752,0.742307,-1.61382,-0.000112353,1.57101,0.785339
0.371172,-0.413645,0.74253,-1.61358,-0.000110535,1.57101,0.785341
0.371288,-0.413529,0.742752,-1.61335,-0.000110573,1.57101,0.785342
0.371404,-0.41341,0.742963,-1.61313,-0.000110585,1.57101,0.785343
0.371512,-0.413295,0.743181,-1.61291,-0.000109877,1.57101,0.785345
0.371616,-0.41318,0.743402,-1.61268,-0.000110591,1.57101,0.785343
0.371725,-0.413071,0.743619,-1.61246,-0.000109269,1.57101,0.785346
0.371831,-0.412963,0.743828,-1.61224,-0.000107336,1.57101,0.785345
0.371938,-0.412854,0.744048,-1.61201,-0.000107336,1.57101,0.785345
0.372047,-0.412744,0.744262,-1.61179,-0.000107947,1.57101,0.785343
0.372154,-0.412629,0.74448,-1.61157,-0.000107947,1.57101,0.785341
0.372262,-0.412515,0.744691,-1.61135,-0.000104751,1.57101,0.78534
0.372366,-0.412403,0.744906,-1.61113,-0.000110137,1.57102,0.785342
0.372473,-0.412291,0.745125,-1.61091,-0.000110237,1.57101,0.785339
0.372572,-0.412184,0.74533,-1.61069,-0.000110473,1.57101,0.785345
0.372679,-0.412087,0.745538,-1.61048,-0.00010984,1.57101,0.785346
0.372785,-0.411981,0.745752,-1.61025,-0.000111901,1.57102,0.785344
0.372891,-0.411866,0.745971,-1.61003,-0.000109875,1.57102,0.785344
0.372996,-0.411752,0.746183,-1.60982,-0.000109878,1.57102,0.785345
0.373102,-0.411639,0.746392,-1.6096,-0.000110591,1.57102,0.785343
0.373208,-0.411531,0.746609,-1.60938,-0.000111914,1.57101,0.78534
0.373309,-0.411421,0.746822,-1.60917,-0.000111202,1.57101,0.785339
0.373407,-0.411321,0.747035,-1.60897,-0.000106684,1.57101,0.785338
0.373509,-0.411213,0.747235,-1.60875,-0.000110137,1.57101,0.78534
0.373616,-0.411103,0.747449,-1.60854,-0.000110237,1.57101,0.785344
0.37372,-0.410995,0.747664,-1.60834,-0.00010854,1.57101,0.785342
0.373826,-0.410881,0.747878,-1.60813,-0.000108619,1.57101,0.785345
0.373939,-0.410771,0.748083,-1.60792,-0.000111189,1.57101,0.785345
0.374038,-0.410666,0.748302,-1.60771,-0.000113232,1.57101,0.785344
0.374137,-0.410561,0.748503,-1.60751,-0.000111201,1.57101,0.785342
0.374238,-0.410465,0.748711,-1.60731,-0.000109269,1.57101,0.785342
0.374344,-0.410361,0.748921,-1.60711,-0.000109879,1.57101,0.785341
0.374449,-0.410254,0.749132,-1.6069,-0.000109879,1.57101,0.78534
0.37455,-0.410141,0.749343,-1.6067,-0.000107947,1.57101,0.785339
0.374659,-0.410031,0.749548,-1.6065,-0.000107947,1.57101,0.785343
0.374767,-0.409923,0.74975,-1.6063,-0.00010988,1.57101,0.785345
0.374869,-0.409826,0.749964,-1.6061,-0.000109269,1.57101,0.785345
0.374965,-0.409729,0.750168,-1.60591,-0.000109269,1.57101,0.785345
0.375063,-0.409629,0.750369,-1.60571,-0.000107336,1.57101,0.785342
0.375172,-0.40953,0.750578,-1.60552,-0.000107947,1.57101,0.78534
0.375275,-0.409425,0.75078,-1.60532,-0.00010988,1.57101,0.785341
0.375378,-0.409313,0.75099,-1.60512,-0.000108659,1.57101,0.785339
0.375483,-0.409212,0.751196,-1.60494,-0.000109269,1.57101,0.785341
0.375595,-0.409109,0.751396,-1.60475,-0.000111202,1.57101,0.785343
0.375697,-0.409013,0.751603,-1.60455,-0.00010988,1.57101,0.785343
0.375797,-0.408923,0.751804,-1.60436,-0.000107947,1.571,0.78534
0.375896,-0.408829,0.752002,-1.60418,-0.000106014,1.571,0.785346
0.376,-0.408738,0.752204,-1.60398,-0.000106073,1.57101,0.785345
0.3761,-0.40863,0.752411,-1.60379,-0.000104949,1.571,0.785345
0.376206,-0.408526,0.752615,-1.60359,-0.000106269,1.571,0.785345
0.376311,-0.408423,0.752812,-1.6034,-0.000107218,1.571,0.785345
0.376415,-0.408326,0.753017,-1.60321,-0.000107297,1.571,0.78534
0.376513,-0.408236,0.75322,-1.60302,-0.000107934,1.571,0.78534
0.37661,-0.408139,0.753422,-1.60283,-0.000108654,1.57101,0.785343
0.376711,-0.408048,0.753616,-1.60265,-0.000107335,1.57101,0.785341
0.37681,-0.407956,0.75381,-1.60246,-0.000108658,1.57101,0.785343
0.37691,-0.407858,0.754012,-1.60227,-0.000109269,1.57101,0.785342
0.377008,-0.40776,0.754219,-1.60207,-0.000107336,1.57101,0.785344
0.377109,-0.407659,0.75441,-1.60188,-0.000107336,1.57101,0.785342
0.377209,-0.40756,0.754606,-1.60169,-0.000104751,1.57101,0.785345
0.377309,-0.407465,0.754807,-1.60151,-0.000106271,1.571,0.785346
0.3774,-0.407373,0.755,-1.60132,-0.000106269,1.57101,0.785344
0.377488,-0.407286,0.755199,-1.60113,-0.000105184,1.571,0.785344
0.37759,-0.407194,0.755385,-1.60095,-0.000105975,1.57101,0.78534
0.377683,-0.407099,0.755584,-1.60076,-0.000102805,1.57101,0.785338
0.377779,-0.407001,0.755782,-1.60057,-0.000104232,1.57101,0.78534
0.377879,-0.406905,0.755977,-1.60038,-0.000104945,1.57101,0.785342
0.377978,-0.406801,0.756164,-1.60019,-0.000106505,1.57101,0.785342
0.37807,-0.406715,0.756355,-1.60001,-0.000107297,1.57101,0.785345
0.378169,-0.406623,0.75655,-1.59983,-0.000106611,1.57101,0.785345
0.378256,-0.406536,0.756745,-1.59963,-0.00010662,1.57101,0.785346
0.378344,-0.406449,0.756926,-1.59946,-0.000102105,1.57101,0.785344
0.378436,-0.406358,0.757108,-1.59927,-0.00010104,1.57101,0.785343
0.378527,-0.406263,0.757306,-1.59909,-0.000103271,1.57101,0.785345
0.378616,-0.406168,0.7575,-1.59891,-0.000104218,1.57101,0.785343
0.378711,-0.406069,0.75768,-1.59871,-0.000101948,1.57101,0.785343
0.378808,-0.405982,0.757859,-1.59853,-0.000104896,1.57101,0.785343
0.378897,-0.405888,0.758047,-1.59836,-0.000105641,1.57101,0.78534
0.378992,-0.405807,0.758237,-1.59817,-0.0001065,1.57101,0.785344
0.379078,-0.405724,0.758413,-1.59799,-0.000103387,1.57101,0.785345
0.379166,-0.405635,0.758594,-1.59781,-0.00010758,1.57101,0.785344
0.379259,-0.405555,0.758768,-1.59764,-0.000107587,1.57101,0.785345
0.37944,-0.405368,0.759133,-1.59727,-0.000104101,1.57101,0.785342
0.379532,-0.405282,0.759304,-1.59709,-0.000106258,1.57101,0.785342
0.379626,-0.405194,0.759477,-1.59691,-0.000106265,1.57101,0.785343
0.379717,-0.405104,0.759659,-1.59675,-0.000106504,1.57101,0.785341
0.379801,-0.405021,0.75984,-1.59658,-0.000104652,1.57101,0.785336
0.379887,-0.404942,0.760011,-1.59639,-0.000101482,1.57101,0.785343
0.379971,-0.404859,0.76018,-1.59622,-0.000101748,1.57101,0.785342
0.380055,-0.404778,0.760349,-1.59605,-0.000101396,1.57101,0.785343
0.380141,-0.40469,0.760526,-1.59588,-0.000104475,1.57101,0.785344
0.38023,-0.404603,0.760705,-1.59571,-0.000107434,1.57101,0.785347
0.38032,-0.404517,0.760875,-1.59552,-0.000109098,1.57101,0.785343
0.380405,-0.404436,0.761036,-1.59535,-0.000109823,1.57101,0.785343
0.380491,-0.40436,0.761211,-1.59518,-0.000107317,1.57101,0.785342
0.38058,-0.404279,0.761385,-1.59501,-0.000104134,1.57101,0.785339
0.380658,-0.404201,0.761555,-1.59484,-0.000104947,1.57101,0.785341
0.380736,-0.40412,0.761719,-1.59466,-0.000105658,1.57101,0.785342
0.380821,-0.404039,0.76188,-1.59449,-0.000105895,1.57101,0.785345
0.380901,-0.403958,0.762048,-1.59432,-0.000103389,1.57101,0.785345
0.380989,-0.403879,0.762221,-1.59416,-0.00010174,1.57101,0.785345
0.381071,-0.403796,0.762382,-1.59399,-0.000102716,1.57101,0.785346
0.381153,-0.403716,0.762544,-1.59381,-0.000106407,1.57101,0.785345
0.381236,-0.403634,0.762703,-1.59364,-0.000107433,1.57101,0.785343
0.381326,-0.403548,0.762869,-1.59348,-0.000106453,1.57101,0.785346
0.381409,-0.403469,0.763034,-1.59331,-0.000107279,1.57101,0.785341
0.381485,-0.403389,0.763194,-1.59315,-0.000105995,1.57101,0.785341
0.381559,-0.403314,0.763353,-1.59298,-0.0001021,1.57101,0.785344
0.381641,-0.403237,0.763501,-1.59281,-0.000101751,1.57101,0.78534
0.381726,-0.403163,0.763657,-1.59265,-0.000105203,1.57101,0.78534
0.381805,-0.403082,0.763821,-1.59249,-0.000102955,1.57101,0.785345
0.381886,-0.403006,0.763981,-1.59232,-0.000106113,1.57101,0.785345
0.381964,-0.40292,0.764133,-1.59215,-0.000107539,1.57101,0.785345
0.382053,-0.40284,0.764284,-1.59199,-0.000107201,1.57101,0.785345
0.382134,-0.402762,0.764433,-1.59182,-0.000107291,1.571,0.785344
0.38221,-0.402684,0.76459,-1.59167,-0.000107321,1.57101,0.785341
0.382282,-0.402611,0.764744,-1.59151,-0.000107942,1.57101,0.785342
0.382355,-0.402536,0.764895,-1.59134,-0.000108657,1.57101,0.785339
0.382432,-0.40246,0.765043,-1.59118,-0.000108658,1.57101,0.785341
0.382511,-0.402386,0.765186,-1.59103,-0.000108659,1.57101,0.785346
0.382586,-0.402308,0.765336,-1.59086,-0.000104141,1.57101,0.785345
0.38266,-0.402231,0.765494,-1.5907,-0.000106271,1.57101,0.785345
0.382735,-0.402152,0.765646,-1.59053,-0.000104396,1.57101,0.785346
0.382819,-0.402073,0.765792,-1.59037,-0.000104279,1.57101,0.785343
0.382898,-0.401998,0.765943,-1.59021,-0.000105877,1.57101,0.785342
0.382973,-0.401923,0.766088,-1.59005,-0.000106138,1.57101,0.785339
0.383041,-0.401846,0.766237,-1.5899,-0.000107785,1.57101,0.78534
0.383112,-0.401776,0.766391,-1.58973,-0.000107282,1.57101,0.785344
0.383183,-0.401699,0.766539,-1.58957,-0.000107929,1.57101,0.785342
0.383258,-0.401624,0.766679,-1.58942,-0.00010733,1.57101,0.785346
0.383329,-0.401553,0.766828,-1.58926,-0.000107945,1.57101,0.785345
0.383404,-0.40148,0.766972,-1.58911,-0.000107336,1.57101,0.785344
0.383478,-0.401403,0.767122,-1.58895,-0.000104751,1.57101,0.785347
0.383551,-0.401332,0.767272,-1.58879,-0.000106881,1.57101,0.785342
0.383625,-0.401255,0.767413,-1.58864,-0.000107592,1.57101,0.785339
0.383705,-0.401178,0.767556,-1.58849,-0.000106506,1.57101,0.785342
0.383777,-0.401105,0.767695,-1.58835,-0.000103389,1.57101,0.785341
0.383851,-0.401032,0.76784,-1.5882,-0.000106868,1.57101,0.785342
0.383911,-0.400961,0.76799,-1.58804,-0.000108299,1.57101,0.785344
0.383978,-0.400888,0.768134,-1.5879,-0.000106505,1.57101,0.785345
0.384053,-0.400814,0.76827,-1.58775,-0.000107296,1.57101,0.785344
0.38413,-0.400749,0.768411,-1.58761,-0.000107323,1.57101,0.785347
0.384201,-0.400683,0.768552,-1.58747,-0.00010662,1.57101,0.785345
0.384265,-0.400611,0.768699,-1.58732,-0.000108657,1.57101,0.785341
0.384329,-0.400537,0.768845,-1.58717,-0.000107946,1.57101,0.785343
0.384398,-0.400469,0.768988,-1.58704,-0.000107336,1.57102,0.78534
0.38448,-0.400395,0.769126,-1.58691,-0.000108659,1.57101,0.78534
0.384554,-0.400323,0.769259,-1.58677,-0.000107947,1.57101,0.785342
0.384615,-0.400254,0.769404,-1.58664,-0.00010988,1.57102,0.78534
0.384679,-0.400185,0.769556,-1.5865,-0.000108659,1.57101,0.785342
0.384741,-0.400117,0.769692,-1.58636,-0.000109269,1.57102,0.785343
0.384816,-0.400048,0.76983,-1.58623,-0.000106014,1.57101,0.785346
0.38489,-0.399982,0.769962,-1.58611,-0.000104692,1.57101,0.785346
0.384953,-0.39991,0.770097,-1.58598,-0.000105302,1.57101,0.785345
0.385015,-0.399851,0.77024,-1.58585,-0.000106624,1.57101,0.785346
0.385083,-0.399782,0.770384,-1.58571,-0.000106624,1.57101,0.785342
0.385148,-0.39971,0.770523,-1.58558,-0.000107947,1.57101,0.785338
0.385226,-0.399641,0.770656,-1.58545,-0.000107336,1.57102,0.78534
0.385295,-0.399564,0.770786,-1.58533,-0.000107947,1.57102,0.785342
0.385363,-0.399496,0.770923,-1.58521,-0.000107336,1.57101,0.785344
0.385426,-0.399436,0.771054,-1.58508,-0.000107336,1.57102,0.78534
0.385493,-0.399366,0.771194,-1.58496,-0.000107336,1.57101,0.785345
0.385555,-0.399305,0.771331,-1.58482,-0.000107947,1.57101,0.785345
0.385622,-0.399237,0.771459,-1.5847,-0.000106624,1.57101,0.785345
0.385688,-0.399171,0.771591,-1.58457,-0.000106014,1.57101,0.785346
0.385752,-0.399109,0.771717,-1.58445,-0.000106624,1.57101,0.785343
0.385817,-0.399043,0.771845,-1.58434,-0.000105302,1.57101,0.785342
0.38588,-0.398988,0.771978,-1.5842,-0.000106624,1.57101,0.785342
0.385948,-0.398917,0.772112,-1.58408,-0.000106624,1.57101,0.785342
0.386009,-0.39885,0.772238,-1.58395,-0.000106014,1.57101,0.78534
0.386079,-0.398786,0.772364,-1.58383,-0.000105302,1.57101,0.785339
0.386146,-0.398718,0.772491,-1.58371,-0.000106624,1.57101,0.785344
0.38621,-0.39866,0.77262,-1.58359,-0.000107336,1.57101,0.785343
0.386272,-0.398597,0.772747,-1.58348,-0.000108659,1.57101,0.785344
0.386336,-0.398539,0.772878,-1.58336,-0.000108659,1.57101,0.785346
0.386396,-0.398472,0.772999,-1.58323,-0.000107947,1.57101,0.785342
0.386458,-0.398415,0.773121,-1.58311,-0.00010988,1.57101,0.785344
0.386521,-0.398351,0.773244,-1.58299,-0.000106624,1.57101,0.785343
0.38658,-0.398286,0.773361,-1.58288,-0.000102818,1.57101,0.785339
0.386643,-0.398233,0.773482,-1.58276,-0.000103626,1.57101,0.785339
0.3867,-0.398173,0.773602,-1.58265,-0.000104947,1.57101,0.785341
0.386759,-0.398114,0.773729,-1.58253,-0.000105184,1.57101,0.785343
0.386822,-0.398049,0.773849,-1.5824,-0.000105975,1.57101,0.785343
0.386883,-0.39799,0.773966,-1.58228,-0.000105289,1.57101,0.785345
0.386947,-0.397924,0.77408,-1.58217,-0.00010662,1.57101,0.785345
0.387011,-0.397868,0.774201,-1.58205,-0.0001053,1.57101,0.785343
0.387068,-0.397805,0.774319,-1.58195,-0.000106624,1.57101,0.785345
0.387127,-0.39775,0.774436,-1.58183,-0.000108659,1.57101,0.785342
0.387184,-0.397696,0.774557,-1.58172,-0.000108659,1.57101,0.785343
0.387239,-0.397636,0.774668,-1.5816,-0.000108659,1.57101,0.785342
0.387296,-0.397578,0.774777,-1.58148,-0.000106624,1.57101,0.78534
0.387355,-0.397517,0.774891,-1.58137,-0.000104692,1.57101,0.785342
0.38741,-0.397461,0.774999,-1.58126,-0.000103979,1.57101,0.785342
0.387472,-0.397409,0.775111,-1.58115,-0.000102759,1.57101,0.785345
0.387524,-0.397352,0.775223,-1.58104,-0.000104692,1.57101,0.785346
0.387581,-0.397296,0.775338,-1.58093,-0.000104692,1.57101,0.785345
0.387633,-0.397238,0.775449,-1.58081,-0.000104692,1.57101,0.785345
0.387691,-0.397181,0.775554,-1.5807,-0.000106624,1.57101,0.785342
0.387754,-0.397121,0.77566,-1.58059,-0.000105302,1.57101,0.785339
0.387813,-0.397061,0.775771,-1.58049,-0.000106624,1.57101,0.785342
0.387865,-0.397012,0.775877,-1.58039,-0.000104141,1.57101,0.785339
0.387918,-0.39696,0.775983,-1.58028,-0.000106881,1.57102,0.785342
0.387972,-0.396906,0.776088,-1.58018,-0.000106981,1.57101,0.785346
0.388022,-0.396855,0.776198,-1.58007,-0.000106506,1.57101,0.785346
0.388076,-0.3968,0.7763,-1.57996,-0.00010394,1.57101,0.785345
0.388131,-0.396747,0.7764,-1.57985,-0.000101483,1.57101,0.785345
0.388179,-0.396694,0.776504,-1.57975,-9.84933e-05,1.57101,0.785345
0.388233,-0.396646,0.776601,-1.57965,-0.00010388,1.57101,0.785342
0.388283,-0.396599,0.776705,-1.57956,-0.000101022,1.57101,0.785342
0.388332,-0.396551,0.776804,-1.57946,-0.000102205,1.57101,0.785342
0.388385,-0.396495,0.776911,-1.57936,-0.000105211,1.57101,0.785342
0.388435,-0.396441,0.777019,-1.57925,-0.000109646,1.57101,0.785343
0.388486,-0.396387,0.777116,-1.57915,-0.000106877,1.57101,0.785342
0.388539,-0.396329,0.777216,-1.57905,-0.000104225,1.57101,0.785346
0.388597,-0.396278,0.777312,-1.57896,-0.000107181,1.57101,0.785345
0.388646,-0.396227,0.777413,-1.57886,-0.000108166,1.57101,0.785345
0.388694,-0.396184,0.77751,-1.57877,-0.000107172,1.57101,0.785345
0.388743,-0.396136,0.777605,-1.57868,-0.000104637,1.57101,0.785342
0.388794,-0.396089,0.777704,-1.57858,-0.000104673,1.57101,0.785341
0.38884,-0.396042,0.777801,-1.57849,-0.000100778,1.57101,0.78534
0.388887,-0.395989,0.777895,-1.57839,-0.000101691,1.57101,0.785339
0.388933,-0.395943,0.77799,-1.57829,-9.84951e-05,1.57101,0.785343
0.388983,-0.395891,0.778086,-1.5782,-0.000102796,1.571,0.785345
0.389032,-0.395848,0.778173,-1.5781,-0.000104297,1.571,0.785346
0.38908,-0.395807,0.778267,-1.57802,-0.000105882,1.57101,0.785346
0.389124,-0.395762,0.778355,-1.57793,-0.000107352,1.57101,0.785345
0.38917,-0.395714,0.77845,-1.57784,-0.000109512,1.57101,0.785343
0.389215,-0.395665,0.778545,-1.57775,-0.000110232,1.57101,0.78534
0.389259,-0.395613,0.778641,-1.57766,-0.000108539,1.57101,0.785342
0.389306,-0.395563,0.778734,-1.57755,-0.000107907,1.57101,0.785339
0.389351,-0.395516,0.778821,-1.57746,-0.000105289,1.57101,0.785342
0.389401,-0.395474,0.77891,-1.57737,-0.000102102,1.57101,0.785344
0.389449,-0.395431,0.778994,-1.57729,-9.97169e-05,1.57101,0.785344
0.38949,-0.395387,0.77908,-1.57721,-9.93628e-05,1.57101,0.785345
0.389535,-0.395347,0.779165,-1.57712,-9.92448e-05,1.57101,0.785346
0.389575,-0.395302,0.779248,-1.57703,-0.000103724,1.57101,0.785342
0.389617,-0.395256,0.779339,-1.57694,-0.00010097,1.57101,0.785344
0.389657,-0.395211,0.779428,-1.57685,-9.89327e-05,1.57101,0.78534
0.389692,-0.395167,0.779516,-1.57676,-0.000100017,1.57101,0.785339
0.389735,-0.395128,0.779599,-1.57667,-9.99376e-05,1.57101,0.785342
0.389777,-0.395088,0.779674,-1.57659,-0.000101234,1.57101,0.785342
0.389822,-0.395048,0.779753,-1.57651,-0.00010387,1.57101,0.785345
0.389858,-0.395009,0.779835,-1.57643,-0.000108283,1.57101,0.785345
0.389899,-0.394971,0.779912,-1.57635,-0.000109347,1.57101,0.785346
0.389938,-0.394927,0.77999,-1.57627,-0.000108481,1.57101,0.785345
0.389974,-0.394885,0.78007,-1.57618,-0.0001086,1.57101,0.785345
0.390013,-0.394847,0.780153,-1.57611,-0.000103409,1.57101,0.785342
0.390052,-0.394808,0.780236,-1.57603,-0.000102908,1.57101,0.785341
0.390094,-0.394767,0.780313,-1.57594,-0.000103071,1.57101,0.785342
0.390132,-0.394727,0.780386,-1.57586,-0.000100922,1.57101,0.785342
0.390172,-0.394688,0.780459,-1.57578,-0.000100646,1.57101,0.785343
0.390214,-0.394649,0.780535,-1.57571,-0.000101877,1.57101,0.785339
0.390248,-0.394609,0.780611,-1.57563,-0.000105754,1.57101,0.785343
0.390282,-0.394577,0.780683,-1.57556,-0.000104223,1.57101,0.785346
0.390318,-0.394535,0.78076,-1.57548,-0.000106095,1.57101,0.785345
0.390356,-0.394503,0.78083,-1.57541,-0.000106923,1.57101,0.785344
0.390391,-0.394471,0.780906,-1.57534,-0.000103291,1.57101,0.785346
0.390424,-0.394434,0.780975,-1.57526,-0.000101707,1.57101,0.785346
0.39046,-0.3944,0.781054,-1.57519,-0.000105901,1.57101,0.785341
0.390495,-0.394367,0.78113,-1.57511,-0.00010818,1.57101,0.78534
0.390529,-0.394328,0.781197,-1.57504,-0.000104591,1.57101,0.785341
0.390569,-0.394296,0.781265,-1.57497,-0.000106218,1.57101,0.785342
0.3906,-0.394258,0.781329,-1.5749,-0.000106964,1.57101,0.785345
0.390633,-0.394226,0.781397,-1.57483,-0.000102694,1.57101,0.785343
0.39066,-0.394197,0.781468,-1.57477,-0.000100999,1.57101,0.785343
0.390694,-0.394162,0.781532,-1.5747,-0.00010458,1.57101,0.785344
0.390728,-0.394128,0.781598,-1.57464,-0.00010295,1.57101,0.785346
0.39076,-0.394095,0.781663,-1.57457,-0.000106722,1.57101,0.785344
0.390793,-0.394061,0.781731,-1.5745,-0.000104343,1.57101,0.785342
0.390823,-0.394023,0.781798,-1.57443,-0.000107458,1.57101,0.785344
0.390855,-0.393992,0.781865,-1.57437,-0.000108258,1.57101,0.785344
0.390883,-0.393962,0.781929,-1.57431,-0.000109136,1.57101,0.785341
0.390917,-0.393933,0.781991,-1.57424,-0.000105969,1.57101,0.785341
0.390953,-0.393903,0.78205,-1.57418,-0.000104677,1.57101,0.78534
0.390984,-0.393872,0.782109,-1.57412,-0.000104687,1.57101,0.785339
0.391012,-0.39384,0.78217,-1.57406,-0.00010469,1.57101,0.785344
0.391044,-0.393808,0.782225,-1.574,-0.000106013,1.57101,0.785342
0.391077,-0.393781,0.78229,-1.57394,-0.000103428,1.57101,0.785343
0.391101,-0.393754,0.782348,-1.57388,-0.000102363,1.57101,0.785344
0.391137,-0.393725,0.78241,-1.57382,-0.000104594,1.57101,0.785345
0.391159,-0.393694,0.782464,-1.57376,-0.000106151,1.57101,0.785345
0.391189,-0.393671,0.782524,-1.5737,-0.000106467,1.57101,0.785342
0.391216,-0.393645,0.782582,-1.57364,-0.000107284,1.57101,0.785342
0.391246,-0.393616,0.782638,-1.57359,-0.000107929,1.57101,0.785339
0.391268,-0.393586,0.782692,-1.57353,-0.000104745,1.57101,0.78534
0.391297,-0.393558,0.782744,-1.57347,-0.000107592,1.57101,0.785339
0.391327,-0.393528,0.7828,-1.57342,-0.000108303,1.57101,0.785345
0.391347,-0.393506,0.782849,-1.57336,-0.000107218,1.57101,0.785343
0.391376,-0.393483,0.782898,-1.57331,-0.000106585,1.57101,0.785342
0.3914,-0.393461,0.782948,-1.57325,-0.000106001,1.57101,0.785345
0.391423,-0.393437,0.783001,-1.5732,-0.000107332,1.57101,0.785343
0.391452,-0.393413,0.783051,-1.57316,-0.00010475,1.57101,0.785342
0.391474,-0.39339,0.783097,-1.5731,-0.000106271,1.57101,0.785347
0.391498,-0.393359,0.783149,-1.57305,-0.000108304,1.57101,0.785341
0.391522,-0.393336,0.783198,-1.573,-0.000105955,1.57101,0.785339
0.391543,-0.393309,0.783248,-1.57295,-0.000107554,1.57101,0.785342
0.391567,-0.393286,0.783294,-1.5729,-0.000104383,1.57101,0.785341
0.391588,-0.393264,0.783342,-1.57285,-0.000106148,1.57101,0.785339
0.391611,-0.393237,0.783392,-1.5728,-0.000106228,1.57101,0.785345
0.39163,-0.393216,0.783438,-1.57276,-0.000104009,1.57101,0.785345
0.391654,-0.393192,0.783484,-1.57271,-0.000104354,1.57101,0.785345
0.391673,-0.393166,0.783533,-1.57266,-0.000107834,1.57101,0.785345
0.3917,-0.393149,0.783576,-1.57262,-0.000108791,1.57101,0.785343
0.391722,-0.393123,0.783619,-1.57257,-0.00010911,1.57101,0.785339
0.391746,-0.393106,0.783664,-1.57252,-0.000107894,1.57101,0.785342
0.391764,-0.393086,0.783703,-1.57248,-0.000107319,1.57101,0.785342
0.391792,-0.393063,0.783744,-1.57244,-0.000106008,1.57101,0.78534
0.39181,-0.393047,0.783791,-1.5724,-0.000106012,1.57101,0.785342
0.391832,-0.393018,0.783827,-1.57236,-0.000105301,1.57101,0.785345
0.391854,-0.393,0.783868,-1.57232,-0.000105302,1.57101,0.785342
0.391874,-0.392982,0.783907,-1.57228,-0.000104691,1.57101,0.785344
0.391891,-0.392963,0.78395,-1.57224,-0.000106014,1.57101,0.785345
0.391915,-0.392944,0.783989,-1.57221,-0.000106014,1.57101,0.785345
0.391933,-0.392926,0.784029,-1.57217,-0.000107947,1.57101,0.785342
0.391956,-0.392905,0.784066,-1.57213,-0.000107947,1.57101,0.785342
0.391969,-0.39289,0.784102,-1.5721,-0.000107947,1.57101,0.78534
0.391986,-0.392869,0.784145,-1.57206,-0.000107947,1.57101,0.785338
0.392007,-0.392849,0.784178,-1.57203,-0.000106684,1.57101,0.785341
0.392022,-0.392837,0.784214,-1.572,-0.000106881,1.57101,0.785343
0.392036,-0.392819,0.784247,-1.57197,-0.000108914,1.57101,0.785345
0.392056,-0.392803,0.784282,-1.57194,-0.000107218,1.57101,0.785339
0.392075,-0.392786,0.784317,-1.57191,-0.000105975,1.57101,0.785345
0.392093,-0.39277,0.784348,-1.57187,-0.000104678,1.57101,0.785345
0.392107,-0.39275,0.784382,-1.57184,-0.000102814,1.57101,0.785341
0.392121,-0.39274,0.784412,-1.57181,-0.000104947,1.57101,0.785345
0.392137,-0.392723,0.784444,-1.57178,-0.000102463,1.57101,0.785344
0.39215,-0.392711,0.784474,-1.57176,-0.000106763,1.57101,0.78534
0.392169,-0.392694,0.784502,-1.57172,-0.000108264,1.57101,0.785342
0.392181,-0.392682,0.784529,-1.5717,-0.000108527,1.57101,0.78534
0.392194,-0.392668,0.784561,-1.57167,-0.000109225,1.57101,0.78534
0.392211,-0.392654,0.784583,-1.57164,-0.000108644,1.57101,0.785343
0.392223,-0.392637,0.784617,-1.57162,-0.000109264,1.57101,0.785345
0.392235,-0.39263,0.784641,-1.57159,-0.000106012,1.57101,0.785344
0.392245,-0.392615,0.784666,-1.57157,-0.000106624,1.57101,0.785347
0.392262,-0.392601,0.784694,-1.57155,-0.000107947,1.57101,0.785345
0.392271,-0.392593,0.784718,-1.57152,-0.000102818,1.57101,0.785342
0.392282,-0.392578,0.784744,-1.5715,-0.000105559,1.57101,0.785344
0.392296,-0.392567,0.784766,-1.57148,-0.000102463,1.57101,0.785342
0.392304,-0.39255,0.784789,-1.57146,-0.000106763,1.57101,0.78534
0.392318,-0.392539,0.784815,-1.57144,-0.000107552,1.57101,0.785341
0.39233,-0.392531,0.784835,-1.57142,-0.000109138,1.57101,0.785342
0.392341,-0.392519,0.784854,-1.5714,-0.000109836,1.57101,0.785342
0.392353,-0.392505,0.784884,-1.57138,-0.000109255,1.57101,0.785345
0.392365,-0.392492,0.784905,-1.57136,-0.000108654,1.57101,0.785345
0.392375,-0.392482,0.784927,-1.57134,-0.000107945,1.57101,0.785345
0.392389,-0.392471,0.784943,-1.57133,-0.000107946,1.57101,0.785343
0.392397,-0.392461,0.78496,-1.57131,-0.000107336,1.57101,0.785344
0.392407,-0.392448,0.784979,-1.5713,-0.000102106,1.57101,0.78534
0.392417,-0.392435,0.784999,-1.57128,-0.000102914,1.57101,0.785342
0.39243,-0.392428,0.78501,-1.57126,-0.000102463,1.57101,0.785342
0.392441,-0.392416,0.78503,-1.57125,-0.000102245,1.57101,0.785342
0.392452,-0.392408,0.78505,-1.57124,-0.000105165,1.57101,0.785343
0.39246,-0.392397,0.78506,-1.57122,-0.00010685,1.57101,0.785345
0.39247,-0.392382,0.785077,-1.57121,-0.000107785,1.57101,0.785345
0.39248,-0.392376,0.785093,-1.5712,-0.000109215,1.57101,0.785345
0.39249,-0.392362,0.785104,-1.57119,-0.000108641,1.57101,0.785345
0.3925,-0.392353,0.785117,-1.57118,-0.000105457,1.57101,0.785349
0.39251,-0.392349,0.785126,-1.57117,-0.000106269,1.57101,0.785343
0.392525,-0.392337,0.78514,-1.57116,-0.000107591,1.57101,0.785341
0.392527,-0.392327,0.78515,-1.57115,-0.000106506,1.57101,0.785341
0.392536,-0.392316,0.78516,-1.57114,-0.000107907,1.57101,0.78534
0.392547,-0.392308,0.785174,-1.57113,-0.000107934,1.57101,0.78534
0.392553,-0.392299,0.785181,-1.57112,-0.000107942,1.57101,0.785345
0.392558,-0.392291,0.785192,-1.57111,-0.000107335,1.57101,0.785344
0.392571,-0.392283,0.785204,-1.5711,-0.000108658,1.57101,0.785343
0.392578,-0.392277,0.785211,-1.57109,-0.000106624,1.57101,0.785345
0.392577,-0.392268,0.785219,-1.57109,-0.000107947,1.57101,0.785345
0.392584,-0.392259,0.785232,-1.57108,-0.000107947,1.57101,0.785342
0.39259,-0.392253,0.785238,-1.57108,-0.000109269,1.57101,0.785345
0.392599,-0.392241,0.785248,-1.57107,-0.000109269,1.57101,0.785345
0.392599,-0.392235,0.785251,-1.57106,-0.000107336,1.57101,0.78534