-0.00268007,0.00652192,0.00166023,0.00418412,0.000617656,0.00262101,-4.01791e-05
-0.0057404,0.00354226,0.00286205,0.0030606,0.000249561,0.00142973,0.00143128
-0.00373554,0.00187325,0.00134521,0.00400703,0.000197304,0.00130835,-2.91602e-05
-0.00283943,0.00178745,0.00144911,0.00347351,0.000154734,0.000485894,0.000692637
-0.00271156,0.000481979,0.000962696,0.00363651,0.000764815,0.000118945,0.000224399
-0.00144725,-0.00123174,0.00184569,0.00186053,0.000319475,0.000129009,0.000149599
-0.00166891,5.56823e-05,0.00743158,0.00316075,0.00042622,0.000394557,9.97328e-05
-0.000666239,0.000207545,0.00564197,0.00334642,-0.000149323,-0.000217625,0.000575115
-0.00284704,0.000266181,0.00682592,0.00529412,-9.40434e-05,-0.000124111,-0.000362575
-0.00316658,-0.000933108,0.00532971,0.00403392,-0.000465468,-0.00030437,-0.00122506
-0.00392089,0.000656251,0.00315365,0.00448671,-0.000544574,-0.000428476,-0.00054544
-0.0038553,-0.00127181,0.00524513,0.00370864,-0.000123368,0.000197915,-0.000363627
-0.00435965,-0.000807434,0.00669572,0.00245374,0.000122947,-0.000336139,-0.000242418
-0.0035757,-0.000507957,0.00596072,0.000832996,8.32709e-05,-0.00120246,7.57471e-05
-0.00239854,-0.000965503,0.00840058,0.00253187,-0.000146957,-0.00174734,5.04981e-05
-0.00161009,-0.00118342,0.00528194,0.00469214,-0.000334595,-0.00167072,0.000983101
-0.00108168,-0.00253939,0.00791688,0.00710503,-0.00110413,-0.00134907,0.000418042
-0.00128415,-0.00112652,0.0085287,0.00494076,-0.00117648,-0.00160988,0.000787321
-0.000303956,-9.41989e-05,0.00906324,0.00714077,-0.000987463,-0.000834717,0.000253613
-0.00131976,-0.00126383,0.00992748,0.00304868,-0.000861527,-0.000555592,0.000440343
-0.000882463,0.00112054,0.00697236,0.00255822,-0.000811536,0.000104988,-0.000215064
-0.000590277,0.00277709,0.00721567,0.00145019,-0.000303534,0.000545208,-0.000618094
-0.000394994,0.000288276,0.00493075,0.00191215,-0.000439617,-0.000110872,6.26551e-05
-0.00147086,0.000342274,0.00578152,0.002703,0.000351256,-7.36346e-05,-0.00141629
-0.00163102,0.00350996,0.00705318,0.00678406,0.000471585,-0.000286238,-0.000706836
-0.00108797,0.00333811,0.00492051,0.00756976,0.000517882,4.66909e-05,0.000274761
-0.000725779,0.00449688,0.00626037,0.00809764,0.000786095,-0.000680831,-0.000562811
-0.000484203,0.00290519,0.00430684,0.00963063,0.000964896,-0.00021644,-0.00010394
-0.000323065,0.0035918,0.0039456,0.0117616,0.00088064,9.31322e-05,0.0011175
-0.000215574,0.00503217,0.00434844,0.0108801,0.00516076,-0.00041258,0.00101627
-0.000143863,0.00604243,0.00715013,0.0170129,0.00407879,0.00118305,0.000168886
0.00249141,0.00793268,0.00792967,0.0150255,0.00234172,0.000280099,0.00034995
0.00441253,0.00923017,0.00961393,0.0197603,0.00134586,0.000424113,0.0002333
0.00404936,0.00824574,0.00916743,0.0223791,0.000218671,0.000282758,0.0004268
0.0061628,0.00806443,0.00951683,0.0181048,0.000476087,-0.00052356,-0.000461452
0.00712699,0.00986222,0.0102418,0.0171664,-2.82761e-05,-0.000111672,-0.000307634
0.00805391,0.0123173,0.00967594,0.0155357,0.000493315,0.000162918,-0.000917166
0.00868395,0.0121977,0.0092043,0.0158356,0.000178944,-0.00060346,-0.00112007
0.00717238,0.0134817,0.0114538,0.0148876,0.000803694,-0.000402303,0.000711348
0.00797881,0.0131078,0.012994,0.0180313,0.00121016,-3.08403e-05,0.000236873
0.00800041,0.012341,0.0122564,0.0183489,0.000829351,0.000216801,-7.94434e-05
0.00614155,0.00978666,0.0113808,0.0162034,0.000807193,0.000381894,-5.29623e-05
0.0078103,0.00792592,0.0149121,0.0192086,0.000313469,0.000254597,0.000948036
0.00840895,0.00956889,0.0120506,0.0214415,0.000659314,-6.76264e-05,0.000632024
0.00851977,0.00966584,0.0159903,0.0219135,0.000684045,0.000192275,0.000421349
0.00903387,0.0115571,0.0145754,0.024429,0.000224029,0.000128184,-0.000227727
0.0118427,0.0124304,0.0142186,0.0278054,0.000153371,0.000594083,0.000356808
0.00652085,0.016588,0.0138407,0.0242636,-0.000335548,0.000124788,0.000237872
0.00943092,0.0148176,0.0147933,0.0248081,-0.00150996,8.31923e-05,-0.000350045
0.0102299,0.0178137,0.0164404,0.0246911,-0.00100494,-0.000181897,3.99577e-06
0.0101541,0.0127087,0.0183623,0.0245511,-0.00090605,0.000116094,-0.000472054
0.0102653,0.0126266,0.0195312,0.0259968,-0.00104389,-0.000159963,-0.000552062
0.00713485,0.0131973,0.0208546,0.0257236,-0.000457851,-0.000106642,-0.000368041
0.00924996,0.0141599,0.0221957,0.0250722,0.000136112,0.000437532,-0.00048272
0.0100942,0.0158861,0.0179879,0.0206978,-0.000146216,2.04206e-05,-0.000559172
0.00948747,0.0147934,0.0209491,0.0235827,-9.71753e-05,0.000284881,-0.000135422
0.007225,0.0147281,0.0202442,0.0255177,-6.45573e-05,-0.000556064,0.00136778
0.00807045,0.013329,0.0250689,0.0234513,0.000397941,-0.000133351,0.000403227
0.0104019,0.0180862,0.0230578,0.0253698,0.000706231,-8.89005e-05,0.000777445
0.0109249,0.0165066,0.0249436,0.0233997,0.00111518,0.000178092,0.000280937
0.0107357,0.0153727,0.0242477,0.0252459,0.000302713,-0.00035599,0.000424651
0.00864191,0.0194767,0.02518,0.0278006,-0.000238947,-0.000712044,-0.000225526
0.00645724,0.0206783,0.0242917,0.0284006,7.8101e-05,-0.000712055,-0.00038771
0.00741302,0.0190938,0.0249161,0.031567,-0.000388712,-0.000474703,0.000250153
0.00934295,0.0199516,0.0249309,0.0288685,0.000181691,-0.000587736,-0.000816575
0.00897732,0.0173865,0.0253809,0.0287153,-0.000116215,-0.000120557,-0.00129037
0.0135204,0.0193971,0.0289763,0.0300296,-0.000280914,0.000631706,-0.00035162
0.012091,0.0219934,0.0295896,0.0322711,-0.000628076,-5.35808e-05,2.94589e-06
0.0129441,0.0226139,0.0318065,0.0343742,-0.000181351,-3.57206e-05,0.000985308
0.0160069,0.0232489,0.0332843,0.0344382,8.2555e-05,-0.000769799,0.000656872
0.0151472,0.0231783,0.0341179,0.036413,5.50407e-05,-0.000513199,0.000437915
0.0133026,0.0241862,0.0339387,0.0347099,3.66968e-05,-0.000342133,0.000529302
0.0170535,0.0217519,0.0379825,0.0391662,2.44668e-05,-0.000228089,0.000115509
0.017837,0.0213262,0.038303,0.040989,1.63129e-05,-0.000626777,7.70061e-05
0.0192356,0.0234228,0.0375708,0.0436507,0.000214327,0.000294226,0.000526055
0.022043,0.0227155,0.0379174,0.0388913,0.000821054,0.000467418,0.000113345
0.0184708,0.0238836,0.0398448,0.0421254,-0.000334249,0.000311612,-0.000907781
0.0170885,0.0215499,0.0424389,0.0406281,-0.000426283,0.0004451,-0.000842546
0.0191172,0.0213329,0.0416586,0.0376401,-0.000521547,5.93745e-05,0.000150379
0.0174548,0.0228805,0.0432199,0.0402376,-0.000110339,-0.000231684,-0.000611824
0.0207983,0.0216848,0.0420882,0.044231,-0.000310918,0.00035417,-0.000407883
0.0211521,0.0239471,0.0447698,0.0416785,3.00806e-05,0.000236113,-3.45628e-05
0.0184515,0.0225391,0.0428929,0.0430635,-0.000217305,-0.000351217,-2.30419e-05
0.0175595,0.0207254,0.0443288,0.042199,-0.00034832,-0.000234145,-0.00025272
0.0157785,0.0187106,0.0444191,0.0411159,-0.000469575,0.00035253,0.000814864
0.0155656,0.0197344,0.0470471,0.041732,-7.56886e-05,-0.000273607,0.000780602
0.0147712,0.0179769,0.0501642,0.0448238,-0.00028782,-0.000182404,0.000283042
0.0168075,0.020377,0.0521101,0.0431235,0.000248932,0.000149664,-8.25726e-05
0.0183911,0.0229635,0.0513509,0.0449484,0.000403313,-0.000646209,0.000216219
0.0201451,0.0235823,0.053482,0.0494698,3.15166e-05,-0.000193447,-0.000127121
0.0208047,0.0252654,0.0495233,0.0449628,0.000461821,0.000108394,-8.47476e-05
0.0218897,0.0244515,0.0519446,0.0487693,0.00010443,-0.000639814,-0.000531216
0.0234123,0.025906,0.0521853,0.0516511,0.000476521,-0.000663902,-0.000591503
0.0231895,0.0256583,0.0544137,0.0529687,0.00011423,-0.000205242,-0.000631694
0.0217751,0.0254149,0.0569733,0.0523163,7.61534e-05,-0.000136828,-0.00116711
0.0225532,0.0271643,0.0546217,0.0479124,0.000491578,-0.000328578,0.000679986
0.0237348,0.02554,0.0537965,0.0513149,-0.000113091,0.000255666,0.00096195
0.0258598,0.0255737,0.0540836,0.0507387,-7.53937e-05,0.000407803,0.0006413
0.0274773,0.028598,0.0555701,0.0500868,-0.000253713,0.000509228,0.000156266
0.0273187,0.0303968,0.0572619,0.0511647,-0.000169142,0.000339485,0.000375445
0.026167,0.0286829,0.0572579,0.050186,-0.00035012,0.000226323,0.000250296
0.0263836,0.0279091,0.0557767,0.0512287,0.000207396,-8.64767e-05,0.000166864
0.0260071,0.0279211,0.0561001,0.0544421,-0.000302545,-5.76511e-05,0.000111243
0.0257485,0.0254775,0.0546087,0.0564563,0.000239112,-0.000275793,-0.000197105
0.0255582,0.0242632,0.0559519,0.056683,0.000803668,-0.000183862,-0.0013182
0.0285727,0.0264469,0.0569547,0.0554486,0.00121395,-0.000122575,-0.000878799
0.0302874,0.0243399,0.0580306,0.0582404,0.000571939,-8.17165e-05,-0.000348507
0.0295855,0.0273031,0.0591752,0.0580349,0.000618652,0.00042024,-0.000232338
0.0285284,0.027398,0.0612147,0.0610359,0.000175076,-0.000194558,0.000557185
0.031918,0.0304781,0.0611391,0.0598499,0.000116717,0.000107654,0.000371457
0.0327117,0.0328369,0.0626287,0.0622701,-0.000362998,0.000580395,0.000247638
0.0350456,0.0320294,0.0596409,0.0640549,-0.00108971,0.00038693,-7.22671e-05
0.0318877,0.0302385,0.0618238,0.066547,-0.00140464,-1.33138e-05,0.000697807
0.031383,0.0313539,0.0601192,0.0648622,-0.000495617,-8.87587e-06,0.000939923
0.0289936,0.0287287,0.0590159,0.0646839,-0.000771223,0.00026535,0.000151897
0.0278518,0.0290242,0.0594393,0.0682041,-0.000717599,0.0001769,0.000101265
0.0304595,0.029305,0.0607594,0.0691675,-3.75879e-05,-0.000153334,-0.000203757
0.0342572,0.0290954,0.0594752,0.0718199,0.00106001,-0.000339582,-0.00108527
0.0352183,0.0274924,0.0591583,0.0701691,0.000910124,-0.000226388,0.00022592
0.0363939,0.0301561,0.0597857,0.069997,0.00104756,-0.000863002,-0.000798823
0.0355844,0.0310048,0.0638398,0.0727855,0.00113918,0.000374101,-5.78305e-05
0.0356369,0.0332779,0.0666757,0.0745346,0.000996814,1.20418e-05,-0.00125926
0.0355506,0.0300052,0.071997,0.074277,0.000427184,8.02787e-06,0.000618558
0.0380825,0.0326765,0.0696787,0.0698158,-0.00015602,0.000242711,-6.23462e-05
0.0375072,0.0314295,0.068679,0.0697265,-0.000748274,0.000161807,0.00117914
0.0375373,0.0298663,0.0698121,0.0733919,-0.000939659,0.000379139,0.000277466
0.0393392,0.0323395,0.0709887,0.073425,-0.0012707,0.000252759,0.000456245
0.038152,0.03428,0.0722354,0.0760932,-0.00128794,-0.00034012,0.000778881
0.0376532,0.03442,0.0717515,0.0761156,-0.000417818,-0.000226747,4.45362e-05
0.0382172,0.0346254,0.0720284,0.0763672,0.000162264,-0.000151165,-0.00119101
0.0385927,0.0386633,0.0755993,0.0813577,0.000955887,-0.000575494,-0.000556649
0.0377564,0.0390232,0.0749375,0.0821952,0.00175624,-0.000858381,0.000103618
0.0371697,0.0386444,0.0757022,0.0781749,0.00157772,-9.75359e-05,-0.000880357
0.0395791,0.037311,0.0768612,0.0792738,0.00128918,-6.50239e-05,-0.000586905
0.0398474,0.0416434,0.0782254,0.0806261,0.0010629,0.000431369,-0.000153911
0.0386227,0.0432695,0.0789419,0.0816314,0.000267791,0.000524938,-0.000339966
0.0403849,0.0419437,0.0786959,0.0819484,-0.000669183,0.000349959,0.000722792
0.0384241,0.0414294,0.07614,0.0815236,-0.000886932,-4.05316e-06,0.00146521
0.0414343,0.0434533,0.0804246,0.0832578,-0.00191372,-2.70211e-06,0.000739445
0.0417901,0.0430738,0.0828267,0.0839301,-0.00127581,-1.80141e-06,0.000255604
0.0445808,0.0451254,0.084191,0.0831802,-0.00085054,-0.00023856,0.00088248
0.0454126,0.0426555,0.0844892,0.0851156,-0.000329668,-0.000396399,0.000350961
0.0466971,0.0414518,0.0841119,0.0824038,-0.000219779,-0.000738984,0.000233974
0.0476455,0.0405051,0.0840434,0.0846032,0.000497741,-0.000763923,-0.000590003
0.0447555,0.0397686,0.0849099,0.0808783,-0.000108982,-0.000238015,-0.000868053
0.0417853,0.0397921,0.0826611,0.082491,-0.000276105,7.86824e-05,-0.00105342
0.0447198,0.0386787,0.0845081,0.082607,0.000222831,0.000289814,-0.000939639
0.0467093,0.03892,0.0846224,0.0844767,-5.48966e-05,0.000430568,-0.000389067
0.0449832,0.0398467,0.0817705,0.089226,-3.65978e-05,4.96865e-05,-0.000259378
0.0425452,0.0423051,0.0871065,0.0920578,-2.43985e-05,0.000270483,0.0015225
0.0449186,0.0424618,0.0860965,0.0916042,0.000187185,-5.70367e-05,3.16574e-05
0.045378,0.045689,0.0896523,0.0917825,0.000362149,0.000199334,0.000529731
0.047352,0.0460292,0.0915224,0.0938792,0.000444883,-0.000104469,0.000590513
0.0443084,0.0439252,0.0931294,0.0951816,0.000737398,-0.000307005,0.000868393
0.046409,0.0461814,0.0935977,0.0959462,5.07893e-05,0.000507407,0.00034157
0.0472943,0.0483112,0.0902182,0.0967136,-0.000169591,0.000100912,-0.000755631
0.0449881,0.0511487,0.0920466,0.0972448,9.03899e-05,6.72748e-05,-0.000978472
0.0451759,0.0494127,0.0902801,0.101207,6.02599e-05,0.000519568,-0.000889673
0.0475337,0.0504436,0.0927989,0.0995206,0.000277532,0.000346379,-0.000355757
0.0495712,0.0507805,0.089855,0.103713,0.000388472,-6.43994e-06,-0.00047453
0.0464046,0.0511078,0.0922589,0.105006,5.55308e-05,0.000233066,0.000395723
0.0456002,0.0469932,0.0968176,0.107084,0.00047783,-8.19818e-05,0.000772442
0.0461072,0.0466209,0.0975672,0.104314,0.000522004,0.000182704,0.000243694
0.0477234,0.0470388,0.0944512,0.10284,-9.28069e-05,0.000121803,0.00043373
0.0485968,0.0496613,0.0965152,0.100344,-6.18713e-05,-0.000156157,0.00100123
0.0495449,0.0503259,0.0928263,0.104896,-0.000922866,0.000133254,-4.45901e-05
0.0484374,0.0484601,0.0960331,0.108598,-0.000377885,-0.000148523,0.000207632
0.0470258,0.0469076,0.0959142,0.106641,-4.8473e-05,-9.90152e-05,0.000138421
0.0478968,0.0459281,0.0970053,0.106308,-0.000235766,0.000442616,-0.000416345
0.0516165,0.0471521,0.100158,0.104944,0.000724442,0.000532436,-0.00173563
0.0526442,0.0441808,0.0975506,0.105642,4.21517e-05,0.000829675,-0.000411098
0.052658,0.0463259,0.101988,0.105192,0.000231552,0.000315758,-0.000511425
0.0496681,0.047968,0.100296,0.103914,-4.90828e-05,-0.000264213,-0.000578309
0.0503081,0.048543,0.100121,0.104497,-0.000270081,6.12173e-05,0.000563897
0.0507903,0.0500777,0.102451,0.108216,-0.000383504,4.08115e-05,0.000138572
0.0531739,0.0505824,0.103631,0.10534,-0.000493029,-0.000718778,0.000567099
0.0523168,0.0501213,0.105358,0.108169,-0.000328686,-0.000479185,0.000140707
0.054399,0.0537601,0.103511,0.105673,1.82352e-05,0.000426529,0.00083979
0.0527568,0.0541204,0.106498,0.104949,1.21568e-05,0.000284352,0.00103458
0.0541077,0.054454,0.101877,0.111906,-0.000229254,-0.000319058,-2.23582e-05
0.0535238,0.0515145,0.102155,0.110382,0.000525332,0.000295921,-0.000286173
0.0538924,0.0518469,0.101811,0.111265,0.000553672,-4.00783e-05,-0.0006655
0.0526461,0.0514549,0.104078,0.112804,0.000369115,-0.000297986,3.10514e-05
0.0519666,0.0498515,0.108666,0.110312,0.000246076,-0.000198657,-0.000928735
0.0552025,0.053256,0.111449,0.110623,-3.93996e-05,-0.000132438,-0.000619157
0.0545114,0.0552083,0.112581,0.110831,0.000617994,0.000420334,-0.000412771
0.0563625,0.056069,0.113346,0.110123,-2.88137e-05,0.000517582,-0.00102117
0.0542181,0.0604172,0.113279,0.109144,0.00021815,-0.000129663,0.00101464
0.0539344,0.0576881,0.112995,0.112674,0.000145433,0.000150917,0.00165977
0.0523214,0.0596509,0.114564,0.111449,-0.000343854,-0.000136748,0.000123171
0.0555183,0.0578438,0.114236,0.113003,0.000415024,-0.000599792,0.000353382
0.0555438,0.0600575,0.114952,0.112858,0.000514042,-0.000399861,0.000235588
0.0543989,0.0586995,0.116767,0.115734,0.000342694,0.000479411,0.000157058
0.0566276,0.0544676,0.115748,0.114628,-8.89601e-06,8.22485e-05,-0.00135336
0.0580881,0.0561788,0.114609,0.112126,-0.00044674,-0.000453794,4.71982e-05
0.0567363,0.0566416,0.115575,0.115902,-0.000942087,-6.51704e-05,0.00125217
0.0548181,0.0550658,0.117719,0.117558,-0.000865417,0.00022782,-0.00133536
0.0580238,0.0565309,0.1165,0.121036,-0.000780395,0.00015188,-0.00163623
0.0585164,0.0576943,0.115066,0.116083,-0.00116452,0.000101254,0.000129886
0.0611888,0.0559955,0.114604,0.113284,-0.000335539,6.75024e-05,0.00032395
0.0581535,0.0545779,0.117388,0.114347,0.000183208,0.000519719,-0.00049611
0.0561116,0.0565162,0.117327,0.115435,0.000359498,0.00034648,0.000856055
0.0576783,0.0575503,0.11937,0.120005,0.000443116,0.000230986,0.00107933
0.0589755,0.0601668,0.116613,0.11987,0.000532769,-0.000320727,-2.64324e-05
0.0587687,0.0613817,0.118606,0.121932,0.00099944,-0.000485085,0.000491005
0.0599126,0.0634296,0.118602,0.120434,0.0011071,-0.00032339,0.00103941
0.0606909,0.0623904,0.12459,0.119899,0.000738068,-0.000215593,0.000455583
0.0599323,0.0597924,0.126706,0.116709,0.000288595,-0.000381088,-0.000442263
0.0608663,0.0599241,0.127804,0.119667,-0.000248413,-1.66997e-05,-0.00076956
0.0633177,0.0619136,0.123372,0.122103,-0.000402967,-0.00072321,-0.00051304
0.0619113,0.0608724,0.123335,0.123782,-0.000709454,-0.000719499,-0.000342027
0.0627778,0.0618645,0.123301,0.125107,-0.00111723,-0.000242307,-0.000465377
0.0633754,0.0610661,0.12261,0.125551,-0.00074482,7.58209e-05,0.000164467
0.058813,0.0640021,0.124584,0.125022,-5.5737e-05,0.000287906,0.000618271
0.0621806,0.067533,0.124468,0.124307,-0.000477967,-0.000520139,-0.000571164
0.0610485,0.0700376,0.124154,0.129138,0.000325615,0.000127958,0.000839927
0.0616515,0.0687981,0.123869,0.131631,0.000454436,0.000322664,0.000797311
0.0611189,0.0679458,0.124145,0.130037,0.000506408,-0.000259608,-0.000214445
0.0650031,0.0683497,0.12704,0.130452,0.00101577,-0.000173072,0.000365663
0.0675963,0.0666169,0.129122,0.129049,0.000677182,-0.000115381,0.000243775
0.0650689,0.06484,0.131379,0.132337,0.00569851,-0.00031428,-0.00105819
0.0651584,0.0642834,0.129905,0.132477,0.0039989,2.7839e-05,-0.00145144
0.0645121,0.063388,0.132681,0.133131,0.00252764,-0.0002188,-0.000221643
0.0672364,0.0638669,0.132014,0.132657,0.00126771,9.14925e-05,-0.00113111
0.069509,0.0623768,0.129002,0.131359,0.000337136,6.0995e-05,0.000229273
0.0688738,0.0663607,0.132581,0.134662,0.000589738,0.000278022,0.000864926
0.0672481,0.065456,0.132524,0.134589,-0.000155386,0.000422707,0.000847884
0.0660429,0.0636227,0.127988,0.139183,0.000171647,0.000519164,0.000802615
0.0658285,0.068987,0.129244,0.144056,0.000371722,0.000346109,0.000535077
0.0670555,0.0671895,0.131344,0.144968,0.000729004,0.000230739,-0.000151908
0.0652766,0.0698212,0.136196,0.14434,0.000753647,-8.35327e-05,0.000169995
0.0679278,0.0673143,0.138549,0.14258,0.00116941,0.000181671,-0.000157937
0.0707872,0.0692406,0.13945,0.141957,0.00123745,0.000392381,-0.000580009
0.0719015,0.0670858,0.135455,0.147465,0.00104119,-0.000484398,-0.00109875
0.0733667,0.069731,0.136092,0.143237,0.00050026,-0.000322932,-0.0007325
0.0711014,0.0711593,0.137111,0.143659,0.000340694,2.2071e-05,0.000223744
0.072032,0.0721712,0.137405,0.142009,0.00043597,-0.000222645,-8.81965e-05
0.0728356,0.0723479,0.141523,0.141221,-0.000349571,0.000597555,0.00116191
0.0733393,0.0726001,0.14008,0.145326,-0.000433466,0.000873088,0.00101196
0.0738588,0.074093,0.139723,0.14474,-0.000727513,0.000582059,0.000437283
0.0743993,0.0750688,0.140454,0.14392,-0.000279853,0.000388039,-0.000217104
0.071501,0.0757875,0.140437,0.145123,0.00025552,-0.000216025,-0.000382095
0.0719632,0.0766701,0.145839,0.142881,0.000612116,-0.000652643,0.000491255
0.0715299,0.0801004,0.146471,0.141706,0.000205346,-0.000435095,-0.000655841
0.0703067,0.0750345,0.145557,0.141523,0.000137437,-0.000527423,-0.000674586
0.0722092,0.0755178,0.145993,0.144915,9.20294e-05,0.000123103,-0.000212365
0.0736988,0.0736983,0.147118,0.148692,-0.000379153,-0.00110473,-0.000378936
0.0740999,0.074629,0.148569,0.144849,-0.0004899,-0.000261766,-0.000727342
0.0747891,0.0762808,0.148955,0.143323,-8.90703e-05,-0.000920496,0.000464541
0.0738702,0.0768565,0.148825,0.144768,-0.000500062,0.000132321,0.000818321
0.0742255,0.076417,0.14634,0.147088,-0.000570637,8.82141e-05,0.000545547
0.0719295,0.0773476,0.148102,0.150003,-0.000583803,0.000296168,0.000363698
0.0704907,0.0757674,0.148096,0.149756,0.000255112,-3.99134e-05,0.000717183
0.067211,0.0763248,0.151361,0.149959,0.000407474,-0.000501327,3.40426e-06
0.0705829,0.077822,0.153714,0.146156,0.00111939,-9.68589e-05,0.000239628
0.0711619,0.076329,0.148107,0.148197,0.000339382,-0.000301932,-7.76066e-05
0.0727423,0.0748569,0.152283,0.151351,0.000226272,-0.00142199,-0.0015098
0.0751408,0.0756959,0.151171,0.152303,-0.000289949,-0.00169398,-0.000769174
0.0774993,0.0751661,0.155264,0.14893,0.00045097,-0.00112932,-0.000275424
0.0781437,0.0752268,0.155939,0.146053,-0.000580965,-0.00520142,-0.000183616
0.076857,0.0782509,0.156434,0.148253,-0.000828114,-0.00311212,0.000589666
0.0768659,0.080756,0.154446,0.146817,-0.000755522,-0.00114691,0.000901737
0.0801233,0.079394,0.156641,0.151876,-0.000300228,-0.00149289,-0.000856904
0.0788416,0.0800589,0.156806,0.150586,0.00024066,-0.00139735,0.000886793
0.0773574,0.0808466,0.159851,0.154097,0.0003978,-0.00105512,0.000828554
0.0768692,0.0798832,0.161303,0.152549,0.00111291,-0.00103344,0.000552369
0.0756549,0.0799305,0.159196,0.156149,0.000538492,-0.0005211,-0.000106472
0.0801114,0.0785823,0.156572,0.152347,0.000799805,-0.000399525,0.000403737
0.0786451,0.0745742,0.158473,0.15239,0.000736654,-0.00101752,-0.00166362
0.0777253,0.0781164,0.159242,0.153407,0.000491103,-0.00145365,-0.000397005
0.0766069,0.0812939,0.160868,0.157465,0.000768212,-0.000245106,-0.000502029
0.0773433,0.0825518,0.16091,0.155243,-0.000369477,5.74626e-05,-9.73268e-05
0.078674,0.0802817,0.161609,0.158603,-0.00133139,0.000738016,-0.000539602
0.0764328,0.0795243,0.163721,0.159191,-0.00109104,0.000245375,0.000589701
0.0747736,0.0797263,0.170325,0.156981,0.000154258,-8.07336e-05,-0.000318943
0.076996,0.0785953,0.167926,0.160913,0.000306289,0.000178318,0.000499448
0.07693,0.0782899,0.166729,0.159616,-0.000236617,0.000623591,0.000841592
0.077812,0.0770159,0.167153,0.166941,7.96145e-05,-9.5834e-05,0.000323702
0.0798223,0.0788865,0.167853,0.166658,0.00113815,-0.00030345,0.000690519
0.0791737,0.0826282,0.170846,0.165371,0.000521405,-0.000678669,0.000222987
0.0743692,0.0841796,0.168322,0.164402,0.000144153,0.000258393,-0.000597327
0.0778755,0.0861688,0.167343,0.163223,-0.000988968,0.000171333,-0.000872936
0.0784805,0.0828787,0.16521,0.168626,-0.000659312,0.000350884,0.00013012
0.0759268,0.0852744,0.166048,0.166707,-0.0006769,0.000504668,-0.00110005
0.0783138,0.0809306,0.166092,0.166944,0.000226902,0.000336053,-0.000258648
0.0785972,0.0795747,0.165512,0.169811,0.000151268,0.00117318,0.000810912
0.0818283,0.0789675,0.164973,0.167474,0.000304296,0.00101926,-0.000442736
0.0839498,0.0806359,0.164822,0.169064,-5.86702e-07,0.00044198,0.000179561
0.0847515,0.0806952,0.168473,0.169094,0.000643869,-0.000654906,0.000628333
0.0854605,0.0803551,0.170463,0.168042,0.000870055,-0.00118268,0.000656248
0.0855729,0.0828992,0.167522,0.16679,0.000139227,-0.000551166,0.00020014
0.0857051,0.0815001,0.170724,0.168906,-0.000551442,0.00014113,0.000608144
0.0831896,0.0834708,0.171987,0.174309,-0.000335508,-0.000118176,-0.00141383
0.0840332,0.0845789,0.171594,0.169872,-0.000223672,0.00042982,6.8812e-06
0.0795985,0.0817831,0.171821,0.17316,-0.00103073,0.00150723,-0.00047013
0.0813624,0.0827174,0.173019,0.178743,-0.00112797,0.00195425,-0.000550779
0.081573,0.0836295,0.173449,0.181363,-7.38083e-05,-0.0003926,0.00109088
0.0838019,0.0879721,0.175492,0.178534,0.000391604,-0.000736458,-0.000256094
0.084854,0.0842696,0.174231,0.179125,0.000261069,-1.62594e-05,0.000812615
0.0850789,0.0846572,0.174823,0.181546,0.000377497,-1.08436e-05,0.000304384
0.0832412,0.0862327,0.17397,0.182773,4.82139e-05,-7.23198e-06,0.000202923
0.0818457,0.0867316,0.172154,0.176835,3.21426e-05,-0.000242182,0.00061
0.0861622,0.0870476,0.178389,0.176622,2.14284e-05,-0.000636175,-6.80513e-05
0.0865927,0.087731,0.174303,0.179075,1.42856e-05,0.000525318,-0.000553994
0.0843598,0.0877589,0.175682,0.183838,-0.000227835,0.000858837,-0.00108141
0.0865539,0.0877862,0.17058,0.181701,-0.0005927,0.00030129,-0.00146692
0.0868005,0.0886798,0.170319,0.181882,0.000283035,-0.000273858,5.39578e-06
0.0860385,0.0892895,0.173182,0.18179,-4.86687e-05,-0.000182573,0.000240956
0.0883945,0.0925406,0.172598,0.185248,-3.24458e-05,-0.000121715,0.000906623
0.0872813,0.0926998,0.174828,0.185976,-0.000225081,0.000156215,-0.00014157
0.0888416,0.0882584,0.180804,0.18775,-0.000150054,-0.000845292,0.00136368
0.0885104,0.0876299,0.178805,0.183019,0.000340773,-8.88106e-05,0.000671762
0.0870414,0.0870253,0.178256,0.187108,0.000430633,-5.92071e-05,-0.000298144
0.0879645,0.0860819,0.181539,0.185509,8.3638e-05,0.000435246,0.000309864
0.0884156,0.0860764,0.183544,0.187626,0.000259209,-0.000184554,-3.0783e-05
0.0908814,0.0905543,0.18795,0.18594,0.000613616,0.000351682,-0.00147858
0.0895045,0.092995,0.186918,0.187676,0.000205627,0.000234455,-0.000511005
0.0896366,0.09234,0.185463,0.188215,-0.000541084,0.000156303,-0.000578029
0.0862776,0.0960585,0.182613,0.19009,-0.000564173,0.000104202,-0.000622711
0.0871051,0.0933468,0.184588,0.190486,-0.000172665,-0.000642609,0.00104292
0.0886176,0.092511,0.188187,0.188377,0.000325699,4.6312e-05,0.000695281
0.0916569,0.0888445,0.185422,0.191914,1.36825e-05,0.00077686,0.00046352
0.0901301,0.0892737,0.188216,0.192332,9.12165e-06,0.000517907,0.000546373
0.093423,0.091609,0.187057,0.194555,0.000209532,-0.000400714,0.000364248
0.0982821,0.0945957,0.190585,0.192704,0.000139688,-0.000741861,5.47332e-06
0.0988868,0.0935242,0.190197,0.191912,-0.000347684,-1.98559e-05,0.000478367
0.0955187,0.0931164,0.187584,0.195269,-0.00111341,-1.32373e-05,0.000318911
0.0972451,0.0961049,0.187316,0.193784,-0.000504913,-0.000246184,-0.00124545
0.0968681,0.0925953,0.191905,0.190115,0.000104201,-0.000910108,-0.00130502
0.0935586,0.090241,0.190519,0.188451,-0.000608701,-9.81122e-05,-0.000395296
0.096734,0.0902587,0.19012,0.195667,0.000272367,-6.54081e-05,0.000719813
0.0934041,0.092109,0.190788,0.194747,-5.57806e-05,0.000431112,-0.00026611
0.0962895,0.0948269,0.192749,0.194946,0.000640981,-0.000695936,0.000297311
0.0999328,0.0956819,0.192874,0.196255,0.000427321,-0.000701316,0.000198208
0.102311,0.0959427,0.191972,0.203268,4.75216e-05,4.10822e-05,0.000403406
0.0985237,0.0976529,0.191661,0.199149,-0.000409128,-0.000243879,0.000506296
0.0952898,0.0987078,0.193188,0.198353,-0.000476203,0.000108681,0.00057489
0.0963232,0.0990598,0.19977,0.197659,0.000123341,0.000309813,0.00038326
0.0963435,0.100534,0.195611,0.200839,0.000726487,0.000443901,0.000255507
0.0979696,0.0996089,0.19775,0.201143,0.000484325,0.00100801,-0.000575648
0.101558,0.101194,0.203,0.202067,0.0012045,-0.000277429,-0.000858483
0.0988604,0.10119,0.205719,0.201884,0.00100645,-0.000422311,-0.000334963
0.0990244,0.106063,0.205567,0.206597,2.6708e-05,0.000430536,-0.000698027
0.0986694,0.107009,0.204272,0.209698,1.78053e-05,-0.000187694,-0.00070271
0.0983636,0.106675,0.206822,0.20719,-0.00019158,0.00011223,0.000480962
0.101057,0.106666,0.209056,0.206607,-0.00056853,-0.000399898,-0.000628794
0.0993538,0.103871,0.208189,0.208139,-0.00037902,0.000208119,0.00103887
0.100363,0.102357,0.206758,0.20167,-0.000490039,0.000613464,0.000692577
0.104819,0.102599,0.208938,0.203899,-0.000326693,0.000917602,0.000461718
0.102516,0.103275,0.209374,0.203433,0.000223014,0.000611735,0.00101989
0.102522,0.108231,0.207889,0.205396,-0.000292133,0.000136556,0.000205208
0.105694,0.107988,0.205431,0.20424,-0.000398206,0.000362305,-0.000846539
0.10551,0.107468,0.207176,0.203965,0.000175339,-2.9731e-05,-0.00127644
0.102758,0.105546,0.213691,0.202,0.000320343,-0.000494539,-0.000138881
0.10561,0.102877,0.215047,0.207295,0.00109518,-9.23334e-05,-9.2587e-05
0.106079,0.102336,0.211901,0.205246,0.000492762,-6.15556e-05,-0.000773801
0.109268,0.104522,0.21593,0.20101,0.00100668,-0.000278396,0.000196209
0.108972,0.102771,0.211734,0.204822,0.00131538,5.17616e-05,0.000130806
0.109136,0.107199,0.212097,0.210543,-0.000208151,3.45077e-05,8.72041e-05
0.107939,0.107865,0.211137,0.212636,-0.000783027,2.30052e-05,0.000566762
0.109035,0.108347,0.2145,0.207797,-0.000962828,1.53368e-05,0.00108992
0.10987,0.111856,0.21536,0.205688,-0.000641885,0.000247583,0.000251894
0.111835,0.107412,0.220409,0.209706,-0.000665282,-7.23033e-05,0.00016793
0.114876,0.110027,0.218406,0.209998,-2.71212e-06,0.000189157,-0.000125406
0.114393,0.109632,0.221982,0.208261,0.000439001,0.000126104,0.000153755
0.115282,0.110564,0.218689,0.211492,0.000496118,-0.000628007,-0.000643482
0.116569,0.109948,0.218951,0.220164,0.000568104,-0.00065603,-0.000666347
0.113581,0.111735,0.219349,0.218233,0.000582187,-0.00094598,-0.000444231
0.115365,0.110601,0.222099,0.215044,0.000388125,-0.000868012,-0.00100823
0.119028,0.11042,0.220944,0.217511,0.00025875,-7.00485e-05,-0.000197436
0.120072,0.109556,0.216321,0.22009,-3.09507e-05,-4.6699e-05,0.000580453
0.118648,0.110554,0.225486,0.218782,0.000623626,-0.0003024,0.000386968
0.118294,0.10891,0.224906,0.216538,0.00085656,0.000781744,0.000529246
0.117183,0.109382,0.220384,0.222855,0.000130231,0.000521163,0.000827549
0.117383,0.112018,0.220887,0.220649,-0.000353989,0.000584801,0.000551699
0.114857,0.111839,0.221091,0.216735,1.36627e-06,-0.000559569,0.000130441
0.119033,0.111453,0.220975,0.218966,0.000204361,-0.000644313,0.000799037
0.117386,0.114395,0.219527,0.220075,0.000136241,-0.000158275,-0.000179385
0.119651,0.11536,0.220371,0.219203,0.000531637,-0.000105516,-0.00134029
0.12,0.118144,0.22651,0.222962,0.000591783,0.000167015,-0.000893529
0.120101,0.116798,0.22313,0.221579,0.000597973,0.00106078,0.00133709
0.116814,0.117735,0.223946,0.22381,-0.000686421,0.000469827,-0.00127874
0.11869,0.115952,0.224329,0.224221,-0.000457614,-0.0001615,9.69405e-05
0.119229,0.116299,0.225439,0.220525,-0.000305076,0.000129692,0.000573253
0.118394,0.115956,0.227053,0.23004,-0.000644193,0.000561179,0.00109425
0.120286,0.116949,0.223653,0.224801,-0.000226012,-0.000575316,-0.000965924
0.118423,0.119238,0.227162,0.220337,0.000527494,9.11738e-05,0.00128883
0.120797,0.118415,0.224947,0.223134,0.000114304,-0.000413935,-9.02153e-05
0.118821,0.11739,0.220964,0.22274,-0.000127248,-0.000513316,0.000889292
0.119724,0.116744,0.233477,0.220996,-8.48321e-05,-0.00156291,-0.000593933
0.119686,0.115841,0.234125,0.224757,-5.65547e-05,-0.0025,-0.000395955
0.121194,0.115857,0.235635,0.225687,0.000165747,-0.00142931,-0.00124731
0.120483,0.114456,0.231864,0.223417,0.000347857,-0.000240797,0.000626519
0.118062,0.115951,0.233116,0.220702,0.000876165,-0.00134733,-0.000803024
0.117108,0.117211,0.237585,0.222484,0.00102492,-0.000660858,0.000210636
0.117317,0.118732,0.237997,0.224013,-0.00107996,-0.000203213,-0.00131764
0.113888,0.115524,0.239478,0.227817,-0.000613861,0.000150774,0.000336736
0.119034,0.11379,0.234965,0.227598,-0.000171881,0.000575234,-1.28683e-05
0.118004,0.116896,0.236288,0.223915,0.000767031,0.000383489,0.000703498
0.116036,0.119633,0.237546,0.225423,0.000511354,1.83007e-05,0.000468999
0.119704,0.122271,0.234537,0.234529,0.000340903,0.000249559,-0.000670678
0.121552,0.121674,0.240785,0.230028,0.000430719,0.000166373,-0.000175852
0.117284,0.12183,0.242288,0.228305,0.000931406,-0.00110979,0.000594842
0.121791,0.11846,0.243369,0.231502,0.000858296,-0.00441859,-0.00129886
0.124048,0.116365,0.244409,0.230859,0.000131388,-0.00258825,-0.00110327
0.120577,0.1182,0.251174,0.231194,0.00117266,-0.00177952,-2.34333e-05
0.120168,0.118834,0.250043,0.229658,0.00122258,-0.00164224,-0.000727699
0.121485,0.118638,0.247153,0.234098,0.000170796,-0.00078401,-1.04148e-05
0.120271,0.117067,0.248539,0.232183,-0.000564304,-0.000882958,0.00168848
0.116783,0.119464,0.250285,0.232668,-0.000783104,-0.000918192,0.000650934
0.120186,0.122033,0.246531,0.236092,-0.00140369,0.000268162,0.000196597
0.120993,0.121156,0.245963,0.238152,-0.0013766,0.000364274,0.000605783
0.118817,0.122933,0.24535,0.236009,-0.000273474,-3.3404e-05,-7.08628e-05
0.120749,0.124502,0.242051,0.241233,-0.000182316,0.000185919,-0.0015053
0.121601,0.120931,0.246084,0.24041,-0.000121544,0.000610694,0.000454526
0.118914,0.119852,0.245906,0.243707,0.000156329,0.000153362,-0.000442968
0.120206,0.120657,0.245293,0.245768,-0.000133139,-0.000418692,-0.00100739
0.123101,0.120641,0.239746,0.249178,-0.00029221,0.000220269,0.000277843
0.122631,0.12201,0.242573,0.242676,-0.000635616,0.000139923,-0.000526848
0.117469,0.118649,0.239446,0.243489,0.00110213,8.80905e-05,0.000123486
0.120301,0.118671,0.236964,0.245809,9.04966e-05,-0.000216434,0.000828309
0.122556,0.118432,0.23908,0.244678,-0.000821288,-0.00014721,0.000552206
0.120367,0.118012,0.23971,0.247435,-0.000784884,-0.000337689,0.00108021
0.118169,0.119864,0.245256,0.247226,-0.000285897,-0.000226769,0.000245425
0.123072,0.120038,0.244082,0.248822,-0.00127567,-0.00038977,-0.000311101
0.120607,0.12041,0.242938,0.247187,-0.000850445,-0.000735489,-0.000716027
0.120818,0.120404,0.243422,0.246519,0.000280747,-0.00025366,0.000505993
0.121493,0.118822,0.241424,0.249743,-1.62858e-05,0.000813718,-0.00112073
0.118503,0.122682,0.245024,0.251934,-0.000892476,0.000542089,-0.000747156
0.116021,0.122809,0.243742,0.250227,0.000286635,-0.000384885,-0.000498104
0.119663,0.122882,0.241656,0.25411,-1.23606e-05,0.000217909,-0.000569428
0.121614,0.123011,0.241882,0.25485,-0.00044905,0.000653734,0.000332458
0.117852,0.123578,0.239983,0.253047,0.00122651,0.000435699,0.00144234
0.122083,0.124269,0.239834,0.255923,0.00102113,0.000290374,0.000249484
0.125803,0.124631,0.24062,0.256229,-0.000200869,0.00090559,0.000403682
0.120152,0.124165,0.246093,0.253649,0.000306897,-0.000345761,0.000981198
0.12126,0.123426,0.244525,0.255327,0.000882766,6.81248e-06,-0.000295304
0.123247,0.124723,0.240354,0.255101,-0.000293108,0.000241871,-0.000468137
0.123058,0.127199,0.247203,0.251998,0.000245404,0.000635943,0.000196535
0.118401,0.127988,0.246459,0.251551,0.000163603,0.000186587,-0.00132704
0.11935,0.128412,0.241857,0.257494,-0.00077255,0.000599097,-0.00139332
0.1229,0.127613,0.251923,0.254602,-0.000718484,-0.000312688,5.44651e-05
0.117296,0.129484,0.250126,0.255451,-7.20884e-05,-0.000683184,-0.000201049
0.120078,0.125884,0.25134,0.263856,-0.00113313,1.92569e-05,0.000578044
0.122887,0.12841,0.251661,0.263249,-0.00119623,1.2834e-05,0.00113135
0.122356,0.126343,0.253362,0.259037,-0.000119317,-0.000466165,0.000516873
0.118651,0.131714,0.253895,0.263678,0.000123906,-0.000310779,-0.000401403
0.122926,0.128776,0.253262,0.258282,-0.000561656,0.000504889,0.000478383
0.125794,0.125981,0.253693,0.256213,0.000269823,-0.000138126,0.000556281
0.124752,0.129026,0.251759,0.268211,0.000179882,-0.000600711,-0.00108721
0.129412,0.130436,0.248748,0.262743,-0.000524339,-0.000400475,-1.27285e-05
0.129322,0.132514,0.255264,0.263502,0.00053206,-0.000504343,-0.000957921
0.129768,0.130751,0.256927,0.267031,0.00164323,-0.000336229,-0.000163896
0.126887,0.134239,0.258057,0.266557,0.000892034,-0.000224153,0.000365454
0.127744,0.130763,0.256694,0.267362,0.00015388,-0.000149435,-0.000231082
0.127361,0.128768,0.261697,0.27433,0.000746846,-0.000336983,8.33042e-05
0.130531,0.130129,0.26284,0.267555,-0.000587172,1.27036e-05,0.000564162
0.135109,0.134016,0.26544,0.264405,-0.000391448,0.000245828,0.000376108
0.134101,0.130468,0.264767,0.267062,-0.000905225,0.00114723,-2.05285e-05
0.129305,0.129455,0.266316,0.265778,-0.000162674,0.00076482,0.0007323
0.131329,0.132855,0.266344,0.265149,-0.00122743,0.000747239,0.000250841
0.134216,0.131071,0.265617,0.271435,-0.000580926,0.0002608,-7.01318e-05
0.130967,0.132217,0.269627,0.266031,0.000256976,0.000173867,-4.67545e-05
0.134835,0.132876,0.267163,0.263208,0.000171317,-0.000358807,-3.11697e-05
0.132739,0.132326,0.265904,0.266966,0.000351571,0.000235513,-0.00100412
0.132867,0.130187,0.26469,0.265597,0.000641281,-8.035e-05,-0.000669416
0.135472,0.135146,0.264378,0.264036,0.000427521,-0.000528285,-0.00119226
0.139008,0.135832,0.262556,0.269783,-0.000121887,0.000122528,0.000188502
0.135867,0.135042,0.261677,0.269594,0.000122192,-0.000155674,0.000600386
0.139916,0.135452,0.267463,0.265133,0.000284912,-0.000103782,0.00114624
0.144107,0.1336,0.264628,0.27169,-1.35091e-05,0.000642889,0.000289444
0.138678,0.134555,0.266889,0.268479,0.000431803,-0.000283484,0.0011424
0.135684,0.134971,0.278252,0.270683,0.000728678,-0.00018899,0.00052424
0.137476,0.132753,0.277554,0.2779,4.49761e-05,-0.000125993,-0.000633851
0.143432,0.136594,0.275831,0.27426,2.99841e-05,-0.000321354,0.000323418
0.139426,0.136531,0.276298,0.275117,0.000901608,-0.000214236,-0.000530373
0.14165,0.137162,0.277517,0.277292,0.000601072,-0.00065145,-0.00130302
0.142058,0.139927,0.276055,0.276819,-4.00947e-05,7.4326e-05,-0.00063132
0.140802,0.140079,0.275909,0.279178,0.00041408,-0.000459076,-0.000658239
0.137411,0.136421,0.277059,0.280579,-0.000164756,0.000439935,3.58921e-05
0.139701,0.137496,0.275989,0.283937,-0.000347196,5.59309e-05,0.00100727
0.141639,0.139349,0.285215,0.283031,0.000650155,3.72873e-05,0.000908874
0.142248,0.135345,0.280016,0.285726,0.000229986,0.000262217,0.000131198
0.147226,0.138444,0.277123,0.282186,-0.000287486,0.000174811,0.000562183
0.145296,0.134858,0.28298,0.278794,0.000893412,-0.000629444,0.000612148
0.146921,0.135108,0.283476,0.282262,0.000392158,8.89968e-05,-0.000303978
0.147657,0.136292,0.280244,0.280801,2.40796e-05,0.000534049,-0.000202652
0.148714,0.134985,0.288011,0.276287,1.6053e-05,-0.000389953,-0.000643728
0.146851,0.135975,0.28609,0.277949,0.000451511,1.1299e-05,-0.00090387
0.148825,0.137006,0.287819,0.276469,9.75571e-05,-0.000501094,-0.00134857
0.150747,0.139614,0.298678,0.27792,-0.000375771,-0.000571421,-0.000153058
0.14934,0.138466,0.294243,0.279955,0.000597196,-0.000380948,0.000372679
0.149563,0.140719,0.295063,0.277885,-0.000246129,-0.00123731,0.000248453
0.148398,0.144479,0.297648,0.274652,0.000480174,-0.00106223,0.000674261
0.147614,0.140917,0.2929,0.273286,0.000998284,-0.000470796,0.00017824
0.144075,0.143218,0.295984,0.272242,-0.000216096,-0.0104051,0.000864812
0.14231,0.1426,0.295247,0.27285,0.000296745,-0.00819306,0.000339182
0.143631,0.140212,0.293436,0.273751,0.000401281,-0.00604824,-1.12373e-05
0.146479,0.143564,0.295437,0.275935,-0.000173289,-0.00474307,0.000467226
0.149163,0.141506,0.296113,0.275915,0.000562642,-0.00372914,-0.000163234
0.149298,0.143269,0.293393,0.276196,-6.57145e-05,-0.00222477,-0.00109217
0.151374,0.141727,0.29717,0.278745,0.000397,-0.00166866,-0.000728111
0.155516,0.144136,0.293088,0.281813,0.000705476,-0.00176017,0.000497937
0.154539,0.140816,0.29603,0.280185,0.000470317,-0.000531794,-0.000888745
0.153743,0.143853,0.298097,0.278967,0.000957805,-0.000941404,0.00011958
0.153217,0.143149,0.296722,0.283186,0.00107935,5.96967e-05,0.00106306
0.151314,0.146112,0.301129,0.280589,-0.000162055,0.00070786,-0.000749353
0.151219,0.143591,0.296997,0.280629,0.000536223,-0.000273181,0.000958494
0.153399,0.142707,0.300377,0.289756,0.000594841,0.000505198,0.000401637
0.151591,0.144625,0.30264,0.287287,-0.000281608,0.00031823,3.03989e-05
0.150934,0.144397,0.301761,0.288779,0.000253071,-0.00051385,2.0266e-05
0.150288,0.145527,0.301869,0.291252,-0.000475546,0.000630333,1.35106e-05
0.146836,0.144149,0.30392,0.290898,-0.00184291,0.00112446,-0.000974337
0.146492,0.14813,0.299245,0.28899,-0.000346987,0.00026905,-0.000886917
0.14668,0.146818,0.30222,0.293577,-0.000231325,0.000649678,0.000358158
0.145982,0.150474,0.295861,0.29006,-0.000391576,-4.49038e-05,-0.000710664
0.143242,0.150778,0.295893,0.29962,-0.00026105,0.000204944,-0.000236417
0.146171,0.150528,0.293271,0.30135,-0.000614843,0.00206755,-0.000157611
0.141909,0.151835,0.292276,0.297172,-0.000172536,0.000664896,0.000132285
0.148582,0.148422,0.292002,0.301062,8.84262e-05,-6.64079e-05,8.81898e-05
0.148625,0.150613,0.294352,0.297925,0.00029631,0.00046357,0.00104214
0.147884,0.150802,0.294985,0.298191,0.00019754,-0.000200168,0.000694758
0.143954,0.150919,0.296349,0.302762,-0.000105666,0.00037474,-4.54541e-05
0.147496,0.151605,0.296496,0.298639,-7.04438e-05,0.000961573,0.000715682
0.146829,0.152112,0.295658,0.301705,-0.000691223,-0.000579903,0.00095184
0.145409,0.146566,0.29987,0.303833,-0.00178324,-0.000386788,-7.75171e-05
0.145666,0.14923,0.296892,0.29966,-0.00095147,-0.000495357,-0.000289037
0.146237,0.149238,0.296269,0.302262,0.000247306,-9.29839e-05,4.46676e-05
0.147859,0.150349,0.299195,0.29927,-0.000513298,0.000683917,-0.000953566
0.144146,0.149995,0.293813,0.308322,0.00033597,0.000455886,-0.000873069
0.144148,0.145566,0.292806,0.308048,0.00042743,-0.000170838,-0.000582046
0.147989,0.148198,0.293501,0.309164,0.000284954,0.000598152,-0.000862749
0.144881,0.151532,0.288436,0.306501,0.00171585,0.000161384,-0.000100448
0.145822,0.152539,0.290873,0.305554,0.0011439,0.000107571,0.000916379
0.148153,0.152689,0.293513,0.312765,0.00032179,0.000309059,0.000339652
0.146422,0.152649,0.293691,0.312763,0.00109615,-0.00101467,0.00144714
0.148317,0.15022,0.298491,0.311266,-0.000354306,-0.000439099,1.53227e-05
0.153676,0.147879,0.300677,0.311217,-3.27534e-05,-0.00147953,1.02151e-05
0.150891,0.149583,0.297179,0.309695,-0.000666096,-0.000511642,0.000718887
0.149544,0.149843,0.30909,0.312392,-0.0022073,0.00111696,-0.000232819
0.149188,0.151165,0.304146,0.312206,-0.0105406,-0.000476063,-0.00042648
0.150868,0.151076,0.302733,0.311213,-0.00936522,-8.00181e-05,-0.00028432
0.152301,0.152325,0.304461,0.309036,-0.00644578,0.000184012,-0.000189547
0.150812,0.155154,0.299672,0.313045,-0.00387247,-0.000352044,-0.000363723
0.152021,0.159878,0.303255,0.313628,-0.00312777,0.000511288,-0.000479841
0.153787,0.157918,0.303832,0.318465,-0.00125712,6.95909e-05,0.000426091
0.151945,0.156662,0.301846,0.312342,-0.000149216,-0.000428324,-0.000461924
0.154969,0.153137,0.303386,0.314052,-0.000922212,0.000697794,0.000438036
0.153869,0.154702,0.299566,0.313619,0.000158386,-4.34304e-05,0.00124146
0.151732,0.153628,0.300373,0.312069,-0.000416538,0.00095439,0.000590281
0.155922,0.154961,0.304142,0.314066,-0.00077949,0.00063626,0.000156162
0.153468,0.155765,0.303132,0.314148,-0.000328043,0.000186814,0.00105354
0.15174,0.157345,0.305301,0.320316,-0.00133807,0.00134525,0.000227644
0.153474,0.158359,0.309498,0.319923,-0.000714327,0.000388204,-0.000797673
0.152452,0.155295,0.308037,0.313628,-0.000936324,0.000258803,-5.7064e-05
0.155129,0.159123,0.308345,0.315073,-0.00172376,0.000681161,-0.000784028
0.154063,0.157749,0.307955,0.315107,-0.000278408,-5.45187e-05,-0.000760044
0.154783,0.16014,0.31517,0.31377,-0.000871915,-0.000273705,-0.000744055
0.155462,0.163329,0.31495,0.318047,-0.000350024,-0.00018247,-0.000970755
0.150794,0.160145,0.309417,0.317886,0.00128795,-0.000121647,0.000302266
0.151368,0.161288,0.313853,0.316566,-2.64197e-05,0.000664888,0.000947496
0.151789,0.158039,0.313265,0.319472,0.00086143,-6.5368e-05,0.000869023
0.154164,0.159482,0.315175,0.315139,0.000775805,0.000227689,0.000816708
0.157005,0.164332,0.315394,0.318134,0.000753113,0.000151792,6.97538e-05
0.15825,0.162769,0.311559,0.314656,0.00178951,-0.00064479,4.65025e-05
0.156782,0.161684,0.314036,0.31929,0.000547931,4.48577e-05,-0.000206357
0.160665,0.159791,0.311233,0.319094,0.00124629,-0.000207454,-0.000137571
0.163143,0.159389,0.315299,0.314247,0.000593046,-0.000850379,-0.0008377
0.164827,0.160783,0.321137,0.31786,-0.00024924,-0.000804279,-0.000558466
0.161145,0.163132,0.319676,0.314107,0.000477842,-0.000536186,-0.00060967
0.162196,0.163183,0.319283,0.314852,-0.000529342,0.000117261,-0.000643806
0.162493,0.161113,0.318487,0.318399,-0.00035304,-0.000159185,-0.000191845
0.165291,0.161078,0.322525,0.315663,-0.000235469,-0.000106123,0.00133017
0.168786,0.164764,0.327635,0.318508,-0.00147949,0.000403969,0.000412059
0.169323,0.163519,0.323499,0.315172,-0.000342127,-0.000714032,0.000512065
0.169286,0.16158,0.332916,0.309048,-0.0013132,-0.000476021,0.000341377
0.164254,0.163172,0.33187,0.315054,-0.00107895,-0.00102942,0.000227584
0.163866,0.161915,0.328809,0.308862,-0.000278518,-0.00214434,0.000151723
0.164257,0.165484,0.329936,0.313442,0.000662013,-0.00241291,0.000813225
0.168359,0.167763,0.332189,0.312847,0.00156031,-0.00282931,-0.000169927
0.165888,0.169549,0.331277,0.313446,0.00124364,-0.003073,-0.00133399
0.169018,0.165344,0.331312,0.315403,0.000829087,-0.00204867,-0.000414607
0.166356,0.164769,0.334214,0.310999,0.00119698,-0.0018744,-0.000513764
0.166722,0.164969,0.334753,0.318802,0.000357172,-0.00101224,-0.000817227
0.166795,0.166682,0.334853,0.319335,0.00047547,-0.000674829,-0.000307459
0.166162,0.166509,0.336408,0.316979,-0.000564642,0.00100818,0.00149045
0.170618,0.168749,0.334443,0.316661,-0.000817239,0.000434758,-0.000939148
0.170524,0.167869,0.336243,0.313452,-0.000544828,0.000798465,0.000357246
0.164898,0.169181,0.339603,0.313283,-0.00056667,0.00124439,0.0011876
0.163424,0.16703,0.337378,0.314264,-0.00017433,0.000117514,0.000317015
0.164943,0.167358,0.340255,0.317611,0.000324589,0.000553061,-2.60155e-05
0.163796,0.167315,0.338891,0.321467,0.000216392,0.000843425,0.000694733
0.166252,0.165188,0.338929,0.32325,0.0019075,0.000324924,-0.000248921
0.164497,0.166645,0.334517,0.319643,0.000830856,0.000962602,-0.00114929
0.16551,0.164857,0.334016,0.323591,0.00119816,0.000370467,-0.000291477
0.165531,0.167875,0.338727,0.322732,-0.000286294,0.000992963,-0.000669036
0.164385,0.165715,0.330616,0.326521,-0.000190863,0.000899334,-0.0011581
0.162584,0.168078,0.33582,0.324458,0.000517018,0.00107427,0.000177369
0.162667,0.174003,0.333672,0.329357,-0.000425777,0.000974779,0.000508337
0.165468,0.171245,0.332479,0.328821,-0.00136892,0.000887211,0.00057625
0.167101,0.170491,0.330335,0.338514,-0.00135342,0.000591474,0.000858885
0.16414,0.171294,0.337356,0.337657,-2.06633e-05,0.000156957,0.000335231
0.162091,0.172994,0.334271,0.335057,-0.0013362,0.000104638,-0.000251231
0.161907,0.169891,0.330949,0.339602,-9.18373e-06,0.000307118,0.000307231
0.165034,0.168027,0.327207,0.334625,-0.000650382,-0.000269973,-0.000778524
0.167146,0.168651,0.326311,0.343118,-0.000230138,-0.000179982,0.000701687
0.167579,0.169078,0.327903,0.341487,-0.000356876,-0.000119988,-0.000752912
0.166689,0.170374,0.323838,0.343008,-0.000237917,0.000394726,-0.000976659
0.165363,0.167401,0.326659,0.345658,0.00024829,2.57917e-05,-0.000413747
0.165558,0.165505,0.322677,0.346325,0.000402885,0.00100054,-0.00051319
0.166521,0.166217,0.323878,0.349628,0.000472041,0.000667026,-0.000104768
0.168683,0.165787,0.328169,0.344268,0.00119631,0.000682043,0.000913499
0.167405,0.166629,0.325309,0.345072,0.000797542,0.000454695,0.00179579
0.170299,0.166018,0.32893,0.348402,0.000972504,0.00030313,0.00024776
0.167881,0.169443,0.323989,0.349281,4.07603e-06,-3.52722e-05,0.00087725
0.167773,0.170659,0.326448,0.347901,0.000206168,-0.0007695,-0.000601961
0.169202,0.175587,0.333633,0.3461,-6.60053e-05,-0.00122508,-0.000909934
0.16703,0.17539,0.330833,0.348979,-0.000281362,-0.000816718,0.000376722
0.164388,0.173788,0.337417,0.356927,-0.00127264,0.000167598,-0.000494837
0.168583,0.175308,0.334217,0.356642,-0.00173005,0.000349091,-0.00080461
0.170007,0.17171,0.336593,0.3512,-0.00159418,-4.63155e-06,-0.000299047
0.174185,0.173442,0.338014,0.348457,-0.00214785,-3.0877e-06,-0.000436724
0.171995,0.174365,0.332134,0.353202,-0.000346832,-2.05847e-06,-5.37903e-05
0.168472,0.173348,0.336073,0.348015,-0.000672031,-1.37231e-06,0.000947484
0.170405,0.170196,0.33606,0.354648,0.000670957,-9.14874e-07,0.00110637
0.168491,0.170951,0.3409,0.346261,0.00197318,-0.000475328,2.55058e-05
0.167757,0.169066,0.335244,0.352128,0.00151891,-0.000554244,1.70038e-05
0.166709,0.166637,0.334279,0.347047,0.00209767,0.000105222,0.000486054
0.167445,0.167537,0.338515,0.346157,0.000754189,7.01479e-05,0.000324036
0.165875,0.166207,0.339532,0.348033,0.000706243,0.000284124,0.000216024
0.169725,0.171002,0.345164,0.344977,0.000708188,-4.79428e-05,-9.3343e-05
0.169367,0.172875,0.341281,0.358809,-0.00105375,0.000205397,-0.00104557
0.172243,0.174312,0.339238,0.354331,-0.000261693,0.000882917,-0.000934408
0.171546,0.176523,0.340771,0.356307,-0.0019377,0.00106333,0.000123047
0.177392,0.176187,0.341218,0.355418,-0.00085099,0.000471527,-0.000901313
0.177056,0.175873,0.344581,0.356757,-0.00121159,0.00055171,-0.00107559
0.177967,0.175905,0.343994,0.365463,-0.000807725,0.000367807,-4.98528e-06
0.17488,0.176269,0.347454,0.361148,-9.76736e-05,0.000245205,-3.32352e-06
0.177482,0.170565,0.344645,0.361902,0.000138335,-7.38892e-05,0.00074377
0.177635,0.173796,0.344679,0.361892,0.000736483,0.000188099,0.000733205
0.175866,0.17759,0.340729,0.365941,0.00137261,-0.000620586,-0.000257182
0.175993,0.177812,0.350066,0.36103,0.00200014,-0.000651083,0.00081189
0.174987,0.176721,0.353635,0.360484,0.000689168,7.45712e-05,0.00054126
0.17801,0.177161,0.349521,0.35409,0.000900254,0.000287073,0.000598199
0.178115,0.180644,0.350822,0.353378,0.00060017,-4.59769e-05,-0.00105926
0.179228,0.179568,0.35124,0.351121,0.000162754,-0.000301919,0.000277169
0.182689,0.185835,0.351186,0.34736,-9.49477e-05,0.000544706,-0.000798565
0.178949,0.181937,0.356834,0.352937,0.000140152,-0.000620207,-0.000769736
0.178771,0.182142,0.355736,0.347162,-0.000313466,9.51551e-05,-0.000275798
0.18276,0.184303,0.358977,0.356961,-0.000649787,-0.000682548,-0.00140457
0.18703,0.182587,0.359252,0.352576,-0.00111136,-0.000692391,4.69652e-05
0.183078,0.183358,0.364901,0.350202,-0.000740907,-0.000698953,0.00125201
0.190026,0.176408,0.367128,0.348308,-0.000697388,-0.00121195,-0.000148669
0.189983,0.181063,0.369916,0.346047,-0.000261475,-0.00128269,0.000884232
0.18763,0.180229,0.367535,0.350468,0.000266493,-0.00109248,0.00130156
0.18835,0.177067,0.368714,0.346824,0.00150009,-0.00194903,0.000155633
0.188861,0.179399,0.368258,0.349722,0.000559251,-0.00129935,-0.00111695
0.189822,0.177174,0.368275,0.346034,0.000813643,-0.000628875,0.00118815
0.187592,0.179607,0.36877,0.346334,0.00118669,-0.00163995,8.00219e-05
0.185298,0.175846,0.373574,0.342954,0.00123194,-0.000584676,-0.00116736
0.187179,0.175523,0.374846,0.34784,0.00082129,-0.00113577,0.000205107
0.186547,0.177658,0.378581,0.346899,0.000784886,-0.000757179,-0.000609247
0.189661,0.177811,0.384567,0.355074,0.00116752,-0.000504786,-0.000168806
0.187562,0.179444,0.379517,0.362092,0.000540986,-9.91652e-05,-0.000112537
0.187128,0.182507,0.379788,0.353191,0.00103883,-0.000540828,-7.50248e-05
0.186204,0.180943,0.378422,0.354462,-0.000189069,0.000860151,-0.000762093
0.187447,0.181187,0.376574,0.348558,-0.000566855,0.00104815,0.000204015
0.185915,0.182066,0.376132,0.36015,-0.00125952,0.00117349,0.00111935
0.184878,0.182941,0.376193,0.362389,-0.000839682,0.000307606,0.00122095
0.184079,0.181635,0.373529,0.358462,-0.000559788,0.00044243,-0.000135467
0.185619,0.183931,0.372099,0.364317,-0.000814001,0.000803579,0.000621766
0.185481,0.182731,0.374654,0.360734,0.000338951,0.000264452,0.000651869
0.179588,0.18054,0.370615,0.367333,-0.00129991,0.000684928,-0.000514856
0.182764,0.17941,0.373398,0.36142,0.000218462,0.000456619,-0.000343237
0.18662,0.178753,0.372921,0.365536,-5.78092e-05,0.00077913,-0.00097481
0.183824,0.179589,0.376649,0.368318,0.00040227,0.00051942,-0.000412515
0.182311,0.181668,0.371411,0.365371,0.000708989,0.00109227,-0.000512369
0.181219,0.184632,0.373128,0.367584,0.00047266,0.000219551,-0.00105366
0.177854,0.181896,0.369625,0.368962,-0.000566513,0.00112971,-0.000227719
0.180629,0.180433,0.368033,0.373306,0.000503944,0.000278423,0.00106889
0.179612,0.182002,0.369712,0.375941,-0.000104847,0.000185615,0.000712593
0.180055,0.183885,0.37095,0.383713,-0.000951517,0.00083582,0.000475062
0.178529,0.187752,0.370365,0.381414,-0.00107515,8.24957e-05,0.000554067
0.181663,0.184028,0.365505,0.386645,-0.00092022,0.000529715,0.000132019
0.182651,0.184869,0.370373,0.378108,-0.000850839,0.000353143,0.000325372
0.182191,0.183513,0.364926,0.388398,-0.000329867,0.000981414,0.000691632
0.185136,0.183415,0.367409,0.379356,0.000627799,0.00014565,-0.000250989
0.186743,0.181468,0.365233,0.384106,1.16318e-05,0.000843085,-0.00138803
0.189602,0.185639,0.366535,0.379986,0.00129627,-0.000658646,-0.000687994
0.19118,0.184715,0.365983,0.380852,0.0017458,-0.000676457,-0.000221303
0.188411,0.18494,0.362898,0.380864,0.000960417,-0.000213612,-0.000859612
0.189544,0.186998,0.367079,0.37497,0.000843729,9.49509e-05,0.000139002
0.190186,0.184764,0.365582,0.376122,0.000121676,-0.000174058,0.00107601
0.191189,0.185101,0.368312,0.37318,-0.000122333,-0.000116039,-2.86439e-05
0.187269,0.186051,0.36665,0.376344,-8.15553e-05,-0.000314718,0.00048953
0.1864,0.186412,0.379668,0.376581,-0.00049518,0.000502265,0.000563713
0.186922,0.182954,0.376761,0.383336,0.00011069,9.74842e-05,0.000613167
0.189126,0.184126,0.379082,0.377896,-0.000367016,0.000302348,0.000646137
0.187951,0.185295,0.373715,0.38898,-0.000482036,0.000438925,-0.000281319
0.187725,0.184985,0.374667,0.381114,-0.000321358,5.52574e-05,-0.000696172
0.188262,0.189584,0.375623,0.387662,-0.000655048,0.000274197,-0.000464115
0.19031,0.190955,0.374373,0.3854,-0.00019934,-5.45608e-05,-0.00030941
0.187649,0.193092,0.372477,0.384066,0.000307916,-0.000273733,-0.000206273
0.187196,0.193513,0.369376,0.385912,0.000205278,0.000563497,-0.000612233
0.187176,0.193016,0.372379,0.387745,-0.000100507,0.000613023,-0.000645515
0.18856,0.187831,0.37078,0.383344,-6.70048e-05,0.0008834,-0.000430343
0.189669,0.190487,0.375188,0.382731,-4.46699e-05,0.00106365,0.000187823
0.187487,0.189499,0.371807,0.379868,-0.000470589,0.000709101,0.0008712
0.188085,0.189211,0.384321,0.379607,-0.000517177,0.0019308,0.000343441
0.188142,0.189581,0.380216,0.37963,-0.000344785,0.0102164,0.000703679
0.188932,0.193532,0.383375,0.380562,-2.64058e-05,0.00735724,0.0011812
0.19173,0.195902,0.379517,0.382608,0.000423206,0.00501785,0.000312746
0.191883,0.19736,0.381789,0.384724,7.86865e-05,0.00378605,-0.000503579
0.190689,0.194372,0.381223,0.385354,0.000255908,0.00258337,0.000376357
0.188527,0.193552,0.384134,0.382462,0.000407964,0.00224147,-0.000732439
0.189008,0.19516,0.379756,0.384098,0.0015605,0.00168028,-0.000217026
0.190409,0.195603,0.380696,0.38624,0.000396071,0.00125966,-0.000890669
0.189721,0.196498,0.381503,0.391351,0.000908307,0.00118174,-0.00035642
0.192248,0.19875,0.382167,0.384737,0.000402088,0.000628921,-0.00145832
0.195638,0.200364,0.382931,0.382696,6.46079e-05,-3.05044e-05,0.000485851
0.195394,0.195967,0.385242,0.37325,-0.000397738,-0.000925641,0.00106989
0.197164,0.193435,0.388581,0.378301,-0.000705968,-0.00109262,-0.000270087
0.197825,0.194423,0.386346,0.373278,-0.000470645,-0.00287373,0.000328568
0.198109,0.192955,0.39183,0.374654,0.000330497,-0.00359262,0.000456405
0.201286,0.192574,0.389488,0.369581,-0.000220478,-0.00434781,0.000541629
0.198079,0.18999,0.393917,0.37125,9.03733e-05,-0.0128406,0.000123727
0.198449,0.19044,0.401358,0.36763,0.000263699,-0.00981705,0.000794561
0.19605,0.193714,0.405781,0.368869,0.000616609,-0.00713117,0.000529708
0.199001,0.191852,0.397802,0.36764,0.000614523,-0.00570259,-0.000596297
0.199433,0.191048,0.398982,0.366865,0.000409682,-0.00362299,-0.000397532
0.200536,0.191182,0.396043,0.37061,-0.00013378,-0.00218803,-0.000265021
0.195851,0.191886,0.399493,0.37074,-0.000529996,-0.00140689,-0.00116002
0.193472,0.194642,0.396356,0.374092,-0.00014988,-0.000839738,-0.000535991
0.192776,0.193064,0.398356,0.373033,0.000137439,-0.000901564,-0.000357327
0.19444,0.196883,0.397582,0.386634,0.000498527,0.000304018,-0.000238218
0.191912,0.196204,0.40011,0.382832,0.00056971,0.000143965,-0.000158812
0.19125,0.199898,0.396444,0.384619,0.00102407,0.00052666,0.00158955
0.194079,0.19744,0.396361,0.380546,0.000479261,8.07214e-05,0.000110262
0.19531,0.193308,0.39426,0.381909,8.21482e-05,0.00124975,-0.00019776
0.195272,0.195385,0.395274,0.384916,5.47655e-05,0.00128931,0.000376787
0.194772,0.195584,0.392669,0.382443,-0.00060775,0.00254103,0.00048855
0.191593,0.196959,0.392801,0.386172,-0.000608617,0.00192093,8.83411e-05
0.193347,0.195476,0.393149,0.385219,-0.00108391,0.00249348,0.000533612
0.193316,0.197555,0.391756,0.388842,-0.000722609,0.00165644,0.000118382
0.188391,0.200249,0.394475,0.38738,-0.00136336,0.000862529,-0.000667064
0.188205,0.197452,0.394447,0.393644,-0.000671546,0.000571713,6.39172e-05
0.188321,0.195802,0.393155,0.391791,-0.000888507,0.000141303,-0.000194747
0.188786,0.193842,0.391438,0.399572,-0.00103315,0.000329701,-0.000129832
0.186552,0.194113,0.388502,0.397985,-0.00133302,-0.000256312,-0.00083254
0.190374,0.19851,0.384537,0.398524,-0.000685233,6.54382e-05,-0.000792385
0.184976,0.200411,0.3868,0.396589,-0.000660272,0.000754918,0.00018382
0.189196,0.201366,0.38104,0.399008,-0.000236731,0.00124868,0.000393814
0.188416,0.203713,0.384323,0.401778,0.000723798,0.00106937,0.000737261
0.189281,0.200138,0.383145,0.408995,0.00112679,0.000475222,-0.000491837
0.190306,0.200433,0.387053,0.405313,0.00207362,-0.000158152,0.00113017
0.195071,0.202799,0.387656,0.415198,0.00117896,-0.000105621,4.13703e-05
0.197193,0.199468,0.394087,0.407787,0.00163369,-0.000816539,2.75802e-05
0.195355,0.197404,0.390004,0.413769,0.000444865,-0.000544464,0.000730464
0.198306,0.19692,0.39497,0.407553,0.000940836,-0.000600413,-0.000225101
0.195912,0.196072,0.38992,0.413417,-0.00133946,7.43834e-05,-0.000387426
0.196088,0.194971,0.398087,0.405023,-0.00153724,-0.000425173,-0.00100427
0.194123,0.193034,0.393953,0.410475,-0.00234725,-4.6123e-05,7.64723e-05
0.194783,0.195736,0.399549,0.407093,-0.00112403,-3.07735e-05,-0.00140708
0.192558,0.201163,0.400625,0.413359,-0.000308541,-0.000495252,-0.000225977
0.194521,0.201441,0.400671,0.410606,0.000438566,-9.28232e-05,0.000324067
0.192886,0.198921,0.39664,0.415348,8.89269e-05,0.000412825,-0.000258673
0.196275,0.200427,0.398046,0.408216,0.000940904,3.78501e-05,0.000302269
0.196836,0.204316,0.394598,0.41018,0.000627269,2.52275e-05,0.00047278
0.199164,0.206592,0.396258,0.402946,0.000418179,1.68139e-05,0.00150198
0.201022,0.206425,0.393986,0.412692,0.00136386,-0.000463512,0.000289244
0.202297,0.202164,0.393003,0.415024,0.0015535,0.000165707,-4.45296e-05
0.199234,0.203735,0.395637,0.418117,0.000391405,0.000585188,0.00068239
0.198543,0.20418,0.397496,0.408616,5.7486e-05,0.000661391,0.000454927
0.200623,0.204679,0.397072,0.414088,-0.000639844,-6.77e-05,-0.000408792
0.202857,0.202622,0.398085,0.410038,-0.000426563,-4.51341e-05,-0.000272528
0.204015,0.200751,0.400295,0.414999,-4.70164e-05,-3.009e-05,-0.000181685
0.203944,0.203886,0.403854,0.413258,-3.13442e-05,0.000217299,0.000116235
0.200424,0.203562,0.400062,0.415127,0.000182554,-9.24936e-05,7.74902e-05
0.201412,0.207184,0.395991,0.415842,-0.000319107,0.00115904,-0.000694325
0.201579,0.204478,0.396014,0.420752,-0.000212738,0.000297976,-0.000462883
0.203281,0.206076,0.395673,0.413618,-0.000345276,-0.000309976,-0.000545948
0.203166,0.203594,0.39662,0.411269,-0.000467543,0.000301975,0.000144661
0.202834,0.204183,0.395384,0.407154,0.000129114,0.000438676,-0.000886903
0.206701,0.199739,0.398181,0.410547,0.000526886,-0.000182267,0.000120808
0.209605,0.207214,0.398347,0.406924,0.000588616,-0.000121512,8.05386e-05
0.207257,0.206269,0.400429,0.4055,0.00147748,-0.000589634,-0.0011331
0.210784,0.206707,0.403639,0.402056,0.000747628,-0.000867807,0.000194034
0.209335,0.205413,0.402873,0.405241,5.76091e-05,-0.00105326,0.000875341
0.212785,0.205039,0.40481,0.404843,-0.000165044,-0.00192287,0.000583561
0.210517,0.206646,0.405142,0.404831,0.000771589,-0.00226526,0.000389041
0.2122,0.207112,0.409366,0.397447,-0.000163776,-0.00249352,0.0012088
0.216702,0.210485,0.407868,0.400221,-0.000109184,-0.00139108,0.000331146
0.218158,0.208966,0.412078,0.397295,-0.00047969,-0.000690026,-0.000491313
0.217786,0.206964,0.421115,0.39481,-0.000116343,-0.00215544,0.000147176
0.218627,0.209944,0.419534,0.395218,-7.7562e-05,-0.00143696,0.000335476
0.218183,0.206963,0.419494,0.39825,0.000151743,-0.00170396,-0.000759693
0.215604,0.20927,0.424132,0.394097,0.000338521,-0.000898613,-0.00098118
0.213603,0.204941,0.419132,0.402304,0.00131075,-0.000361716,-0.000416761
0.210456,0.203403,0.425398,0.394756,0.000670383,-0.000478503,-0.000277841
0.206103,0.206686,0.422268,0.406465,0.00129463,-8.16432e-05,-0.000659945
0.207999,0.207012,0.422103,0.401695,0.00110045,0.000691556,0.000543381
0.207619,0.206234,0.4174,0.413538,0.000733631,0.000223679,-0.000146372
0.209583,0.207551,0.425814,0.409865,0.000929897,0.000386478,0.000139777
0.208005,0.21222,0.42256,0.4172,-0.000261688,0.000969729,0.000364452
0.205449,0.21373,0.425296,0.412851,-0.000377909,0.000409127,0.000955045
0.202816,0.209836,0.418179,0.41598,-0.000251939,0.00051011,0.000399338
0.20119,0.207191,0.423598,0.414574,-0.000846128,0.00156078,2.88662e-05
0.206038,0.207005,0.420961,0.426354,-0.00164915,0.0017865,0.000256603
0.202972,0.20718,0.424093,0.419485,-0.000895986,0.00190308,-0.000303649
0.207095,0.205285,0.41906,0.425614,-0.00168239,0.00126872,0.000272285
0.206539,0.20279,0.422643,0.421475,-0.000239977,0.0015918,-5.58355e-05
0.208171,0.204914,0.428942,0.429701,-0.000159984,0.0010612,-0.000783209
0.206629,0.205329,0.425085,0.426671,-0.000547466,0.00141954,-0.00174284
0.204581,0.203772,0.422951,0.428812,-0.00100924,0.000471644,-0.00041591
0.205358,0.205263,0.423306,0.425102,-2.85648e-05,0.000551788,0.000197445
0.205023,0.202162,0.419722,0.428192,-0.000459853,0.0013512,0.000877615
0.204897,0.20532,0.417711,0.423514,0.0003716,0.000900802,0.000347718
0.20082,0.205045,0.414323,0.424497,0.000451184,9.19084e-05,0.00070653
0.203457,0.208301,0.414419,0.42546,0.00118241,-0.00112552,0.000233661
0.200948,0.208254,0.41525,0.432976,0.000788272,-3.82715e-05,0.000155774
0.203307,0.209604,0.414662,0.434082,0.000525515,-0.000500232,0.000578567
0.206029,0.210896,0.412808,0.425679,0.000112984,-9.61292e-05,0.000385711
0.210826,0.211491,0.411559,0.43125,-0.000128128,-6.40861e-05,-0.000454936
0.210658,0.211677,0.415698,0.424533,0.000355391,0.000431994,-0.00104928
0.211388,0.212233,0.413357,0.43055,-0.000441241,5.06369e-05,-0.000224799
0.211545,0.211511,0.415583,0.426446,-0.000294161,3.37579e-05,-0.000149866
0.209456,0.209362,0.418717,0.437569,0.000922871,-0.000214854,-9.99108e-05
0.215469,0.211353,0.423678,0.431715,0.000818698,-0.000617954,0.00020466
0.213697,0.212404,0.417745,0.434272,0.000545798,6.27488e-05,0.000611158
0.214061,0.210597,0.430943,0.428398,0.000160415,4.18325e-05,0.000407439
0.214524,0.209414,0.428524,0.434905,-0.000333866,2.78883e-05,-0.000203092
0.214694,0.212668,0.431713,0.430844,-0.000459936,-0.000456126,0.000814041
0.210766,0.214727,0.427608,0.433295,-6.92653e-05,0.000407993,0.000542694
0.211564,0.214933,0.433626,0.431653,-0.000724345,0.00125534,-0.000112922
0.212716,0.211948,0.430057,0.435488,-0.000686347,0.00107425,0.000162078
0.217994,0.213407,0.433235,0.428753,-1.67554e-05,0.000478809,0.000345411
0.212903,0.215059,0.428247,0.427711,0.00019228,0.000556565,-0.000990429
0.212896,0.211458,0.431344,0.437491,-7.52637e-05,0.000608402,-0.000389019
0.214134,0.209408,0.428497,0.436473,0.00103489,0.000168243,-0.000530613
0.215223,0.209697,0.429331,0.437861,0.00113074,0.000349521,-0.00130318
0.219598,0.212202,0.428056,0.433149,0.00139809,-4.34517e-06,-0.000631426
0.215078,0.208324,0.431219,0.440727,0.000491248,0.000471821,5.3767e-05
0.218423,0.208296,0.42689,0.432865,0.000327498,0.000314547,-0.000201514
0.217006,0.212998,0.428278,0.435602,-0.000425928,0.000718325,-0.000134343
0.217424,0.211949,0.426402,0.42767,-4.65929e-05,0.000478883,0.0013685
0.221884,0.213508,0.428028,0.430477,-0.000471871,-0.00042673,0.000437616
0.226379,0.213515,0.42717,0.425487,0.000329679,-4.71276e-05,5.43848e-05
0.223315,0.21518,0.434688,0.426451,0.000423237,-0.000268777,3.62565e-05
0.221353,0.212938,0.437594,0.41842,0.000722967,-0.000653903,0.000973607
0.222325,0.214177,0.434362,0.418709,0.000481978,-0.00141928,0.000174353
0.223007,0.217676,0.440516,0.414978,0.000558678,-0.00311633,0.000116236
0.221279,0.218667,0.438264,0.412017,0.000813261,-0.00404424,-0.000668495
0.218736,0.22351,0.442662,0.409426,0.000542174,-0.00364559,-0.0013951
0.221185,0.22018,0.438013,0.408334,0.0005649,-0.00341374,-0.000692707
0.222056,0.219052,0.44163,0.403201,-0.00026766,-0.0029879,-0.000224446
0.221666,0.216945,0.436155,0.410296,-0.000415799,-0.0117522,0.000596355
0.216515,0.215037,0.440137,0.411206,-0.000921459,-0.00835424,0.00039757
0.214748,0.211603,0.440435,0.408434,-0.000614306,-0.00568784,0.000977123
0.215935,0.215603,0.440608,0.409461,3.1272e-05,-0.00498267,0.000414057
0.216613,0.21363,0.436603,0.408807,-0.000216511,-0.00314675,3.86788e-05
0.211504,0.212533,0.436765,0.413868,9.30183e-05,-0.00163595,-0.000211573
0.211161,0.212678,0.437909,0.407675,0.000502822,-0.00127828,9.63102e-05
0.210577,0.214905,0.434582,0.409842,0.000335214,-9.58049e-06,-0.000919137
0.211335,0.216166,0.44173,0.406633,0.000223476,-0.000111939,-0.000850117
0.2114,0.214101,0.433601,0.41516,-0.00161425,0.00130427,-9.20269e-05
0.20754,0.216727,0.447532,0.413336,8.90035e-06,0.000572783,-0.000536069
0.209624,0.215762,0.440654,0.423196,-0.000400967,0.000812044,0.000625965
0.206106,0.216411,0.442013,0.424003,-6.38611e-05,0.000982683,0.000654669
0.205687,0.214387,0.438246,0.442576,0.000160876,0.0011387,0.000673805
0.207621,0.213898,0.437628,0.434673,-0.000537009,0.00121507,0.000449203
0.207695,0.218926,0.430042,0.440591,-0.00123962,0.000795954,0.00101155
0.206655,0.215691,0.430652,0.435605,-0.00126723,0.000757428,-0.000783698
0.209517,0.216745,0.426193,0.438683,-0.00213334,0.000497027,-0.000997183
0.207575,0.22018,0.42508,0.447178,-0.00186303,-0.000149311,-0.00042743
0.206199,0.219222,0.42537,0.44354,-0.00124202,-0.000103999,-0.000284953
0.204725,0.224252,0.423735,0.440973,-0.00106537,0.000639401,4.739e-05
0.210805,0.220074,0.419528,0.440106,-0.00026944,0.00116974,-0.000205766
0.208541,0.222176,0.419539,0.439901,0.000498542,0.00125267,0.000846167
0.209796,0.21878,0.431988,0.438319,0.000976621,0.00130842,8.93935e-05
0.209735,0.21608,0.427758,0.4435,0.00173615,0.00137985,0.000534314
0.209685,0.216205,0.431605,0.442642,0.00159824,-0.000301598,0.000356209
0.20754,0.21767,0.429639,0.44846,0.00170976,-0.000201661,-0.000237245
0.213938,0.217344,0.436731,0.446731,0.000936386,0.000102472,-0.00066679
0.216954,0.217604,0.433605,0.450152,0.000420807,-0.000406738,-0.000681885
0.216681,0.217201,0.439237,0.446735,-0.00039763,-0.00027141,-0.00045459
0.214493,0.220146,0.435808,0.443278,-0.000705896,-0.000927113,-6.57013e-05
0.21398,0.218095,0.437293,0.442552,-0.00131831,0.000127769,-0.000755878
0.216401,0.216997,0.430597,0.443907,-0.00131968,8.50731e-05,0.000716785
0.216381,0.222988,0.431775,0.44542,-0.00111715,0.000531354,0.000477856
0.214526,0.220272,0.428943,0.440458,-0.000507405,-0.000120542,0.00055593
0.219702,0.220398,0.426147,0.442599,-0.00077908,-8.04057e-05,0.000845338
0.21878,0.219985,0.431398,0.439382,-7.85771e-05,0.000183722,0.0003262
0.221782,0.221764,0.425971,0.447115,0.000388425,-0.000352262,0.000217466
0.219106,0.220067,0.429621,0.446048,0.00134402,-0.000506127,0.000382337
0.22316,0.218879,0.427,0.450324,0.00154027,0.000408553,-0.000457186
0.223218,0.218319,0.429741,0.443974,0.00146766,3.4999e-05,-0.00105078
0.221026,0.220999,0.440868,0.443538,0.00186006,-0.000214034,-0.000463158
0.221011,0.219048,0.444607,0.44606,0.000799229,0.000332022,-0.00078349
0.221066,0.219375,0.439391,0.444456,0.00141444,0.000221344,-0.000522327
0.222213,0.225129,0.445472,0.450823,0.000502149,0.000147559,0.0013472
0.221663,0.22479,0.440077,0.448295,9.74073e-05,0.000335729,0.000660777
0.223248,0.221822,0.451669,0.454699,-0.000375871,0.0104587,0.000677877
0.225729,0.222951,0.446489,0.446488,-0.00133565,0.00725462,0.000689277
0.221854,0.225078,0.441539,0.443892,-0.0019755,0.0059381,-1.52001e-05
0.224349,0.222382,0.439598,0.452901,-0.00152045,0.00440352,-0.000247492
0.225283,0.220882,0.437033,0.450474,-0.000810184,0.00252329,0.000547082
0.228437,0.226383,0.439814,0.445112,-0.000743574,0.00193239,-0.000347356
0.234423,0.223653,0.435364,0.436577,0.000589354,0.00100119,-0.00121491
0.236427,0.222039,0.444946,0.442856,0.000596353,0.000299569,-0.0010473
0.236575,0.222268,0.444693,0.435733,0.00107574,-0.000169453,-0.000223483
0.238285,0.222792,0.44736,0.438983,0.00112406,-0.00101715,-0.000623707
0.236868,0.222846,0.446232,0.431548,0.0020718,-0.00180552,0.00056754
0.234076,0.221469,0.453187,0.438929,0.00161856,-0.00143042,0.000615719
0.236848,0.222106,0.449728,0.432219,0.00128249,-0.00163229,0.00017312
0.231038,0.222985,0.455736,0.434296,0.000210734,-0.00204649,0.000115413
0.227227,0.221957,0.457834,0.431823,0.000784749,-0.00182026,0.00102638
0.230767,0.22062,0.455028,0.430648,0.000319715,-0.00167413,0.000209534
0.234487,0.22265,0.45683,0.42657,-2.42153e-05,-0.00134288,-9.76695e-05
0.233396,0.222477,0.454773,0.428501,-1.61435e-05,-0.0011586,0.000409605
0.231623,0.222087,0.459874,0.429414,0.000226597,-0.000257827,-0.000710274
0.235198,0.222736,0.458301,0.430392,0.000151064,6.9932e-05,-0.00142295
0.230353,0.222939,0.458364,0.433986,-0.000577459,0.000999401,-0.000473917
0.230696,0.225079,0.456311,0.441491,0.000293196,0.000940042,0.000158773
0.23011,0.222946,0.45012,0.451556,-4.1895e-05,0.00110329,-0.000368869
0.226623,0.228434,0.452207,0.447893,0.000412879,0.00121166,0.000500073
0.23137,0.225276,0.449458,0.454642,-0.000369007,0.00104619,-0.000175245
0.231972,0.224914,0.451811,0.447597,-4.25542e-05,0.00120688,0.000866514
0.231758,0.222895,0.451225,0.457536,-0.00111344,0.00104254,0.000577676
0.225383,0.224914,0.456993,0.453728,-0.000742293,0.000932832,0.000622476
0.222109,0.224709,0.455299,0.458027,-0.000732221,0.00109694,0.000889702
0.219331,0.225282,0.454436,0.45677,-0.000691598,0.000494186,-0.000118942
0.219719,0.225546,0.450789,0.453941,-0.00110533,0.00131299,-0.000316654
0.218362,0.22514,0.454818,0.45923,-0.000974242,0.00158754,2.62565e-05
0.219601,0.223828,0.458639,0.456353,-0.000412136,0.00180445,-0.000219855
0.221444,0.22081,0.452327,0.463838,-0.000952926,0.00218639,-0.000892555
0.218003,0.221251,0.460252,0.455425,-0.000635284,0.00193237,-0.000832396
0.219561,0.217948,0.45279,0.464025,-0.000423523,0.00176301,0.000191055
0.217525,0.220752,0.457822,0.459429,-4.49894e-05,0.00117537,-0.000618615
0.219015,0.22334,0.454595,0.458678,-0.000267352,0.000546249,-0.000649769
0.220689,0.226809,0.452953,0.46274,0.000262575,-0.000347892,0.000550165
0.218803,0.226032,0.451421,0.465447,0.00105667,-0.000503181,0.00107885
0.221784,0.221757,0.448084,0.46978,0.000500995,-6.41762e-05,7.15872e-06
0.222144,0.228204,0.449561,0.459175,0.000333997,-4.27762e-05,0.00047949
0.225401,0.225727,0.446748,0.464664,0.000866925,-0.000537138,0.000794378
0.224695,0.22862,0.452114,0.464065,0.0007814,-0.000358087,5.48675e-05
0.229031,0.225962,0.449286,0.461566,0.0011991,-0.000713439,0.000748655
0.228461,0.229243,0.455802,0.459096,0.000358592,0.000236453,0.000499103
0.224328,0.229808,0.453114,0.451988,0.000442512,-7.97217e-05,-0.00136269
0.22742,0.228577,0.45165,0.461864,0.000295008,-0.000527864,-0.000908457
0.230087,0.229658,0.452327,0.456787,-6.77864e-06,-0.00011455,-9.70116e-05
0.22885,0.227838,0.461661,0.463111,-0.000241878,-0.000313724,-0.00081066
0.227482,0.224095,0.464054,0.462449,-0.000602061,-0.000209149,-0.000777799
0.230721,0.226223,0.457633,0.458713,-0.000808275,0.000572645,0.000464812
0.231166,0.229686,0.464351,0.457147,-0.000776209,-0.000330313,-0.000436111
0.231011,0.2251,0.460488,0.457599,-0.000958282,0.000491868,0.000455245
0.229046,0.224741,0.46271,0.465564,0.000446215,0.0010739,0.00125293
0.232487,0.225101,0.459538,0.459062,0.000534835,0.000715932,0.000597929
0.23431,0.227954,0.456915,0.466093,0.00123818,0.000477288,0.000398619
0.231246,0.227697,0.458756,0.475285,0.00146971,0.00103027,0.000265746
0.235228,0.228508,0.45464,0.469438,0.00118326,0.000449487,-0.000297554
0.237988,0.234426,0.459179,0.466313,0.000788838,-0.00017506,-0.00118171
0.240275,0.236513,0.451548,0.462632,0.000763251,-0.000116707,-0.00055045
0.240778,0.23729,0.45928,0.465181,-0.000372785,0.000634273,-0.000841684
0.243995,0.236832,0.456086,0.459286,0.000192286,-5.18695e-05,-0.000561123
0.244119,0.236201,0.458691,0.463689,-0.000753428,-0.000509298,0.000337995
0.243014,0.234307,0.458164,0.456388,-0.000264926,-0.000576891,-1.20291e-05
0.245485,0.230841,0.458176,0.449762,-0.000617427,-0.00089322,0.000737966
0.247253,0.232158,0.461673,0.443296,0.000232642,-0.00154492,0.000729336
0.242546,0.23046,0.461417,0.439079,0.000595904,-0.00275927,0.000486224
0.242253,0.228011,0.47194,0.446195,0.00104153,-0.00329758,0.00127359
0.244372,0.22876,0.46943,0.438238,0.00157597,-0.00436852,0.00013698
0.240752,0.230561,0.472615,0.442144,0.0012541,-0.00437041,-0.000892024
0.240825,0.229566,0.473406,0.436896,0.000836066,-0.00362568,-0.000832042
0.239531,0.233465,0.472001,0.440398,0.000557377,-0.00268839,-0.000317336
0.240534,0.235863,0.476864,0.439186,0.000371585,-0.00179226,-0.000923634
0.236655,0.231474,0.472467,0.442731,4.42726e-05,-0.000448855,-0.000615756
0.233171,0.230198,0.475965,0.450778,2.95151e-05,0.000175481,0.000810199
0.230508,0.229573,0.47484,0.450683,-0.000624583,0.000862973,-0.00068057
0.226319,0.231006,0.469793,0.450378,-0.000416389,0.00152475,0.00076699
0.230835,0.230444,0.46691,0.448857,0.000163217,0.00125386,0.000986044
0.230109,0.229107,0.463845,0.456303,-0.000331998,0.00134453,0.000420004
0.226687,0.228811,0.467025,0.453792,0.000422928,0.000896355,0.000280003
0.224112,0.227347,0.460107,0.460885,7.85014e-05,0.00154701,0.000661386
0.225235,0.227174,0.465084,0.458892,0.000255785,0.00177732,-0.000508512
0.222785,0.225769,0.461276,0.463498,-0.00135536,0.00216823,-0.00108499
0.222021,0.227387,0.460662,0.462681,-0.00090357,0.00168284,0.000497374
0.219812,0.227986,0.462515,0.463802,-0.00168745,0.000613269,-0.00136384
0.225917,0.228018,0.454615,0.469651,-0.00136233,0.00115483,-0.000671866
0.223945,0.226907,0.459877,0.465699,-0.00219674,0.00148196,0.000535433
0.220516,0.22679,0.456851,0.478841,-0.00258347,0.0014966,0.000356955
0.223444,0.230455,0.458437,0.470851,-0.00301083,0.00221844,0.00023797
0.223173,0.238433,0.451683,0.472664,-0.00200722,0.00195368,0.000396006
0.219343,0.239662,0.450744,0.466577,-0.000456529,0.00153981,0.000501363
0.219865,0.238028,0.451008,0.465149,0.000780717,0.000551822,0.000334242
0.220506,0.235099,0.448545,0.47886,0.001809,0.000367881,-1.4531e-05
0.22281,0.234193,0.452346,0.47718,0.00276579,0.000482613,0.000227672
0.221235,0.233321,0.449521,0.483392,0.00357319,-0.000898961,-0.000322937
0.220166,0.233263,0.461071,0.477444,0.00217867,-0.00107403,-0.000215291
0.223532,0.234362,0.460715,0.476997,0.00057083,-3.93998e-06,-0.000143527
0.22318,0.234382,0.46647,0.471008,-0.000704516,-0.000714703,-0.00084167
0.223296,0.232472,0.463091,0.463764,-0.00114785,-1.7511e-06,-0.000561113
0.225122,0.230956,0.459227,0.46769,-0.00229111,-0.000238526,-0.000374076
0.225894,0.235323,0.46192,0.463333,-0.00173086,-0.000633735,0.000971319
0.225916,0.233837,0.456467,0.469099,-0.000950454,5.22276e-05,0.000410187
0.226245,0.233208,0.462873,0.468949,-0.00151525,0.000272177,0.000510817
0.224787,0.230114,0.459141,0.464412,-0.00101017,-0.000293266,0.000103186
0.225188,0.231082,0.464499,0.468697,4.72178e-06,-0.00043287,0.00125559
0.226363,0.230082,0.461911,0.475256,0.000884767,-0.000559847,-0.000349738
0.224966,0.228836,0.462285,0.47715,0.000996746,-0.00061059,-0.00145386
0.230428,0.235565,0.463425,0.47093,0.00178347,0.000338925,-0.000494523
0.226604,0.233284,0.459134,0.476015,0.00162979,0.000463309,0.000178944
0.225522,0.231389,0.461992,0.473608,0.00108653,0.000546232,-0.000626689
0.226856,0.235764,0.460084,0.478399,0.00225023,0.000126795,5.69251e-05
0.229167,0.235876,0.468452,0.480761,0.00234786,-0.000390188,-0.000436768
0.229001,0.23326,0.465648,0.476873,0.000480174,0.000214593,-5.38196e-05
0.237745,0.231897,0.468017,0.48028,0.000557475,0.000380421,0.00142218
0.240159,0.233446,0.467349,0.471573,-0.000509969,1.62549e-05,0.000710763
0.238946,0.229796,0.467661,0.470229,-0.00142505,0.000248196,0.000236483
0.235476,0.228398,0.471375,0.470502,-0.00227246,0.000165464,-7.97037e-05
0.239444,0.231612,0.471238,0.460898,-0.00131152,-0.000601768,0.0008963
0.240919,0.233458,0.473043,0.469002,-0.00128125,0.000310898,-0.000589261
0.242471,0.235601,0.469826,0.463306,-0.000447266,-3.00934e-05,-0.000155482
0.241083,0.233754,0.472139,0.464148,0.000379991,-0.00124077,-0.000341014
0.243995,0.235356,0.473815,0.45777,0.000456778,-0.00130189,-0.000735969
0.245437,0.235575,0.467742,0.452907,0.00118614,-0.00185127,-0.000728005
0.247071,0.236359,0.475028,0.46248,0.00187583,-0.00221753,-0.000247978
0.250121,0.236307,0.47395,0.454236,0.00148791,-0.00242779,0.000580667
0.247034,0.238749,0.478613,0.4619,0.000754582,-0.00260187,0.00062447
0.250011,0.240015,0.47533,0.453996,0.00182548,-0.00268402,0.000416313
0.248718,0.238351,0.47307,0.455712,0.0016578,-0.00253533,0.000514901
0.246531,0.24189,0.477386,0.452393,0.00174946,-0.00267356,0.000105909
0.24127,0.239805,0.475682,0.452312,0.000725496,-0.00127375,7.06057e-05
0.239295,0.238129,0.48336,0.453182,0.000483664,0.00010027,-0.000698915
0.241553,0.241397,0.478717,0.450184,-0.000118367,0.000338114,-0.000194676
0.240852,0.237983,0.47582,0.459921,-0.000282362,0.000700127,-0.000875769
0.240613,0.240028,0.489701,0.456043,-0.00106986,0.00070411,-0.000821205
0.242308,0.240398,0.481795,0.46425,-0.000916691,0.000944125,0.000910592
0.240857,0.242073,0.485817,0.460764,-0.000611127,0.00161276,-0.000613642
0.235111,0.239525,0.47902,0.463322,-0.000644777,0.00154989,0.000336891
0.23291,0.23404,0.476418,0.464425,-0.000633302,0.00201661,0.00141139
0.232534,0.243533,0.474825,0.463759,-0.000863011,0.00205648,0.000466208
0.231171,0.238933,0.471999,0.470778,-0.000812699,0.00137099,7.34463e-05
0.226219,0.237315,0.475302,0.470991,-0.00074525,0.000913991,0.000761041
0.230369,0.237878,0.472927,0.489292,-5.60239e-05,0.00111795,-0.000679434
0.228953,0.236451,0.47221,0.487383,-0.000478159,0.00145738,-0.00119894
0.226479,0.242152,0.471805,0.488819,-0.000522223,0.00195493,0.000421409
0.229107,0.240771,0.469533,0.490405,-0.000585508,0.00201536,-0.000193779
0.232381,0.239757,0.471926,0.480555,-0.000831148,0.00208956,0.000108173
0.229223,0.236868,0.470565,0.486244,-0.000757549,0.00237638,7.21155e-05
0.224571,0.235294,0.476743,0.479965,0.000139227,0.00107563,-0.000460549
0.226992,0.233641,0.474047,0.483733,9.28182e-05,5.01005e-06,-3.57655e-05
0.229363,0.233129,0.475305,0.487325,0.000502688,-0.000742645,0.00238365
0.229471,0.233972,0.468456,0.485878,0.000979385,-0.000495097,0.0003684
0.230894,0.231418,0.474377,0.489633,8.66367e-06,-9.27056e-05,0.0002456
0.228825,0.232595,0.476808,0.483269,-0.000435034,-0.000299163,-7.36258e-05
0.227872,0.231246,0.470007,0.48148,-0.000290022,0.000309185,-0.000286443
0.22987,0.231771,0.47502,0.493342,4.40106e-05,-0.000777221,-0.000903039
0.232146,0.23154,0.474234,0.483325,-0.000208019,0.000193929,-0.00158537
0.233364,0.237022,0.472926,0.488036,9.86799e-05,-0.000108073,-0.000819554
0.230953,0.238825,0.472661,0.482627,0.000269237,-0.000309407,-0.00054637
0.234131,0.23519,0.470469,0.481645,0.00106111,-0.000680989,-0.000126887
0.235366,0.239715,0.476159,0.49005,0.000910857,-0.000691352,-0.000321951
0.236863,0.239442,0.471021,0.486342,0.000844597,-0.000223542,0.00076871
0.237794,0.240275,0.474917,0.490164,0.000563065,-0.000149028,0.000987192
0.242535,0.244008,0.473431,0.483686,-0.000302792,0.000850084,0.000658128
0.243039,0.241079,0.471142,0.48544,-0.000201861,0.000566722,0.000438752
0.240849,0.240528,0.477624,0.485696,-0.00121964,0.0011238,0.000292501
0.241798,0.239219,0.47592,0.48506,-0.000372286,0.000511841,-4.23581e-05
0.241248,0.241334,0.481072,0.492921,0.000633428,0.000341227,-0.000502957
0.239582,0.239936,0.478004,0.490074,0.00106655,0.000227485,0.00108885
0.240639,0.240838,0.477278,0.490195,0.00050758,0.000863733,-0.000969522
0.24071,0.242688,0.48741,0.484055,0.000541837,0.000338463,-0.000646348
0.242234,0.239283,0.481722,0.477611,0.000361225,0.000225642,-0.000159631
0.246941,0.24168,0.486691,0.483781,0.000444267,0.000625146,-0.000106421
0.246369,0.243246,0.48709,0.473949,0.000533537,-0.000295313,-0.00105429
0.245248,0.243755,0.483976,0.474543,-0.000729378,-0.000196875,-0.000702861
0.246989,0.24309,0.485089,0.472687,0.000158008,-0.00111459,0.00051477
0.250101,0.244184,0.483857,0.470001,0.000546148,-0.0016925,-0.000165446
0.250676,0.246284,0.490679,0.470045,0.000567549,-0.00211168,0.000398329
0.250954,0.243071,0.489614,0.47243,0.000615725,-0.00286585,0.00074027
0.252001,0.238731,0.489337,0.469245,0.00149555,-0.00313127,0.000730873
0.251515,0.247615,0.494134,0.462932,0.000352775,-0.00354557,0.000249889
0.255523,0.248221,0.489202,0.458217,0.00108289,-0.00331315,0.000641311
0.252809,0.247798,0.491871,0.459316,0.000721929,-0.00342947,0.000190182
0.253114,0.246308,0.497815,0.454272,0.00136291,-0.00279494,-0.000856556
0.248576,0.248499,0.496521,0.458075,0.000705153,-0.00186329,-0.00029977
0.249533,0.244983,0.490582,0.459059,2.92925e-05,-0.000258851,-0.000199847
0.247645,0.242333,0.489742,0.465209,-0.000421281,-0.000647286,-0.00186256
0.244222,0.242265,0.491042,0.462648,-0.000721664,0.000517912,-0.000258363
0.241966,0.240887,0.483829,0.465079,-0.00024375,0.00132862,-0.000172242
0.243012,0.240036,0.481357,0.467192,-0.00104412,0.00186909,0.000122531
0.239868,0.238804,0.482399,0.464456,-0.00113689,0.00172078,0.000590314
0.235869,0.242271,0.479208,0.482901,0.000767953,0.00114719,0.00086826
0.232116,0.24311,0.479317,0.487148,-0.00059682,0.00196792,0.000306774
0.227908,0.244373,0.478623,0.485513,-0.00083869,0.00229529,-0.000541469
0.229452,0.242369,0.476097,0.483036,-0.00120339,0.00153019,0.000385006
0.231986,0.238516,0.472339,0.500631,-0.00192124,0.00149485,1.93115e-05
0.229269,0.23807,0.47627,0.493073,-0.00212853,0.00174255,-0.000495752
0.227861,0.240467,0.469969,0.495128,-0.00209719,0.00163642,-0.00056786
0.234599,0.240611,0.473197,0.491231,-0.0024832,0.00207429,-0.000615932
0.23365,0.241276,0.470736,0.48563,-0.00209627,0.00185758,-0.000173263
0.230322,0.244022,0.479316,0.489016,-0.000719348,0.00147574,-0.000590226
0.232192,0.240639,0.480855,0.48585,0.000164695,0.000983829,8.12337e-05
0.233065,0.236528,0.475671,0.488141,0.00119487,0.0011306,0.000800141
0.232527,0.241373,0.479832,0.488828,0.00255982,-0.0001957,-0.000212558
0.231406,0.24281,0.47692,0.486396,0.00343587,-0.000876452,0.000841639
0.231415,0.242404,0.474422,0.493884,0.00208713,-7.56748e-05,0.00103581
0.232456,0.242665,0.470817,0.489451,0.000713253,-0.000796435,0.000215822
0.230053,0.239096,0.474728,0.493472,0.000475502,-0.00124303,0.0006186
0.231478,0.240856,0.476638,0.498284,-0.000971519,-0.00109996,0.000175041
0.234364,0.238697,0.476169,0.49085,-0.00217356,0.000487399,-0.000120665
0.234294,0.245469,0.481737,0.497164,-0.00188985,0.000562292,-0.00153851
0.238985,0.243319,0.477341,0.487701,-0.00234497,-9.98569e-05,0.000432392
0.238805,0.243307,0.477633,0.488081,-0.000919052,-0.00030393,-0.000932442
0.237194,0.245892,0.481392,0.488917,-0.000409251,-0.000439979,-0.000384269
0.2368,0.240559,0.471989,0.487982,0.000846144,-0.0010393,-1.88204e-05
0.240069,0.244311,0.476587,0.490895,0.000767546,-0.000455511,-1.25469e-05
0.249339,0.246703,0.473133,0.486855,0.00183413,-0.000303674,0.000737621
0.246272,0.246286,0.47114,0.493053,0.000985392,-0.000202449,0.000966465
0.245057,0.240827,0.481494,0.48846,0.00130119,0.000848378,0.00064431
0.243595,0.24254,0.479668,0.484807,0.00130827,0.0010403,0.00042954
0.2454,0.248479,0.48302,0.489535,0.00199116,-0.000493259,4.9001e-05
0.240667,0.248122,0.48055,0.484964,0.00153089,0.000145878,0.000270026
0.245085,0.243102,0.480427,0.490789,0.000579783,9.72523e-05,-0.00175276
0.250771,0.243546,0.478022,0.485152,0.000183071,0.000302194,-0.000931149
0.245636,0.244401,0.474139,0.481232,-0.00120038,-0.000510614,0.000125219
0.245455,0.242286,0.482359,0.481632,-0.00188532,0.000134308,8.34793e-05
0.248212,0.24041,0.482228,0.478875,-0.00169769,-0.000385179,0.000293012
0.25043,0.246051,0.485167,0.48356,-0.00289503,0.000217932,-0.000788003
0.246544,0.252189,0.482472,0.480638,-0.00148921,-0.000600697,0.000695368
0.249948,0.247566,0.483008,0.477565,-0.000111189,-0.0013499,0.000700937
0.250223,0.249297,0.487081,0.479297,0.0012483,-0.00140856,0.000229933
0.251117,0.24977,0.487247,0.472073,0.00191727,-0.0023971,0.000865365
0.254516,0.24732,0.491856,0.476917,0.0021598,-0.00207279,0.000339551
0.251174,0.250988,0.493061,0.467256,0.00208413,-0.00260256,-0.00024835
0.254412,0.250617,0.489785,0.46712,0.00183023,-0.0031931,-0.000640285
0.255612,0.25076,0.492133,0.46867,0.00122015,-0.00236609,-0.000426857
0.256224,0.24956,0.499423,0.46478,0.00125424,-0.00303546,-0.00150527
0.25606,0.251555,0.499434,0.468456,0.00171778,-0.00249836,-5.40803e-05
0.25062,0.252796,0.496371,0.461227,0.00178945,-0.00142821,0.000709932
0.250211,0.248729,0.494992,0.470638,0.000548705,3.12028e-05,-0.000984774
0.248471,0.250347,0.495433,0.472527,-0.000753174,0.000258161,-0.000656516
0.247588,0.249359,0.490764,0.472272,-6.13069e-05,0.000646825,0.000545667
0.247657,0.247318,0.491344,0.474643,-0.000685131,0.000668576,0.00107585
0.249566,0.248969,0.489472,0.471568,-0.00110101,0.00190378,5.15961e-06
0.243792,0.245797,0.481882,0.491685,-0.000734009,0.00177781,0.000715517
0.244454,0.242388,0.485073,0.488229,-0.000930149,0.00335535,0.000951729
0.240538,0.246253,0.48081,0.493334,-0.00106091,0.00271162,-0.00031495
0.238485,0.247352,0.481044,0.490019,-0.000707273,0.00157039,2.73924e-05
0.236474,0.244549,0.478937,0.489559,-0.000471515,0.00155555,1.82616e-05
0.237797,0.239508,0.480989,0.496446,-0.000755153,0.00151175,-0.00097117
0.233094,0.241008,0.482822,0.492586,-0.0015885,0.00124519,-0.000884805
0.234287,0.239441,0.482551,0.495312,-0.000618194,0.00205083,0.000156115
0.234146,0.237502,0.485684,0.499702,-0.000852939,0.00258792,-0.000641909
0.234797,0.237366,0.479241,0.49174,-0.000805985,0.00243736,-0.000427939
0.230916,0.236462,0.485301,0.500937,0.000140845,0.00186227,0.000698051
0.231631,0.23779,0.486735,0.501799,0.000500798,0.00983176,0.000465368
0.232147,0.24179,0.483912,0.499947,0.000333865,0.00709234,0.000784963
0.230682,0.244311,0.487642,0.504174,0.000222577,0.00578434,0.000523309
0.235171,0.241321,0.48172,0.494521,0.000385744,0.00381756,0.00082359
0.236859,0.241379,0.480545,0.500173,-0.000387098,0.00310943,0.00054906
0.241541,0.24769,0.483083,0.496125,-0.000495424,0.00157224,-0.000583396
0.241084,0.246644,0.477796,0.487317,-0.000330283,0.000757402,-0.000626289
0.238836,0.244038,0.483905,0.508437,-0.000660998,0.000880262,-0.000926153
0.242828,0.247584,0.482541,0.497643,-0.000203306,0.000452958,-0.000617435
0.238729,0.252552,0.480922,0.496667,0.000712173,0.000616938,-0.000411623
0.243562,0.250115,0.488408,0.491394,0.0013564,-5.2208e-06,-3.70566e-05
0.244755,0.247029,0.48357,0.488176,0.00158244,0.000514891,0.000721281
0.247501,0.248636,0.488652,0.495384,0.000614148,0.000138642,-0.00050249
0.245886,0.250763,0.485244,0.485398,0.000850241,0.000354342,0.00088571
0.246024,0.245095,0.485579,0.490499,0.000126018,0.000254645,0.000827832
0.248579,0.245882,0.487176,0.489954,8.4012e-05,0.000183576,0.000314529
0.24777,0.243709,0.481234,0.487174,-0.000384801,0.000370102,-2.76729e-05
0.249814,0.240531,0.497552,0.494113,-0.000697344,0.00076313,0.000456269
0.250163,0.243366,0.492746,0.494293,-0.000261445,0.000989299,-0.000916524
0.248654,0.245413,0.487137,0.49136,0.000944681,-0.000319442,-0.00132309
0.247578,0.244375,0.492743,0.496179,0.000188978,-0.000209683,0.000338641
0.248724,0.241235,0.488001,0.493202,0.000125985,0.000133937,-0.00174093
0.250187,0.246946,0.497878,0.496706,-0.000153369,-0.000180132,-0.000651992
0.249311,0.244033,0.492196,0.49328,0.000135113,0.000389921,0.000277416
0.249491,0.240228,0.491224,0.486827,9.00754e-05,-0.000485001,-0.000289774
0.254442,0.245704,0.490305,0.49509,-0.000618118,-0.000322556,0.000281535
0.254007,0.247813,0.484881,0.484935,-0.000412079,-0.000214454,0.00140839
0.257969,0.248968,0.493002,0.486222,-3.73602e-05,-0.00136323,0.000938929
0.264256,0.251201,0.494724,0.484434,-0.000465716,-0.00185793,0.000388594
0.260365,0.250329,0.491802,0.477963,0.000333782,-0.0029338,0.000259062
0.260496,0.24786,0.495315,0.480623,0.000222522,-0.00368501,0.000410067
0.26417,0.249923,0.494699,0.472578,0.000826516,-0.00364333,-0.00020134
0.259343,0.250071,0.49911,0.475135,0.00139872,-0.00364949,0.000103132
0.257606,0.249449,0.498896,0.468953,0.00161065,-0.00412833,-0.000405963
0.260074,0.241723,0.496068,0.472248,0.00171803,-0.00298952,-0.000270642
0.252913,0.240389,0.494325,0.477479,0.00162049,-0.00534393,-0.000148007
0.250946,0.243252,0.496631,0.477958,-3.86529e-05,-0.00325627,0.000647314
0.246699,0.24379,0.487706,0.484103,-0.000229219,-0.00127986,0.000194184
0.243678,0.242638,0.495777,0.480835,-0.00103443,-0.000388458,0.000604174
0.247587,0.247185,0.488157,0.482772,-0.00133388,3.02768e-05,-7.19355e-05
0.240949,0.249248,0.482799,0.481513,-0.000889254,0.000627068,0.000189402
0.238414,0.24654,0.486355,0.490842,-0.000830195,0.0010258,-0.00034845
0.239129,0.244588,0.482956,0.497582,-0.000756914,0.00206368,0.000479777
0.236879,0.249713,0.486419,0.495339,-0.000741968,0.0013171,-0.000900852
0.241336,0.24512,0.482618,0.498111,-0.00157971,0.000834057,-9.19416e-05
0.242176,0.244646,0.47989,0.499995,-0.00125659,0.00126901,-6.12944e-05
0.241847,0.24753,0.485982,0.499062,-0.000837729,0.0018046,-4.08629e-05
0.236661,0.246708,0.478993,0.504104,-0.00123665,0.00237129,-0.00101059
0.234848,0.248916,0.482313,0.497353,-0.0014687,0.00278764,-0.000199006
0.238624,0.247363,0.476573,0.493886,-0.0112601,0.00235661,0.000104688
0.233988,0.246505,0.472715,0.491327,-0.00805269,0.00105461,-0.000404926
0.235037,0.244383,0.477186,0.4895,-0.00595592,0.00120583,0.000950753
0.236209,0.241658,0.473108,0.500537,-0.00376695,0.000799478,0.000871194
0.232721,0.244126,0.480939,0.497705,-0.00151932,-0.000216305,0.000818155
0.234279,0.244822,0.477067,0.503514,-0.000379096,-0.0006214,0.000308078
0.235983,0.244801,0.475988,0.508972,0.000409103,-0.00116211,0.000680103
0.23479,0.244701,0.472283,0.500156,-0.000307482,-0.00101349,-0.000496034
0.23585,0.242019,0.474252,0.499239,-0.000953804,-0.000914067,0.000856106
0.236734,0.242163,0.480809,0.497002,-0.00203671,-0.000372803,-0.000853417
0.238155,0.245779,0.482012,0.489511,-0.00206088,-1.17647e-05,-0.00131493
0.233881,0.245378,0.478294,0.492471,-0.00185884,0.000229075,-0.00111398
0.236965,0.247805,0.474079,0.491938,-0.00212002,0.000423653,0.000240692
0.244027,0.245541,0.480226,0.490583,-0.00123471,-0.000226439,-0.000110806
0.241251,0.245684,0.4828,0.493054,-0.000400937,-0.000388504,0.000672114
0.244559,0.244641,0.488764,0.488299,0.000363012,-0.00124249,0.000685435
0.245473,0.243001,0.488644,0.497843,0.00155397,-0.00106579,0.000931675
0.247155,0.24507,0.487554,0.492453,0.00231665,-0.00118532,0.000146399
0.246562,0.24242,0.485224,0.49375,0.00221671,-0.000790273,9.75991e-05
0.247364,0.241938,0.482571,0.495826,0.00103258,0.000456451,6.5066e-05
0.246675,0.244217,0.486001,0.486346,0.000685077,0.000304268,0.000518095
0.241198,0.242308,0.487314,0.494449,0.0015393,-6.84471e-05,-0.000841398
0.242262,0.241332,0.483555,0.488918,0.00014272,0.000700335,-0.00106956
0.242984,0.24426,0.488713,0.500273,9.37497e-05,0.000704235,-0.00047568
0.244169,0.245402,0.490823,0.499798,6.14519e-05,0.00046948,-0.00031712
0.245101,0.246045,0.488282,0.489307,-0.000807529,-0.000161739,-0.00092349
0.247374,0.245011,0.492916,0.491186,-0.00186137,-0.000616458,0.000605043
0.250643,0.2456,0.48947,0.484006,-0.00168217,-0.000885695,0.00087808
0.248621,0.244165,0.488336,0.48139,-0.00156258,-0.000590466,0.0010601
0.249219,0.244856,0.491825,0.48725,-0.00124542,-0.000631006,0.000232018
0.247949,0.244628,0.48874,0.47999,0.000254602,-0.00140402,0.000866756
0.250817,0.241128,0.495672,0.48063,0.00125466,-0.00263143,-0.000608958
0.251907,0.24203,0.487883,0.476239,0.00192141,-0.00175429,0.000306105
0.254787,0.239499,0.499347,0.466613,0.00216248,-0.00140689,-3.32888e-05
0.254771,0.246877,0.504333,0.468948,0.00232321,-0.00263335,-0.0012429
0.254486,0.24902,0.501656,0.464774,0.00175221,-0.00297627,-0.00154067
0.255772,0.247714,0.502098,0.474412,0.0007273,-0.00296752,-7.76802e-05
0.258655,0.249806,0.501008,0.4694,0.000722201,-0.00316514,-5.17868e-05
0.255371,0.24506,0.496326,0.46936,0.00024409,-0.00261872,-0.000271883
0.255293,0.24297,0.497889,0.468929,-4.07381e-05,-0.00564737,0.00056473
0.254145,0.24504,0.495877,0.469416,-2.71692e-05,-0.00245678,0.000851204
0.253479,0.245488,0.490853,0.487014,-1.81207e-05,-0.00216569,0.000330111
0.249442,0.240851,0.48949,0.48439,-0.000656346,-0.000712208,0.000457433
0.251309,0.250045,0.483648,0.487876,3.24079e-06,-0.000638195,0.000304955
0.244728,0.247246,0.488962,0.486171,2.15721e-06,0.000672697,0.00142401
0.247113,0.245209,0.483931,0.480795,0.000204886,0.00205198,-0.000508724
0.246627,0.243179,0.479517,0.488539,-0.000507671,0.00180768,-0.000813867
0.240766,0.243794,0.479846,0.483162,-0.000779258,0.00210286,-0.000305219
0.241105,0.241548,0.479664,0.490435,-0.000316056,0.000888415,-0.000712106
0.242657,0.241066,0.48756,0.496235,-0.000854965,0.000800556,-0.000712096
0.239566,0.24327,0.484566,0.495747,-0.000129168,0.00125788,-0.000237372
0.237034,0.240959,0.487795,0.50391,-0.000526922,0.00129695,0.000113019
0.240192,0.239967,0.489669,0.500921,-0.0012329,0.00183571,-0.00043328
0.24266,0.238659,0.484957,0.502416,-0.00146619,0.00291002,-0.000288853
0.238205,0.23601,0.48615,0.497669,-0.00121482,0.00240783,0.00126549
0.238481,0.236474,0.482022,0.495283,-0.00125069,0.00282075,0.000606303
0.23618,0.234911,0.480242,0.506084,-0.000155626,0.00187662,0.000641561
0.236555,0.239672,0.486186,0.50247,0.00054051,0.000502182,0.000665066
0.237933,0.238254,0.480361,0.498054,0.00124196,9.52458e-05,-3.13403e-05
0.238408,0.238036,0.486118,0.51513,0.00147223,-0.000650217,-0.000258253
0.239626,0.23653,0.479151,0.507886,0.000778038,-0.000434706,6.51906e-05
0.238205,0.237814,0.476311,0.51025,0.000518692,-0.000799352,-0.000939884
0.240756,0.240027,0.478434,0.503711,-9.5015e-05,-2.49657e-05,-0.000626589
0.243783,0.240202,0.476956,0.49661,-0.000944962,-0.000525788,-0.000417726
0.246598,0.2442,0.49075,0.500401,-0.000629975,-7.96467e-05,-7.21672e-06
0.244126,0.241552,0.484822,0.494787,-0.000860793,-0.000562016,-0.000750796
0.243366,0.240132,0.482117,0.497739,-0.000777312,-0.000374896,0.000245454
0.248752,0.242455,0.487687,0.499608,0.000770312,-0.000962171,0.00111307
0.24624,0.243959,0.486476,0.495437,0.00183597,-0.000404211,2.99712e-05
0.246315,0.244862,0.498866,0.502506,0.00102053,0.000205151,0.000494699
0.247998,0.242044,0.494706,0.496252,0.000883803,0.000374057,0.000329799
0.247139,0.241312,0.49098,0.492966,0.00103001,0.00024932,0.000457225
0.245142,0.240134,0.49368,0.492705,-0.000194944,0.000674801,0.000304817
0.247522,0.24066,0.491198,0.491549,-0.000774223,0.000449838,-0.000508866
0.246885,0.242054,0.492748,0.498204,0.000128111,-0.000208756,-0.000576603
0.247022,0.24192,0.48975,0.496963,0.000526217,0.000606798,-0.00113039
0.248122,0.237865,0.484864,0.490306,0.000350811,0.000167161,-0.00099095
0.247085,0.238894,0.490016,0.500545,0.00111549,0.000111431,-0.000185916
0.254203,0.239687,0.485292,0.491483,9.94021e-05,0.000548998,0.000384683
0.254273,0.245726,0.489587,0.493089,-0.00105271,0.000603353,0.000493814
0.258131,0.248352,0.493523,0.487934,-2.36381e-05,-0.000818472,0.000803927
0.254183,0.246464,0.488801,0.484149,-0.000456568,-0.00125773,0.00077331
0.255824,0.24744,0.501643,0.48803,-0.001186,-0.00107585,4.08224e-05
0.256791,0.246267,0.49633,0.48295,9.09538e-05,-0.00146322,0.000264574
0.256527,0.246796,0.503296,0.482174,0.000942255,-0.00314562,0.000413742
0.256156,0.245713,0.501561,0.478968,0.00062817,-0.00331778,-0.000944875
0.260146,0.242073,0.498936,0.473359,0.00150385,-0.0031952,-0.00134199
0.260235,0.244778,0.515327,0.474339,0.00120602,-0.00430027,8.86817e-05
0.260269,0.244302,0.509086,0.467531,0.00168563,-0.0133899,-0.000924223
0.263089,0.238947,0.505894,0.474226,0.000682944,-0.0104139,-0.00037879
0.258724,0.242726,0.501368,0.471711,0.000251845,-0.00779523,0.00120554
0.257278,0.24357,0.495856,0.4687,0.000812157,-0.0053616,0.00104105
0.256743,0.241341,0.49751,0.474368,-0.000340181,-0.00318936,-0.000255403
0.252992,0.237813,0.495236,0.473677,-0.000226787,-0.00162553,0.00125389
0.25206,0.239952,0.487785,0.479386,-0.000151192,-0.000318208,0.000123847
0.252721,0.239353,0.504515,0.48865,0.000340015,0.000633237,-0.000154795
0.251653,0.238654,0.494008,0.49279,-0.00109575,0.00177674,-0.000577914
0.244468,0.247357,0.49465,0.487298,-0.000933952,0.00181897,-0.000147917
0.247283,0.247034,0.488408,0.484714,-0.000622634,0.00213778,-0.000844597
0.243268,0.245329,0.483082,0.491966,-0.00061854,0.00209361,-0.000800423
0.241159,0.243547,0.496099,0.487457,-0.00020891,0.00187163,-0.000533616
0.238811,0.2402,0.48794,0.492338,-0.00102089,0.0012232,-0.000118385
0.235467,0.239927,0.484664,0.492079,-0.000884045,0.000288421,0.000158436
0.23627,0.242164,0.484133,0.490149,-0.00103017,0.00139917,0.00180104
0.236859,0.247139,0.474965,0.495899,-0.000924141,0.00238048,0.00048862
0.236106,0.24854,0.490083,0.493045,-0.00102299,0.00303728,8.83875e-05
0.238837,0.246614,0.482811,0.495759,-0.00224178,0.00276501,-0.00068706
0.233782,0.248647,0.482069,0.49232,-0.00105371,0.00133035,0.000762663
0.230165,0.244364,0.476993,0.48677,-2.43071e-05,0.00139225,-0.00094962
0.233172,0.241957,0.470654,0.492083,-1.62047e-05,0.000925705,-0.0011078
0.23403,0.242243,0.471758,0.493223,0.000430006,0.000106667,0.000482171
0.231479,0.246332,0.470523,0.495739,0.00245681,-0.00111707,8.40885e-05
0.231315,0.243046,0.471283,0.494066,0.00184132,-0.00101702,0.000530777
0.233095,0.242814,0.480898,0.495764,0.000820648,-0.000916147,0.00059121
0.233831,0.243711,0.474471,0.499371,0.000106289,-0.000373989,0.000631499
0.235037,0.249025,0.475418,0.498703,-0.000810759,2.15038e-05,-5.37185e-05
0.241356,0.241909,0.471629,0.491204,-0.00162558,-0.000731978,0.000438906
0.239901,0.245258,0.476664,0.494202,-0.00176189,0.000257754,-0.000419473
0.242273,0.246723,0.485979,0.488548,-0.0016154,0.000171651,-0.000788275
0.238514,0.246295,0.485375,0.49323,-0.00107693,-0.000156971,-0.000762876
0.247767,0.246854,0.481279,0.489188,-3.97871e-05,-0.000579469,-0.000508584
0.244652,0.24526,0.475106,0.488133,0.00105854,-0.00109847,-0.000576415
0.243812,0.242059,0.481544,0.494463,0.00223158,-0.001241,-0.000384277
0.246667,0.240527,0.478896,0.485258,0.00257279,-0.00130209,0.00072716
0.24373,0.238959,0.482129,0.493495,0.00259681,-0.000393377,-0.00073593
0.243201,0.238837,0.478832,0.487371,0.00152776,-2.49169e-05,0.000730083
0.246236,0.236992,0.488512,0.497849,0.000577695,0.000491997,0.0011988
0.244797,0.240811,0.489342,0.499907,0.00038513,-0.000180642,0.000799199
0.244974,0.247669,0.482813,0.49006,-0.000624866,0.000388188,-0.000416636
0.246224,0.248366,0.48298,0.49395,-0.000416577,0.000496143,0.00141766
0.250434,0.247492,0.480653,0.491977,-0.000481169,0.000330756,-3.82352e-05
0.249572,0.244118,0.488671,0.484785,-0.00143976,-1.68593e-05,-0.000737567
0.248466,0.243567,0.490362,0.492868,-0.00180755,0.000226116,-0.000254352
0.248885,0.246469,0.484555,0.476859,-0.000798131,-0.000832603,6.77907e-05
0.251445,0.248807,0.487665,0.479588,-0.000938989,-0.00055507,-0.00141287
0.255213,0.245742,0.483033,0.477405,-0.000625992,-0.000844766,-0.000704553
0.255032,0.244094,0.493971,0.473545,-0.000213878,-0.00178388,-0.00094442
0.254932,0.246302,0.49489,0.481359,0.000942484,-0.00312204,0.000319822
0.252637,0.246886,0.488038,0.469431,0.0021542,-0.00282734,0.00119656
0.253583,0.240025,0.491963,0.471697,0.0021143,-0.00259697,0.000797706
0.254865,0.240648,0.490119,0.468809,0.0020538,-0.00318938,0.000769163
0.249207,0.241518,0.48615,0.463325,0.00157265,-0.00260097,0.000987493
0.251868,0.245891,0.492573,0.467206,0.000844981,-0.00271732,-0.000291107
0.251315,0.242897,0.492475,0.463365,0.000563321,-0.00255753,-0.000940057
0.251356,0.246114,0.502796,0.480809,0.000578998,-0.00170502,-0.000355437
0.250356,0.247591,0.494968,0.475753,-0.000258262,-0.000153338,-0.000982943
0.251221,0.240521,0.489228,0.480543,-0.000375625,-0.000339584,-0.000180578
0.252506,0.242196,0.490795,0.483099,-0.000250417,0.000994313,0.0006256
0.253163,0.24284,0.485491,0.480153,-0.000845113,0.00113759,-0.000803636
0.25095,0.24194,0.497179,0.485599,0.00011476,0.00174174,0.000684946
0.245786,0.245547,0.490667,0.483961,7.65066e-05,0.00187324,0.00116871
0.241879,0.241219,0.483869,0.491002,5.10044e-05,0.00223217,6.70613e-05
0.246883,0.240659,0.488264,0.484927,-0.000644165,0.00243755,0.000282066
0.24273,0.243661,0.481238,0.486092,-0.000632894,0.00213366,0.000662762
0.240069,0.24384,0.48925,0.484062,-0.000218479,0.00142244,-0.000744953
0.237774,0.241895,0.48248,0.484383,-0.00123072,0.00189773,-0.00124262
0.240564,0.237604,0.47825,0.495112,-0.000379672,0.00126515,-8.24286e-05
0.235579,0.240613,0.483602,0.49318,-0.000253115,0.00135206,-0.000800938
0.236197,0.239287,0.47568,0.494912,-0.000372194,0.00235944,0.000212027
0.230812,0.240376,0.475613,0.497608,-0.000688939,0.00228503,0.00132815
0.229154,0.241258,0.469899,0.493312,-0.00157827,0.0025067,0.000648072
0.229179,0.240752,0.46564,0.496569,-0.00105218,0.00214585,0.000432048
0.227619,0.242205,0.481357,0.502184,-0.000904904,0.00193919,-0.000186686
0.230547,0.243946,0.477935,0.499997,-0.00016246,0.0012928,-0.000124457
0.23206,0.249145,0.481792,0.503923,-0.000108307,0.00109922,-8.29716e-05
0.239745,0.245935,0.476949,0.500192,0.000809415,0.000224189,-0.00103866
0.238664,0.246025,0.473261,0.497956,0.00182813,-0.000325259,-0.00045508
0.238535,0.246248,0.487295,0.490254,0.0010153,-0.000691557,-0.000540746
0.237468,0.240943,0.479805,0.489191,0.000439509,-0.000969664,-0.000597856
0.238288,0.240955,0.485826,0.494504,0.000293006,-0.00112116,0.000347415
0.246046,0.240908,0.479856,0.48576,0.000195338,-0.000984799,0.000706328
0.245075,0.240397,0.474615,0.485149,-0.000717485,-0.000181815,0.000945603
0.242692,0.240598,0.48412,0.485678,-0.000478324,0.000116149,0.000630402
0.244782,0.242186,0.482502,0.484813,0.000528828,0.00400746,-5.44499e-05
0.242048,0.244839,0.481254,0.490613,0.000793362,0.00305848,-0.000782285
0.242906,0.24252,0.486306,0.488319,0.000325457,0.00209176,-0.000521523
0.24375,0.237904,0.48301,0.492923,0.000657781,0.00208682,0.000398303
0.243725,0.240617,0.482922,0.48891,0.000438521,0.00179177,-0.000717809
0.244245,0.237783,0.475446,0.487244,-0.000589272,0.00155427,-0.000715898
0.243346,0.239976,0.479081,0.49247,-0.000833657,0.00139925,-2.54759e-06
0.247249,0.240459,0.486793,0.498376,-0.000114962,0.000493056,-0.000476416
0.246135,0.238876,0.485446,0.497179,-7.66414e-05,0.000888968,0.000665733
0.246357,0.243653,0.482488,0.494113,0.000389715,0.000868732,0.00091854
0.250762,0.242481,0.481398,0.486882,0.00070062,9.95743e-05,0.000137642
0.248191,0.242175,0.48438,0.489241,0.00111134,8.81673e-05,0.000566479
0.248842,0.243422,0.485187,0.484706,0.000537443,0.000583743,0.000852371
0.249604,0.240998,0.490951,0.482754,0.000799105,-0.00034457,-0.00014383
0.247958,0.246035,0.487561,0.476998,-0.000145432,-0.00116996,-0.000841872
0.254903,0.245506,0.480454,0.473474,-0.00138547,-6.10028e-05,-5.26215e-05
0.254698,0.240634,0.484137,0.477841,-0.00136446,-0.0012562,-0.000781066
0.2568,0.239918,0.484527,0.471315,-0.00046883,-0.00205429,-0.00075807
0.25251,0.240003,0.490281,0.471949,-0.000753363,-0.0032994,0.000240605
0.253096,0.239633,0.486184,0.468891,0.000786278,-0.00318076,-0.000110864
0.252336,0.240098,0.494679,0.464569,0.000964995,-0.00330567,0.000197358
0.253136,0.242954,0.494311,0.46625,0.0017284,-0.00389797,0.00060629
0.253024,0.243019,0.491475,0.457813,0.00115227,-0.00358107,0.00111627
0.251632,0.242865,0.496721,0.463353,0.00144635,-0.00313268,0.000269462
0.250714,0.242459,0.494087,0.457687,0.00160849,-0.00303737,0.000179641
0.248628,0.241263,0.496863,0.465336,0.000631518,-0.00178717,-0.000354957
0.248349,0.240726,0.493664,0.464237,0.000421012,0.000266909,-0.000473997
0.249622,0.246412,0.490579,0.464065,0.000518033,0.000178158,-0.000587265
0.244039,0.239385,0.483051,0.47597,-0.00083362,0.00310479,0.000255502
0.235456,0.241544,0.483333,0.476111,-0.000759197,0.00400271,-0.00057565
0.234653,0.242616,0.479011,0.479097,-0.00138775,0.00266853,0.00131165
0.23387,0.240994,0.476775,0.482897,-0.00112862,0.00299976,0.000399718
0.231243,0.23994,0.475037,0.478892,-0.000989771,0.00199987,0.000741197
0.231609,0.239765,0.467766,0.481114,-0.000863298,0.00180799,0.000968849
0.228564,0.240705,0.467932,0.483096,-0.000812891,0.000730622,0.000645899
0.230069,0.240757,0.465109,0.486616,-0.000541927,0.000724453,-0.00126482
0.229134,0.244398,0.474181,0.48647,0.000316884,0.000245619,-0.000843214
0.230851,0.239656,0.464939,0.484252,-0.000670363,0.00162181,0.000421201
0.231253,0.2361,0.462317,0.488663,-0.00109117,0.00253928,-0.00117726
0.2329,0.236329,0.458596,0.481577,-0.00140561,0.00291356,-0.000547482
0.229491,0.236233,0.457932,0.483996,-0.000937076,0.00217973,0.000143638
0.230643,0.238316,0.469922,0.49038,-0.000387358,0.000944532,-0.000412867
0.229666,0.240405,0.467181,0.485727,0.00062338,0.00062969,0.000708099
0.22583,0.247838,0.471715,0.490984,0.000619037,-5.49236e-05,0.0014215
0.230768,0.242934,0.465604,0.485122,0.000616142,-0.00149468,0.00047295
0.232217,0.237942,0.45882,0.492965,0.00129238,-0.000521733,7.79411e-05
0.234785,0.240278,0.472031,0.483725,0.000420777,-0.0010599,0.000526679
0.233209,0.239156,0.469388,0.480949,-0.000160291,-0.00168994,0.00011376
0.230943,0.241529,0.472768,0.4857,-0.000954571,-0.000380643,-0.0020943
0.233254,0.238282,0.478529,0.478904,-0.00107719,-0.000253762,0.000299222
0.233751,0.242415,0.473088,0.484542,-0.00159975,6.81847e-05,-0.000546504
0.232215,0.240891,0.472199,0.478183,-0.000863047,-0.000429261,-0.000364336
0.229718,0.242027,0.467769,0.474221,-0.000575364,-0.000557441,-0.000717609
0.232465,0.243582,0.468891,0.476867,-0.000383576,-0.000846345,0.000742297
0.235178,0.242919,0.47425,0.475383,0.00130407,-0.00154757,0.00120694
0.235852,0.23586,0.47432,0.484838,0.00303952,-0.00126908,0.00032991
0.235063,0.243479,0.47007,0.479068,0.0022298,-0.000608691,-0.000254778
0.232057,0.238214,0.465795,0.486175,0.00148653,-0.000405794,0.000779584
0.229707,0.236454,0.46185,0.482925,0.00058412,0.000475456,0.000282364
0.233725,0.241566,0.469923,0.488168,0.000152054,7.96117e-05,-0.000286475
0.234067,0.24032,0.474746,0.490749,0.000542179,0.000765151,-0.000936969
0.235209,0.246845,0.471023,0.480875,-0.000282807,0.00101873,-0.000353379
0.238157,0.241273,0.485196,0.483157,-0.000425897,0.000407884,-0.000981571
0.241171,0.243918,0.479142,0.477615,-0.000928191,0.000271923,9.16046e-05
0.240527,0.241308,0.482232,0.472492,-0.00150041,0.000452549,0.000298429
0.240486,0.240418,0.479554,0.478109,-0.000356016,-0.000681645,-0.000547033
0.241245,0.243127,0.473231,0.47095,-0.000440794,-0.00045443,0.00133073
0.242073,0.240255,0.485704,0.476506,-9.04123e-05,-0.000777671,0.000649796
0.241982,0.237643,0.480479,0.467856,0.000177084,-0.00150179,0.000433197
0.245059,0.236184,0.478622,0.463476,0.000558866,-0.00100119,0.000526157
0.24808,0.236464,0.477822,0.462768,-6.82324e-05,-0.00188817,0.000113413
0.249089,0.237726,0.472052,0.453006,0.00103958,-0.0029542,-0.000873827
0.245996,0.236098,0.486006,0.466959,0.00157467,-0.00295281,-0.00109118
0.24529,0.238005,0.478441,0.461409,0.000405522,-0.00315533,1.85333e-05
0.247437,0.239465,0.47897,0.464168,3.29891e-05,-0.00210356,-0.00073363
0.249712,0.239903,0.475272,0.46075,0.000903612,-0.00214836,-0.000963804
0.250259,0.240098,0.471982,0.459277,0.000602408,-0.00190696,0.000578167
0.246343,0.243964,0.484081,0.457988,0.000605056,-0.00150866,0.000385445
0.246867,0.241524,0.477575,0.452371,0.00040337,-0.000768416,0.000494322
0.243465,0.238187,0.479042,0.460377,0.000506273,-3.75595e-05,0.000329548
0.248415,0.240296,0.48226,0.45613,-0.000103294,0.000720946,0.000694417
0.242478,0.237957,0.473077,0.464121,0.000575397,0.00166743,0.000700303
0.243224,0.238889,0.483442,0.46339,0.000383598,0.000636899,-0.000245208
0.242928,0.238901,0.477417,0.468786,5.22815e-05,0.0016453,-0.000163472
0.23699,0.237599,0.475542,0.468447,0.000475664,0.00180895,-0.000854967
0.23604,0.237438,0.478704,0.467921,0.000317109,0.00171459,-0.00029871
0.235143,0.236297,0.471607,0.476617,-0.000229403,0.00114306,-0.000945125
0.230363,0.23849,0.466292,0.469859,-0.000593745,0.00245746,-0.000392725
0.22982,0.23454,0.461219,0.478985,-0.0014809,0.00235038,-0.000261816
0.230406,0.232244,0.464864,0.474068,-0.00142808,0.00231291,-0.00112398
0.227925,0.234708,0.469631,0.487365,-0.00139286,0.00201666,-0.000274602
0.224052,0.231009,0.469828,0.488871,-0.00136938,0.00256514,0.00103764
0.224289,0.238506,0.462898,0.486647,-0.000268662,0.00218481,0.000929116
0.226874,0.237483,0.467521,0.491816,-0.000619917,0.0029146,-0.000363934
0.225024,0.236297,0.465062,0.485057,-0.00126099,0.00292641,0.000978081
0.225948,0.232359,0.466448,0.485896,0.000447861,0.00120496,0.000414695
0.226193,0.230192,0.467966,0.482834,0.000298574,0.00178665,0.000751181
0.230244,0.231282,0.4642,0.480043,-0.000445211,0.000207755,0.000263428
0.227169,0.228639,0.472039,0.485051,0.000584812,-0.000573574,0.000412978
0.227325,0.233009,0.46222,0.481397,0.00103413,-0.00160309,0.00125866
0.226551,0.2301,0.465719,0.487211,0.00113023,-0.00130608,-0.000856312
0.232033,0.232304,0.465681,0.483342,0.000550038,-0.000870722,0.000141202
0.229956,0.235776,0.459785,0.479434,0.000129333,-0.00081784,-0.000143224
0.229652,0.234013,0.471517,0.485836,-0.000354588,-0.00129121,-0.000332842
0.234124,0.234054,0.463456,0.473694,9.67262e-07,0.000122536,-0.00096788
0.232834,0.233186,0.464015,0.474,-0.000677524,8.16908e-05,0.000100732
0.231776,0.23261,0.460112,0.46813,-0.00109594,0.000766537,-0.000407563
0.232632,0.233789,0.453847,0.465497,-0.000289819,-0.000438411,-0.000780335
0.23527,0.236521,0.466465,0.480981,-0.000193213,-0.0008009,-0.000282864
0.234137,0.231299,0.462179,0.474844,0.000956261,-0.000771292,0.000557409
0.231804,0.235319,0.466018,0.48113,0.00128177,-0.000988913,-0.000103112
0.238073,0.236947,0.473222,0.477773,0.00153268,-0.000896634,0.000880694
0.232258,0.233073,0.471193,0.47837,0.0014626,0.000114321,-0.000124947
0.237514,0.230988,0.473107,0.474653,0.000534255,0.00105956,0.000628779
0.238803,0.226414,0.469401,0.468316,0.000118811,0.000943731,0.000419186
0.242347,0.23279,0.469617,0.473313,7.92072e-05,0.00110387,0.000279457
0.239709,0.235433,0.471893,0.467733,0.000290164,0.00100718,0.000186305
0.238317,0.233411,0.471202,0.470588,-4.39164e-05,0.00114617,0.000361562
0.241318,0.235792,0.466873,0.470569,-0.0013178,0.00520898,-0.000471035
0.239513,0.234136,0.465644,0.471073,0.000206538,0.00311685,-0.00129737
0.240066,0.231754,0.46419,0.470443,0.000137692,0.00213318,-0.000356286
0.243184,0.231161,0.468302,0.463291,-0.000552465,0.00187896,0.000237194
0.246073,0.228659,0.472414,0.461438,-0.000605669,0.00117989,-0.000587856
0.243858,0.22927,0.463947,0.458147,-0.000166421,0.000435332,-0.00184997
0.244031,0.229665,0.467061,0.457505,-0.000110947,-0.000125813,0.000970737
0.246224,0.236754,0.463255,0.452324,0.000332936,-0.00170985,-0.000336186
0.245225,0.233992,0.473105,0.455799,0.00178174,-0.00349532,-0.000698842
0.243841,0.23322,0.46889,0.455083,0.00183209,-0.00425784,-0.000228536
0.244808,0.236013,0.471047,0.446792,0.00186565,-0.0049794,0.000593628
0.249392,0.235273,0.482504,0.454766,0.00168458,-0.00451833,-0.000350233
0.247682,0.236707,0.476695,0.449248,0.0013265,-0.00397908,0.000749855
0.24618,0.232362,0.48247,0.453263,0.000477434,-0.00213174,0.000737263
0.243362,0.233028,0.478119,0.447602,-0.000359879,-0.00117453,0.00144094
0.239345,0.232509,0.471547,0.449436,-0.000239919,-6.39905e-05,0.000248553
0.238773,0.228739,0.481224,0.449419,-0.000804206,0.000233821,-0.000546375
0.238153,0.225389,0.474388,0.449597,-0.00141776,0.00110923,-0.000126891
0.23113,0.231995,0.476352,0.451372,-0.000945171,0.00125104,0.0011022
0.228374,0.22954,0.465713,0.449625,-0.000189304,0.00178566,-0.000214635
0.230867,0.227054,0.461596,0.456063,-0.000770463,0.00339614,-0.00112643
0.226957,0.229789,0.466896,0.462794,-0.000751001,0.00321477,-0.000750956
0.221015,0.22813,0.459288,0.47252,-0.000263308,0.00190675,7.98878e-06
0.218867,0.228422,0.457463,0.468582,-0.000616348,0.00347591,-0.000978018
0.221468,0.230265,0.454143,0.471579,-0.000410899,0.00302987,0.00080605
0.216702,0.230549,0.454484,0.470158,-0.000511292,0.00249502,-0.000208619
0.216033,0.231324,0.45639,0.477131,-0.000103502,0.00217227,0.000369547
0.213903,0.231151,0.454329,0.478911,-0.000509811,0.000227696,0.000483724
0.21633,0.239169,0.451613,0.47126,-0.000984134,0.000389322,0.00127192
0.220969,0.23812,0.451743,0.479669,-0.000656089,0.000259672,-0.00010149
0.219874,0.231802,0.451072,0.474187,-0.00111556,0.00115655,-6.76602e-05
0.22181,0.232039,0.453557,0.474441,-0.00118452,0.00270388,0.000904329
0.218678,0.231355,0.455043,0.470422,-0.000348869,0.00227736,0.000128168
0.216099,0.22974,0.443738,0.461843,-0.00043603,0.00250162,-0.00160998
0.216896,0.229674,0.456238,0.468859,0.000150123,0.00166778,0.000384745
0.216641,0.228468,0.449515,0.462763,0.000744342,0.000399797,1.91377e-05
0.21608,0.229792,0.447998,0.472839,0.00137785,-0.000479437,-0.00120794
0.218549,0.230843,0.444602,0.469291,0.000918565,-0.00177767,-5.93112e-05
0.22091,0.228976,0.440056,0.465286,-3.18836e-05,-0.00189718,-0.00102288
0.227712,0.232789,0.45383,0.47679,-0.000258615,-0.00177341,3.01535e-05
0.227169,0.233263,0.447359,0.469224,-0.00105403,-0.00141963,-0.000454616
0.228079,0.235154,0.449761,0.474816,-0.000702686,-0.000709055,0.000680267
0.231036,0.235857,0.454535,0.467789,-0.000231098,-0.0004727,0.00069087
0.226364,0.236422,0.454229,0.467656,-0.000594875,0.000668213,-0.000997482
0.226617,0.23498,0.457251,0.460888,-0.000396583,-2.92409e-05,-0.00019027
0.228938,0.232217,0.454846,0.460398,0.000176421,-0.000528119,0.00156857
0.230349,0.240091,0.45065,0.461177,0.000558423,-0.00130151,0.000808357
0.233981,0.239022,0.454673,0.456012,0.00101654,-0.00208838,6.4187e-05
0.232311,0.234312,0.453538,0.456684,0.00176276,-0.00139225,4.27913e-05
0.234557,0.232318,0.457502,0.453951,0.00141254,-0.00045345,0.000977963
0.234256,0.227751,0.460032,0.45932,0.00114514,0.000172418,-6.01013e-05
0.232647,0.229008,0.447706,0.45454,0.00140769,0.000623572,-0.000277426
0.234321,0.226436,0.458449,0.457459,0.000735007,0.000890433,-0.000184951
0.236159,0.225342,0.453567,0.455794,-0.000391614,0.000830981,-0.000598019
0.229846,0.226757,0.4481,0.454612,-0.000701885,0.000553987,-0.00138202
0.230082,0.227711,0.454268,0.452712,-0.00111218,0.000369325,-0.000921349
0.230651,0.229579,0.450848,0.447604,-0.00138572,0.000483576,0.000369112
0.225335,0.232914,0.458225,0.459036,-0.00160198,-0.000152334,0.000720792
0.227302,0.230804,0.45118,0.455845,-0.000830627,-0.0010849,0.000243169
0.228818,0.232667,0.450568,0.456886,-0.000553751,-0.000723267,0.000636831
0.235853,0.234608,0.457458,0.450276,0.000715902,-0.00021091,0.000661913
0.23321,0.230594,0.455995,0.45045,0.000680718,-0.000140607,0.000441275
0.235987,0.23276,0.459484,0.447432,0.00133543,-0.000365005,-0.000180534
0.235493,0.231296,0.454404,0.441586,0.00156846,-0.000480696,0.000591721
0.232889,0.233506,0.453657,0.440385,0.000604828,-0.00154117,0.00039448
0.238819,0.23521,0.457462,0.435587,0.00104748,-0.00272287,-0.00119508
0.238887,0.23272,0.461504,0.438369,5.4059e-05,-0.00374802,-0.000796717
0.239571,0.227404,0.462546,0.431208,0.00023949,-0.00395674,0.000214841
0.236517,0.226326,0.459215,0.436454,-0.00028115,-0.00287519,-0.00155219
0.235355,0.227115,0.453687,0.43129,0.000490735,-0.00266278,-0.000322719
0.233418,0.226582,0.458501,0.440548,8.9798e-05,-0.00177519,0.000530839
0.232148,0.227472,0.454409,0.434842,5.98653e-05,-0.000437471,0.000116534
0.228728,0.225964,0.451042,0.439684,0.000921529,-0.000766366,0.000315048
0.228033,0.223121,0.456586,0.436445,-0.000267266,0.000438525,0.00068475
0.230042,0.22685,0.451348,0.437721,0.000262632,0.00029235,0.000693859
0.224056,0.227336,0.461852,0.444247,-0.000469172,0.000940885,0.000462573
0.223791,0.226745,0.45459,0.442697,0.000128028,0.00157669,0.000308382
0.226008,0.230842,0.455071,0.445305,-0.000592816,0.0013224,-3.17711e-05
0.23182,0.232684,0.454306,0.441293,0.000927218,0.00135632,-0.00100452
0.229109,0.229607,0.446953,0.448494,0.000380786,0.00185365,-0.000669683
0.223053,0.225273,0.451092,0.447251,0.000694667,0.00150703,-0.000175188
0.225019,0.225378,0.445922,0.456608,-0.000384599,0.00246275,-0.000625418
0.22534,0.232394,0.441744,0.449444,-0.00137538,0.00187919,9.16807e-05
0.222344,0.230493,0.445532,0.45915,-0.00135773,0.00149015,-0.000210147
0.221745,0.22547,0.447193,0.457193,-0.00154941,0.00268886,0.000605887
0.221128,0.229747,0.441771,0.457097,-0.00235537,0.00202993,0.000641284
0.215258,0.22759,0.449397,0.457973,-0.00133289,0.00233663,0.000664881
0.213451,0.226226,0.442967,0.452917,-6.97271e-06,0.0025411,0.000443254
0.213746,0.222774,0.449519,0.461058,-4.64847e-06,0.0113106,5.81439e-05
0.216462,0.221062,0.443506,0.454457,-3.09898e-06,0.00978006,-0.000944582
0.212991,0.219537,0.435091,0.458233,0.000201385,0.00781831,-0.000358454
0.214948,0.219999,0.44195,0.456705,0.000371615,0.00470242,-0.000747595
0.215067,0.2188,0.4329,0.460251,-0.000430425,0.00346468,-0.000735756
0.214979,0.225755,0.441323,0.466717,-4.9591e-05,0.00181111,-0.000253145
0.212305,0.221579,0.436942,0.457339,0.00081465,-6.51807e-05,0.00105194
0.212543,0.224407,0.43752,0.459904,0.000780459,9.56538e-05,-1.07836e-05
0.220555,0.229008,0.443427,0.452466,0.00116457,0.000642818,0.000704888
0.219182,0.226457,0.44177,0.457402,0.000776377,-0.000442643,0.000707284
0.219247,0.224514,0.447043,0.453213,0.0013992,-0.000473768,-3.19515e-06
0.220068,0.223716,0.447137,0.455328,0.000729352,-3.44718e-05,0.000235229
0.222142,0.222248,0.438846,0.446803,4.54252e-05,1.00297e-05,0.000631537
0.220026,0.223335,0.443948,0.446768,-0.000647885,3.14446e-05,-0.00151176
0.219433,0.222286,0.437088,0.442196,-0.00127963,0.000276891,-0.00100784
0.218014,0.223693,0.433307,0.44139,-0.000649639,-0.000276198,-0.000434532
0.217982,0.223089,0.444937,0.444863,-0.00131471,-0.000444954,-5.23292e-05
0.219233,0.220885,0.438524,0.437318,0.000886764,-0.00100088,-3.48862e-05
0.220868,0.219065,0.445992,0.450996,0.000353817,-0.00018666,0.000485369
0.222122,0.219101,0.439193,0.444471,0.000914046,-0.000120033,0.000323579
0.222251,0.221142,0.439141,0.447938,0.000168555,0.000160641,0.000453078
0.224918,0.221414,0.440715,0.444126,0.000553179,-0.000127786,6.46933e-05
0.224958,0.219659,0.438958,0.447345,0.000572237,0.000425295,0.000755206
0.226173,0.226889,0.441675,0.456343,0.000381491,0.00123436,0.00050347
0.224708,0.222996,0.443579,0.454819,0.000491686,0.000349234,-0.000139071
0.220474,0.226229,0.438381,0.452675,-0.000350377,0.000708325,0.000856722
0.225411,0.225445,0.444238,0.445567,0.000207224,-0.000239272,9.643e-05
0.225859,0.225561,0.439213,0.441891,-6.53009e-05,7.82854e-05,-0.000410431
0.222352,0.224531,0.443578,0.435703,-4.35339e-05,-0.000422197,-0.00125696
0.225616,0.223549,0.442101,0.440092,-0.000910642,-0.000552484,-0.00032935
0.228374,0.228328,0.435264,0.431362,0.000918785,-0.000842854,-0.000965552
0.22875,0.225327,0.444989,0.435746,-0.000269096,-0.000324404,-0.000643701
0.226318,0.22813,0.436708,0.43032,0.000261412,-0.000216165,-0.000429134
0.224768,0.223846,0.442333,0.435457,0.000174275,-0.000856108,0.000697255
0.227342,0.223172,0.444352,0.428786,0.000353542,-0.00277473,0.000227477
0.228584,0.222554,0.445537,0.42371,0.000879955,-0.00425727,-0.000356975
0.228341,0.220729,0.449753,0.429981,0.00167171,-0.00429621,0.00098272
0.232658,0.22025,0.446522,0.431427,0.00175873,-0.00455954,0.000655147
0.230961,0.223552,0.442329,0.423067,0.000324777,-0.00402302,0.000199406
0.235012,0.220548,0.444989,0.421585,0.000419968,-0.00291936,0.00108237
0.232604,0.217238,0.44116,0.419355,-0.00060164,-0.00123415,0.000246864
0.236352,0.220926,0.446031,0.420326,-0.000604544,-0.00106012,-0.000547501
0.231748,0.216954,0.442975,0.42152,-0.000843839,-0.000232021,-0.00060236
0.229866,0.217602,0.435452,0.418104,-0.000562559,0.00035395,-0.000164214
0.232533,0.217905,0.446948,0.420581,-0.000171589,0.000473329,-0.000855461
0.228541,0.222324,0.4402,0.416951,0.000563776,0.0012989,-0.00104503
0.223728,0.222856,0.446314,0.421292,0.000579301,0.00181537,1.53932e-05
0.222661,0.21985,0.433184,0.417221,0.00062356,0.00144761,-0.000227097
0.221558,0.217006,0.42933,0.42596,-0.000262462,0.00242313,0.000594587
0.221239,0.220661,0.429716,0.424753,-0.000819235,0.00161542,0.00110847
0.220648,0.217399,0.422958,0.432491,-0.000342706,0.00158558,0.000976338
0.216365,0.218839,0.420371,0.432011,-0.000872731,0.00298983,0.000176174
0.213803,0.216875,0.427253,0.437473,-0.00102263,0.00297657,0.000354808
0.207542,0.222162,0.428323,0.434749,-0.00112256,0.00269645,-8.20074e-07
0.20398,0.220693,0.426555,0.444789,-0.000748375,0.00254362,-5.46716e-07
0.202031,0.217154,0.425554,0.446203,-5.81073e-05,0.00169575,0.000236994
0.204374,0.220448,0.421894,0.449505,-0.000920357,0.00136786,-0.000316722
0.204209,0.218027,0.428967,0.447509,-0.000817022,0.000674546,-0.000685866
0.206208,0.216381,0.421704,0.442488,-0.000341231,0.00017843,-0.00144059
0.205295,0.21275,0.429951,0.442205,-0.000634388,0.0011023,-0.000723033
0.208204,0.213381,0.422336,0.437516,-0.000219475,0.000972224,-7.30412e-06
0.205591,0.214195,0.421799,0.436518,-0.000349767,0.00115678,0.000266398
0.206498,0.214754,0.422571,0.436563,0.000614532,0.000499916,0.000414958
0.205751,0.214996,0.424273,0.440221,-3.11212e-05,0.000604545,0.000751356
0.205538,0.216055,0.421743,0.437215,0.000860871,-0.000105596,0.000500904
0.206324,0.212979,0.427497,0.438797,0.000370464,-0.000782474,0.000571295
0.202899,0.214394,0.424331,0.436095,-0.000193834,-0.00103028,0.000618222
0.202786,0.212942,0.432127,0.441367,-0.00101084,-0.00092421,0.000412148
0.207906,0.212247,0.425718,0.432204,-0.000877345,-0.00109086,-0.000437311
0.203815,0.210735,0.420079,0.433209,-0.000584896,-0.00120196,-5.4182e-05
0.204149,0.209448,0.426374,0.430785,-0.00062729,-0.00107257,-3.61213e-05
0.205553,0.212865,0.42169,0.426779,2.26162e-05,-0.000206421,0.000213278
0.205781,0.215744,0.420725,0.433923,-0.000425732,0.000337104,-0.00107852
0.208906,0.214661,0.415042,0.427877,0.000597798,-1.26232e-05,-0.00119373
0.211871,0.216761,0.414209,0.424333,0.000398532,-0.000245774,-0.000558461
0.216808,0.217852,0.422673,0.422513,0.000909948,-0.000672476,-0.000372307
0.218836,0.217978,0.420657,0.422501,0.000843991,-0.00116039,-0.000722923
0.215789,0.214326,0.418078,0.421028,0.00164773,-0.00151958,0.000501396
0.216691,0.209953,0.427428,0.424994,0.00198011,-0.00101305,-0.000411721
0.215164,0.220109,0.423263,0.419862,0.00196433,-0.000912728,0.000200237
0.214978,0.215671,0.429393,0.423573,0.000224484,0.000374859,0.00135419
0.214319,0.212932,0.422612,0.422616,0.000149656,0.000249906,0.000902796
0.21306,0.208581,0.432916,0.430787,-0.000781848,0.000641322,0.000601864
0.217574,0.213955,0.428237,0.4286,0.000123028,0.000936174,0.000401243
0.215741,0.214301,0.426958,0.433876,-0.000562241,0.00181091,0.000267495
0.213165,0.212265,0.425079,0.427673,-0.000137469,0.00147854,-0.000296388
0.210662,0.209506,0.426441,0.43358,-0.000973265,0.00122305,-0.00118094
0.2138,0.209816,0.419775,0.42198,-0.000208034,0.000306742,0.000433412
0.216078,0.210834,0.427556,0.427454,-0.000816858,-0.0009823,0.000288942
0.218483,0.208915,0.421451,0.421793,-0.000103762,-0.00140085,-0.00126543
0.216156,0.208753,0.432469,0.435525,0.000168184,-0.00140862,-0.00108098
0.219087,0.213464,0.423404,0.426299,0.000756383,-0.00070172,0.00026269
0.215711,0.21462,0.421111,0.422049,0.00114852,-0.000467814,0.000887203
0.216774,0.212538,0.423123,0.420281,0.000562226,-0.000311876,0.000591469
0.21632,0.211451,0.421805,0.415561,0.000815627,-0.000953902,0.00110639
0.214594,0.212156,0.420143,0.410789,-0.000337868,-0.000635935,0.000500234
0.217255,0.211588,0.423202,0.410899,0.000656374,-0.00283145,-0.000615946
0.216304,0.213231,0.419626,0.40719,-3.2269e-06,-0.00358306,-0.000410631
0.215954,0.216482,0.42781,0.406472,0.000201299,-0.00262606,-0.000511113
0.218178,0.210524,0.421273,0.405522,-0.00115432,-0.00175071,-0.000340742
0.216448,0.20878,0.41507,0.403891,-0.000566096,-0.0120229,-0.00121051
0.216284,0.206827,0.421617,0.404385,-0.000377398,-0.00906964,0.000413699
0.219653,0.208618,0.415732,0.400992,0.000392662,-0.00636252,3.84407e-05
0.211689,0.207549,0.418992,0.402761,0.000261774,-0.00420747,-0.000957717
0.209049,0.204964,0.412503,0.404637,0.00105614,-0.00337273,0.000344866
0.205952,0.204169,0.41248,0.402483,0.00134835,-0.00127557,0.00117935
0.207382,0.204859,0.415176,0.402644,0.00178052,-0.000798865,-0.000163205
0.208227,0.204251,0.416159,0.405023,0.000305394,-0.000671958,0.000128556
0.20708,0.206239,0.415019,0.416442,0.000203596,-7.77907e-05,0.00103514
0.206511,0.203477,0.425294,0.416841,-0.000949339,-0.000130263,0.000452734
0.209361,0.212464,0.413861,0.414823,-0.000836343,0.000329074,6.44638e-05
0.211303,0.212265,0.421923,0.415088,-0.00143918,0.00115863,0.000280335
0.211629,0.208423,0.410374,0.415984,-0.0011629,0.00172269,0.000424249
0.205993,0.205742,0.417795,0.415219,-0.00121608,0.00353115,-0.000191885
0.207232,0.205871,0.418983,0.415484,-0.00036991,0.00403091,-0.00084
0.203237,0.202037,0.417281,0.414167,-0.000924775,0.00294459,0.000389436
0.203035,0.204024,0.414983,0.413938,-0.000819967,0.00218995,-0.000689812
0.202235,0.199936,0.417684,0.415752,-0.000343194,0.00121476,-0.00144322
0.203525,0.199721,0.408806,0.415307,8.56275e-06,0.00151603,-0.000487428
0.199828,0.197896,0.416224,0.418833,-0.000435101,0.000531554,-0.000324952
0.198525,0.20172,0.409172,0.417766,0.000150742,0.000825776,-0.000928712
0.198291,0.198681,0.418397,0.427231,0.000303945,0.00102275,0.00107628
0.19972,0.198359,0.409796,0.419461,-8.20328e-07,0.000442613,0.00166696
0.200113,0.1981,0.408791,0.421295,-5.46885e-07,0.000531037,-0.00031285
0.202171,0.199685,0.406517,0.420215,0.000440445,-0.000121741,0.00050351
0.20177,0.200647,0.40715,0.428404,-0.000384538,-0.000319305,0.00104775
0.207538,0.20357,0.411982,0.423052,0.000421809,-0.000688177,-1.35766e-05
0.205021,0.201346,0.415981,0.425977,4.38473e-05,-0.000730494,0.000228308
0.204459,0.205807,0.406402,0.420797,0.000470041,2.12986e-05,-8.51537e-05
0.211577,0.204062,0.414124,0.426253,0.00010991,-0.000732035,-0.000531487
0.207699,0.205159,0.408255,0.413787,-0.000604895,-0.000725569,-0.00110031
0.205472,0.201474,0.413704,0.421757,3.75462e-05,-0.0014672,-0.000496181
0.206013,0.202297,0.4151,0.42042,0.00046584,-0.00145295,0.000177839
0.205513,0.204222,0.414343,0.424975,0.00119218,-0.000968714,-0.000627426
0.207415,0.201243,0.413678,0.413675,0.000557427,-0.00112059,0.000327701
0.206893,0.200804,0.411098,0.415313,0.00104979,-0.000272384,0.000455826
0.204117,0.201972,0.405337,0.408234,2.16892e-05,5.57364e-05,0.000778602
0.203775,0.202735,0.415852,0.413673,1.44595e-05,-0.000200226,4.43502e-05
0.207485,0.205853,0.408065,0.407692,9.63967e-06,0.000103856,0.000504285
0.209344,0.203796,0.415674,0.422444,0.000447236,-0.000642853,0.000573549
0.212041,0.204571,0.408041,0.414334,0.000976326,4.61384e-05,-0.00056707
0.20675,0.210432,0.406364,0.418758,0.000413525,0.000505469,-0.000615406
0.212822,0.209666,0.408961,0.41106,0.00136075,9.96145e-05,-0.00041027
0.208371,0.205776,0.406394,0.416508,0.00114453,0.000303764,0.000201204
0.209931,0.20595,0.407051,0.423042,0.000322209,0.000473773,-0.000849208
0.209475,0.20061,0.411851,0.422333,-0.000429454,0.00150264,-0.000803498
0.209163,0.207347,0.407375,0.414759,-8.28522e-05,0.00127303,0.00021032
0.212075,0.201842,0.411893,0.418373,-0.000258685,0.000848683,-0.000368413
0.210961,0.201908,0.401856,0.412507,-0.000850625,0.00104051,0.000263018
0.210314,0.201624,0.411484,0.41656,-0.000770534,0.000693669,0.000650063
0.207181,0.202998,0.409278,0.405589,-0.000310239,-0.00028354,0.000908093
0.20406,0.204656,0.411241,0.405363,-0.000206826,-0.000189027,0.000605395
0.207537,0.205581,0.408332,0.400418,0.000540284,-0.000600736,0.000403597
0.210027,0.20319,0.410048,0.405492,0.00056364,-0.000875209,0.000269065
0.210772,0.205201,0.403147,0.395492,0.00102002,-0.000583473,-0.0005327
0.208777,0.206009,0.408425,0.397695,0.000680013,-0.000626341,-0.000117775
0.209281,0.205841,0.401912,0.388785,0.000453342,-0.00163826,-0.00106186
0.207378,0.204495,0.407653,0.399111,0.000302228,-0.00132953,-0.000707907
0.210669,0.20559,0.406362,0.391142,0.000201485,-0.0018697,-0.000471938
0.205116,0.204526,0.404144,0.390908,-6.91269e-05,-0.00317925,-0.000314625
0.209844,0.203367,0.403715,0.384995,-4.60846e-05,-0.0033402,2.76087e-05
0.208111,0.203347,0.403824,0.386983,-0.000471533,-0.00246416,0.000527032
0.206925,0.207235,0.40436,0.380882,-0.000958615,-0.00310084,0.000588714
0.204318,0.202269,0.410994,0.386522,-0.000639077,-0.00305057,0.000867194
0.204186,0.20269,0.401836,0.381114,-0.000222601,-0.00274579,0.00034077
0.203311,0.196139,0.407947,0.382729,-0.00103002,-0.00111845,0.00022718
0.20227,0.196916,0.397356,0.377308,0.000194939,-0.000982992,0.000626171
0.197261,0.195817,0.398304,0.376729,0.00012996,0.00127745,0.000654806
0.198935,0.193628,0.396319,0.383022,0.0007309,0.00108899,-0.000512898
0.193234,0.190889,0.399026,0.383732,-0.000597803,0.00170934,-0.00081665
0.194898,0.196143,0.400502,0.38662,0.00112734,0.000902201,-0.00105306
0.188551,0.195222,0.391607,0.385182,-0.000774317,0.000838826,-0.000464681
0.188897,0.195537,0.384183,0.390477,0.000568858,8.44997e-05,-0.000784505
0.189102,0.193581,0.393943,0.389221,-0.00070583,0.0015144,-4.82855e-05
0.19066,0.199258,0.385605,0.393587,-0.000911363,0.00219639,0.000713795
0.185872,0.194975,0.390577,0.398346,-0.00101448,0.00221025,-0.00074484
0.187161,0.196994,0.389452,0.404063,-0.000676318,0.0026942,0.000961502
0.186379,0.200044,0.381588,0.397573,-0.000891688,0.00420363,0.00111572
0.185735,0.202017,0.384887,0.398811,-0.00103527,0.00354841,0.000743813
0.18438,0.201038,0.378461,0.394207,-0.000249369,0.00260296,-0.000962187
0.185225,0.197518,0.379553,0.400282,0.000478014,0.00102323,0.000816604
0.18626,0.195629,0.380024,0.397814,0.000115225,0.000682155,0.000307044
0.185568,0.194942,0.377609,0.398608,7.68169e-05,0.00045477,-0.000270022
0.18588,0.195888,0.380512,0.39288,-0.000186148,0.000540539,5.73443e-05
0.185488,0.193878,0.380022,0.397267,0.00011326,0.000360359,3.82295e-05
0.183661,0.19431,0.381479,0.389167,-0.000602661,0.000240239,-0.00119522
0.181705,0.191385,0.389579,0.393134,-0.000164415,-7.71993e-05,-0.000559452
0.183867,0.194827,0.382662,0.387774,-0.000787779,0.000185893,-0.000610327
0.181093,0.193859,0.390971,0.395745,-0.000287827,-0.00011343,-0.000406885
0.187962,0.191021,0.384661,0.393383,0.000689734,0.000399098,-3.38975e-05
0.188693,0.192486,0.383257,0.389653,0.000663273,2.87061e-05,0.00167282
0.190052,0.194017,0.384329,0.387755,0.000645633,-0.000218222,-0.00105492
0.189455,0.192552,0.382605,0.386906,0.000430422,-0.000891466,-0.000465924
0.187049,0.194251,0.382026,0.392663,0.000727757,-0.00157766,0.00043537
0.191549,0.192487,0.385483,0.392272,-0.000803348,-0.00105177,0.00100232
0.19083,0.193699,0.374942,0.390845,0.000108694,-0.00141326,0.000430857
0.195308,0.195601,0.379632,0.386686,-0.00101261,-0.00141689,0.000524597
0.192742,0.198043,0.374173,0.385093,-0.000234262,-0.000469875,0.000824449
0.193087,0.193579,0.377675,0.386529,-0.000834343,0.000161468,-0.000162444
0.190515,0.192587,0.381707,0.38494,0.00096965,-0.00084179,0.000366422
0.193725,0.195134,0.376918,0.378384,-0.000201277,0.000150883,-0.000230437
0.195358,0.193989,0.379979,0.376772,0.00139169,-0.00013677,-0.000153624
0.194021,0.195191,0.376043,0.376789,0.000249628,-0.000328539,-0.00108576
0.193228,0.191299,0.376485,0.378588,0.00192966,-0.000219026,-0.000961199
0.194444,0.194179,0.378001,0.379159,0.000201368,-0.000146017,-0.000403441
0.190393,0.195838,0.376777,0.381013,0.00230438,-0.00084333,2.30698e-06
0.190955,0.197643,0.376643,0.384037,0.00133281,-0.000799579,0.000476256
0.190257,0.195396,0.380309,0.385143,0.000447728,0.000450291,-0.000157214
0.189319,0.191438,0.373,0.374171,-0.00127037,0.000595728,0.000563084
0.187378,0.193077,0.369229,0.377687,-0.000609558,0.000159793,0.000138031
0.19164,0.19183,0.372571,0.377567,-0.00149144,0.00132723,0.000329379
0.190855,0.193978,0.376627,0.37917,9.07753e-05,0.000376195,0.000219586
0.187267,0.198068,0.375679,0.380909,-0.00126191,0.000759423,-0.00107431
0.189877,0.1974,0.379382,0.379776,0.00156622,-2.34439e-06,-0.000444941
0.190752,0.193637,0.372071,0.377605,-0.000719089,0.000981781,-0.000567895
0.189787,0.193446,0.37867,0.379808,0.00172465,-0.00127826,-0.000853314
0.188194,0.192135,0.379168,0.377587,-0.00105428,-0.000377455,-9.41583e-05
0.185725,0.194586,0.375948,0.3771,0.000619577,-0.000488996,0.00115793
0.185052,0.194333,0.372272,0.371248,-0.000468568,-8.86381e-05,-0.000177482
0.185212,0.193639,0.376447,0.374254,0.00056924,-5.9092e-05,0.000593756
0.183632,0.193361,0.371901,0.372304,-0.000502125,-0.000514113,0.000870555
0.187331,0.190725,0.371178,0.36867,0.000106059,-0.00108873,0.000817729
0.188075,0.187073,0.367223,0.363948,7.07062e-05,-0.00120054,7.04347e-05
0.187502,0.183623,0.372236,0.368559,-0.000393672,-0.000562998,0.000284315
0.188183,0.183851,0.375227,0.368244,-2.50891e-05,-0.00108741,-0.000522533
0.187245,0.187131,0.370276,0.363102,-0.000898345,-0.00123357,-0.00204378
0.184035,0.188868,0.378906,0.363302,0.000282722,-0.0025178,9.55444e-05
0.183771,0.188185,0.370507,0.36076,-0.00113395,-0.00167853,-0.000682289
0.185946,0.18896,0.375756,0.36141,0.000769914,-0.0018311,-0.000454859
0.185712,0.18553,0.376307,0.36052,-0.000775244,-0.000746014,0.000205387
0.184762,0.187836,0.376524,0.360726,0.00056824,-0.00120942,0.000849001
0.190757,0.18636,0.376958,0.357529,0.000141468,-0.00107755,0.00080336
0.189948,0.187717,0.3718,0.360276,0.000331671,-0.00143044,0.000298214
0.189202,0.185458,0.365494,0.361134,0.000424564,-0.000953628,0.00019881
0.186469,0.183782,0.368453,0.358782,0.000520402,-0.000635752,0.000844617
0.185082,0.185635,0.365645,0.363936,0.000753836,0.00055951,-0.000386358
0.181637,0.182111,0.368326,0.363625,-0.000582512,0.000847724,-0.00073229
0.182841,0.179179,0.374116,0.367658,0.00113754,0.00056515,-0.000759461
0.178381,0.181709,0.367158,0.362551,-0.00120833,0.00136011,-0.000981025
0.177997,0.183639,0.375782,0.362634,0.000313424,0.000635473,-0.000891376
0.175906,0.184899,0.369898,0.360082,-0.000672669,0.00164435,0.00110117
0.178487,0.181532,0.372848,0.369546,-0.000244996,0.00157095,0.000734114
0.181314,0.184244,0.37247,0.371618,-0.00080759,0.00179329,-0.000222668
0.181564,0.178906,0.365784,0.369264,-0.000741844,0.00167024,0.000800991
0.181094,0.179192,0.365313,0.372984,0.000353148,0.00162212,0.000771353
0.178766,0.179174,0.362602,0.369708,-0.0014939,0.00301419,-0.000435201
0.176474,0.181132,0.364819,0.378078,8.91377e-05,0.00200946,0.000421943
0.179079,0.180321,0.365622,0.373938,-0.000584835,0.00133964,0.000281295
0.175066,0.18213,0.366774,0.37055,0.00133944,0.000655736,-0.00103317
0.175982,0.184406,0.366776,0.36729,-0.00019211,0.00114923,-0.0011635
0.174097,0.182069,0.368254,0.368316,0.000312736,0.000291438,-0.000775667
0.176357,0.18303,0.35925,0.373128,-0.000876579,0.00066901,-4.23931e-05
0.175358,0.181257,0.365397,0.367445,-0.000584386,0.000954633,-0.000740339
0.175412,0.180655,0.358974,0.370069,5.1219e-05,0.000365155,0.00143922
0.177131,0.176297,0.360705,0.368155,-0.00108483,0.00122678,0.000247404
0.176546,0.175257,0.362076,0.370896,-4.50528e-05,0.00156384,0.000402295
0.177692,0.176346,0.35482,0.365981,-0.000708204,0.000533933,0.000505555
0.179666,0.178884,0.36182,0.368864,0.00149455,-0.000864748,0.000574396
0.177805,0.180538,0.357486,0.364694,0.000352108,-0.000305231,0.000145572
0.18042,0.176063,0.359646,0.374141,0.00220143,-0.00142419,0.00108039
0.177827,0.173674,0.359293,0.369931,0.00146762,-0.000712101,-0.000263083
0.179922,0.178786,0.355279,0.36885,0.00118186,-0.00145808,-0.000887465
0.180868,0.178956,0.355672,0.365641,0.00166953,-0.00144677,-0.000116926
0.181158,0.176267,0.352345,0.361596,-0.00020941,-0.000964513,-0.000823936
0.18046,0.1803,0.356237,0.360561,0.000301203,-0.000880368,-0.00126137
0.179728,0.180726,0.360202,0.360263,-0.0026136,0.000633791,-0.000128835
0.180221,0.181863,0.355968,0.360245,-1.30686e-05,-0.000560817,0.000185378
0.179586,0.177497,0.359155,0.356252,-0.000890331,-0.000611237,0.000598303
0.183375,0.174244,0.359395,0.361032,0.000728874,-0.000916117,0.000636228
0.182654,0.176377,0.35408,0.358142,-0.000158344,-0.000848104,0.000661511
0.187894,0.175054,0.355628,0.357811,0.000742148,-0.000328044,0.000678366
0.18475,0.176546,0.351942,0.359348,0.000935575,0.000289931,-2.24739e-05
0.184096,0.177592,0.351394,0.363148,0.000182907,-0.000315339,-0.000998327
0.185005,0.181008,0.355951,0.367055,0.00168173,-0.000684944,-0.00090291
0.183554,0.182208,0.349263,0.359415,-0.000642088,0.000764074,-0.000364581
0.18356,0.182306,0.353869,0.353835,0.00174208,3.46646e-05,-0.000717772
0.184114,0.181109,0.346478,0.354579,7.63175e-05,0.0012099,-0.000241156
0.181792,0.176937,0.346162,0.357784,0.000491688,0.000806603,0.000822574
0.178504,0.174507,0.349906,0.360885,-0.00119809,0.000300376,7.36646e-05
0.179348,0.179457,0.348131,0.358303,-0.00100218,0.000946236,0.000761187
0.185705,0.179858,0.353821,0.361497,-0.000464666,0.000393465,0.000982176
0.185617,0.176336,0.353499,0.358033,-0.00139485,0.00026231,0.000180066
0.180475,0.17729,0.355048,0.35714,0.000155171,-0.000333753,-0.000117315
0.181112,0.179125,0.353611,0.357864,-0.00121898,1.4857e-05,0.000633867
0.182209,0.178214,0.34822,0.354421,0.00115403,-0.000227454,-0.00103548
0.180741,0.175781,0.349764,0.352623,0.000125096,8.57228e-05,-0.00116504
0.17699,0.174523,0.34677,0.351097,0.00184664,5.71485e-05,-3.07085e-05
0.172309,0.175063,0.34529,0.350271,0.000349471,-0.000436619,-2.04724e-05
0.172738,0.174259,0.341376,0.348403,-0.000207829,0.000183639,-0.000759633
0.169689,0.172876,0.344841,0.346094,0.000302257,-0.000352292,0.000476922
0.171622,0.17496,0.342749,0.348822,-0.000680114,-0.000234861,0.000792666
0.170234,0.172847,0.340921,0.343633,-1.26e-05,-0.000631292,0.000528444
0.170642,0.173556,0.339548,0.341495,-0.00065266,-0.000183502,-0.000122422
0.173983,0.175731,0.341798,0.335585,-2.82056e-05,-0.000597053,0.000155744
0.176252,0.175281,0.34182,0.335199,0.000218555,-0.000906662,0.000815906
0.177184,0.172009,0.337793,0.344289,-0.000939366,-0.000367082,-0.000405498
0.173249,0.170882,0.340289,0.34109,-0.000422793,-0.00119416,-0.000507691
0.17472,0.172443,0.338118,0.336288,-0.000926122,-0.00177945,-0.000338461
0.171645,0.169178,0.341575,0.332659,-0.000413964,-0.002407,-0.000734267
0.171628,0.172207,0.345605,0.3354,-3.86173e-05,-0.0025541,-0.000964229
0.171622,0.168879,0.34658,0.332597,-0.000263104,-0.00268608,-0.000168101
0.170732,0.165546,0.350188,0.332913,0.000909667,-0.00202808,0.000871277
0.171353,0.165869,0.345702,0.330927,-0.000478625,-0.000877335,-0.000402493
0.167919,0.166527,0.343649,0.332133,-0.000202548,0.000116805,-0.000289235
0.164921,0.164314,0.339396,0.328378,-0.000372391,0.000823855,0.000756613
0.16509,0.167899,0.341408,0.334947,0.000633358,0.000786596,-0.000207668
0.162842,0.165834,0.339747,0.336063,-1.85705e-05,0.00123647,-0.00135915
0.162492,0.164674,0.336955,0.337002,0.00107269,0.00180766,7.7245e-05
0.168356,0.166968,0.339671,0.338007,0.000511676,0.00144247,0.000763574
0.166106,0.169261,0.33661,0.334002,0.000103758,0.00143636,-0.000440387
0.165982,0.167885,0.342461,0.331157,0.000950791,0.00122884,-0.000564859
0.166097,0.168276,0.338516,0.337412,-0.000451209,0.000547961,-0.000105305
0.16349,0.168,0.333796,0.335144,-9.73553e-05,0.000636574,-7.02033e-05
0.162464,0.168112,0.335602,0.338129,-0.000471805,0.00161118,-4.68022e-05
0.163419,0.16451,0.3334,0.331439,-0.000755346,0.00107412,0.00139295
0.163406,0.166927,0.337412,0.332289,-0.000503564,0.00193678,0.000453917
0.162487,0.165943,0.336615,0.335007,-0.00101388,0.00227453,6.52523e-05
0.160562,0.166399,0.333295,0.332102,2.24995e-06,0.00175371,4.35015e-05
0.159789,0.166324,0.332651,0.344138,-0.000439309,0.000694425,0.000503719
0.162011,0.165921,0.335887,0.338687,-0.000530232,0.000225591,9.84537e-05
0.163389,0.165183,0.33153,0.334094,-0.000116129,0.000387753,-0.000409082
0.163356,0.1634,0.329772,0.33454,-0.000518229,-0.000250124,-0.000747439
0.16202,0.163863,0.32819,0.333074,9.53236e-05,0.000579236,-0.00100692
0.162988,0.16182,0.325596,0.34197,-0.00081807,0.00950589,-0.000908638
0.167219,0.161353,0.328976,0.33555,-0.000308021,0.00759173,0.000140226
0.168372,0.159191,0.325417,0.333644,0.000438913,0.00588333,0.000805561
0.167316,0.159593,0.323592,0.330695,0.000496059,0.00436083,0.000537041
0.16645,0.161049,0.326613,0.329167,0.000568065,0.00299882,0.000832745
0.165968,0.163541,0.325575,0.332191,-6.20995e-05,0.00200858,0.000555163
0.165783,0.16392,0.322407,0.324527,0.00124712,0.00128673,-0.000341968
0.166837,0.164744,0.322279,0.327677,0.000831414,0.000250617,-0.000702697
0.162631,0.161423,0.32377,0.325914,-0.000293435,0.000779789,0.00071833
0.161013,0.161589,0.327199,0.323741,0.000652087,-0.000148062,-0.000707908
0.162715,0.164269,0.320471,0.32926,2.78238e-05,-0.000514878,-0.00121792
0.163623,0.164402,0.321586,0.323931,1.85492e-05,-0.0005367,-6.59639e-05
0.161513,0.165068,0.319266,0.328119,-0.000224993,-0.000596134,-0.000789961
0.16242,0.165061,0.318289,0.323898,-0.000353446,0.000373262,-5.19229e-05
0.158201,0.163505,0.320231,0.323809,-0.000472989,0.000504725,0.00071137
0.161376,0.162781,0.316806,0.327714,-0.000315326,-0.0003617,0.000948965
0.164532,0.163478,0.316942,0.323898,-0.000651027,-0.00121406,0.000395284
0.16484,0.164614,0.321679,0.327096,0.000447601,-0.00127627,0.000263523
0.161741,0.163618,0.31975,0.333143,9.49501e-05,-0.000607629,0.000413041
0.161405,0.160103,0.318492,0.331407,0.00135182,-0.00138403,-0.000674075
0.159811,0.164889,0.315387,0.327922,0.000460404,-0.000919392,-0.000212025
0.161475,0.163418,0.315825,0.318971,0.000747745,-0.000373097,-0.00014135
0.159256,0.164752,0.317689,0.321889,0.00138012,-0.000484235,-0.000602859
0.156169,0.164393,0.315338,0.317963,3.84583e-05,0.00089927,-0.000401906
0.154548,0.165122,0.315396,0.318818,0.000262998,0.000600557,-0.000267938
0.154926,0.17133,0.313175,0.317691,-0.000502837,0.000638513,0.0015168
0.155336,0.171155,0.314249,0.313863,-9.78654e-05,0.000663621,0.000536479
0.154042,0.167099,0.315852,0.311,0.000138207,-0.000269223,0.000120294
0.156409,0.16551,0.308776,0.313918,-0.000552122,0.000532925,0.000554914
0.159101,0.162973,0.308601,0.312884,-0.000164631,0.000355531,-0.000104775
0.155144,0.161226,0.30585,0.317944,-0.000516655,0.000983192,-0.00129055
0.160355,0.160681,0.306801,0.314429,-0.00122606,0.000892959,-0.000860369
0.156521,0.162865,0.30823,0.313938,-0.00017311,0.000120693,-0.000810938
0.156665,0.165229,0.305629,0.311291,0.000121952,0.000792617,-6.59076e-05
0.153762,0.16522,0.302127,0.3129,0.000284752,-0.000183607,-0.000281297
0.152799,0.160693,0.307512,0.316622,0.000393285,-0.000630987,0.00103317
0.154803,0.160739,0.306266,0.322351,0.00026219,-0.000420625,0.000688781
0.154304,0.159136,0.3078,0.318867,0.00149722,-0.00075511,-1.55305e-05
0.152625,0.159733,0.306242,0.32111,0.000794697,0.000208689,0.00117644
0.151843,0.1593,0.304781,0.316292,-0.000351821,0.000410407,-0.000402501
0.15199,0.160259,0.306924,0.317451,-0.000675357,-0.000235011,0.000443743
0.150984,0.160704,0.304411,0.312026,-0.00133186,0.00035196,-0.000653607
0.150501,0.158012,0.305658,0.308415,-0.000650545,-3.66214e-05,-0.000707005
0.147626,0.16151,0.303915,0.311671,-0.00131532,0.000484216,3.72894e-05
0.149423,0.15949,0.302262,0.30634,-0.00152114,-0.000897889,-0.000721126
0.14961,0.159881,0.303684,0.303493,0.000511787,-0.000835949,0.000502594
0.15018,0.160452,0.304116,0.304158,0.000103833,-0.000319939,9.77036e-05
0.153291,0.15628,0.303034,0.298981,0.000510031,-0.000688009,0.00101457
0.152983,0.155619,0.303546,0.301113,-0.000100789,-0.00120466,0.00091374
0.153637,0.150872,0.30327,0.304573,0.000170167,-0.000803104,0.000134442
0.15408,0.15114,0.304275,0.30342,0.000316895,-0.000772761,-0.000622449
0.156559,0.148695,0.304621,0.302339,0.000211263,-0.000989891,5.9752e-05
0.158625,0.148859,0.303871,0.300801,-0.000299967,-0.000659927,0.000277194
0.158631,0.149464,0.304444,0.298781,0.00047819,3.47666e-05,-0.00076464
0.160213,0.148221,0.310118,0.30051,-0.00100363,2.3178e-05,-0.00050976
0.158579,0.14883,0.308559,0.298855,-0.00066909,-0.000696625,-0.000611107
0.154734,0.151711,0.308611,0.296884,-0.000242609,-0.000464416,-0.000407405
0.157257,0.154158,0.304541,0.296111,-0.00036519,-0.000580878,-0.000746321
0.159139,0.15388,0.307529,0.29159,0.000197349,-0.000115985,0.000723156
0.156767,0.152666,0.314856,0.296094,0.000572376,-0.000823308,0.000719463
0.155518,0.149493,0.308476,0.292331,0.000822393,0.000434472,4.92394e-06
0.151907,0.149283,0.304351,0.29308,0.00119252,-0.000218978,0.000478001
0.149057,0.147907,0.311037,0.294106,0.00123582,0.000125282,0.00130201
0.150338,0.149209,0.307021,0.292001,0.000823883,8.35213e-05,-0.000115337
0.15061,0.150169,0.306896,0.295854,0.000311896,0.000767758,0.000397827
0.145788,0.15097,0.307677,0.300516,-0.000436329,0.000986556,-0.000921577
0.14427,0.151906,0.305881,0.298431,0.000149923,0.000895063,-0.000885652
0.143199,0.149233,0.311788,0.303711,-0.000340861,0.00035935,-0.000590435
0.148893,0.148859,0.311415,0.304394,-0.000430691,0.000748193,-0.000630982
0.148082,0.144515,0.306981,0.301139,0.000357133,0.000227528,-0.00113273
0.151606,0.148625,0.307172,0.302776,0.000238088,0.000151685,0.000465549
0.153004,0.145495,0.305409,0.29896,0.000362176,0.00108447,0.0012598
0.148181,0.143766,0.308821,0.298561,0.000241451,0.000960337,0.000839868
0.149799,0.145264,0.305304,0.30118,0.000601777,0.000877584,8.51939e-05
0.146748,0.14717,0.301748,0.295477,-0.000683885,0.00255174,0.000531514
0.153051,0.145577,0.302036,0.297432,0.000188337,0.0014638,0.000591702
0.149907,0.143702,0.299506,0.299902,-0.000518702,0.000975869,0.000157109
0.14673,0.146756,0.298086,0.298513,9.5008e-05,0.00065058,-0.000844697
0.144673,0.145093,0.297701,0.300934,-0.00017402,-0.000312266,-0.000563131
0.144127,0.146121,0.294256,0.298767,-0.000319464,-0.000445536,-0.000884047
0.141621,0.144852,0.295644,0.2981,0.000431284,0.000177694,-0.00106408
0.14525,0.147794,0.293639,0.29765,-0.000153287,0.000118463,0.000748674
0.14175,0.143487,0.288931,0.290986,-0.000305642,7.89751e-05,0.00121119
0.141105,0.145498,0.289171,0.29304,0.000881308,-0.000184709,9.53849e-05
0.140942,0.14698,0.289916,0.298007,-0.000497531,-0.000360498,0.000538308
0.140742,0.14831,0.291458,0.299747,-0.000128237,0.000743012,0.000596231
0.140029,0.147022,0.29136,0.294353,0.000592677,0.000224074,-7.72307e-05
0.140659,0.143058,0.289748,0.294481,-0.000689951,-8.79763e-05,-0.000288846
0.146062,0.141538,0.285616,0.293607,0.000184293,-0.00029601,4.47949e-05
0.146331,0.143262,0.288987,0.29105,-0.000114497,-0.000672058,-0.00119084
0.143361,0.141633,0.290362,0.292216,-0.000924042,-0.000685397,-0.00103125
0.144053,0.138996,0.28629,0.292676,2.8232e-05,0.000255145,0.000533202
0.145271,0.143096,0.28565,0.288653,0.000459631,-0.00105061,-0.00011925
0.14161,0.142415,0.285084,0.287661,6.90616e-05,-0.000937763,0.000869936
0.143203,0.142406,0.278588,0.289941,0.00116502,-0.000150458,0.00105468
0.144685,0.139463,0.28415,0.291794,0.00121749,-0.000100305,0.000703117
0.140694,0.139029,0.286083,0.28829,0.0005743,-6.687e-05,-0.000480691
0.138535,0.136942,0.28694,0.287613,0.00102713,-0.000281939,0.000900242
0.14261,0.134807,0.288365,0.289876,-0.000400318,4.93996e-05,-0.000857901
0.141908,0.136647,0.285738,0.290296,-0.00135195,0.0003042,-0.00155528
0.139353,0.134452,0.278299,0.289076,-0.000257039,-0.000543185,-0.00103685
0.142246,0.132819,0.280595,0.291742,-0.00145988,-0.000836841,0.000529469
0.14309,0.133371,0.281538,0.287879,-0.000328993,0.000154183,-0.000867724
0.145495,0.131459,0.281864,0.289689,0.000221481,-0.00013457,0.00111694
0.146179,0.135254,0.279885,0.292399,-0.000733965,-0.000327073,0.00121934
0.143751,0.135134,0.276285,0.287939,0.000833118,1.93105e-05,0.000338178
0.144786,0.135161,0.276837,0.287462,0.000996222,-0.000461844,0.000225452
0.146165,0.136045,0.282641,0.287336,0.000426789,0.000166822,-8.70577e-05
0.148567,0.137862,0.279153,0.282287,0.000521885,0.000348573,-5.80385e-05
0.147803,0.138734,0.281495,0.278188,0.000110564,0.000232382,0.000673384
0.143924,0.141304,0.2746,0.281418,-0.000129741,0.000663548,-0.0012465
0.141245,0.140853,0.272579,0.276581,0.000116957,0.000442365,-0.000830999
0.143861,0.139896,0.274963,0.276148,7.7971e-05,-0.000213716,-4.53728e-05
0.142328,0.138182,0.269567,0.27595,-0.00123654,0.00107823,-0.000776234
0.140086,0.141279,0.269938,0.270884,0.00046416,6.7403e-06,-0.000517489
0.140288,0.138552,0.279098,0.268314,-0.000131369,4.49354e-06,0.00087571
0.138383,0.138334,0.274814,0.273992,-0.000731839,0.000952431,-0.00012827
0.136464,0.139666,0.272531,0.272688,0.000597176,0.000397595,0.00110128
0.136002,0.13543,0.270949,0.273325,-0.000246142,-0.000447013,0.000496829
0.136358,0.13558,0.268758,0.272744,-0.000164095,0.000176709,0.000331219
0.136155,0.135576,0.268247,0.269882,0.000331413,-0.000356912,0.000458172
0.136665,0.133166,0.271138,0.273014,0.000220942,-5.82292e-07,-0.00016927
0.133898,0.134249,0.270461,0.277055,0.000147295,0.000711689,-0.000350206
0.132041,0.137547,0.262142,0.272352,0.000539006,-0.000746244,-0.00121681
0.133768,0.134002,0.261901,0.273599,0.000121978,-0.000734855,-0.000573851
0.134172,0.133449,0.263357,0.272461,-0.000562941,-0.000489903,-0.00109464
0.13063,0.139244,0.266058,0.267358,-0.000375294,-0.000326602,0.00049094
0.133684,0.135582,0.266125,0.265964,-4.67455e-05,-0.000217735,0.00127673
0.13519,0.13497,0.260154,0.267193,-0.000878874,9.22024e-05,0.000376435
0.135865,0.131949,0.259722,0.265053,0.000261794,-0.000650609,0.0012343
0.134461,0.131723,0.260595,0.268044,0.000411889,4.09788e-05,0.000314241
0.134912,0.129912,0.257682,0.269925,3.72334e-05,0.000773304,-0.000739942
0.129224,0.130947,0.260149,0.265867,2.48223e-05,0.000278177,0.000964768
0.127659,0.129283,0.261866,0.260293,1.65482e-05,0.000422811,-0.000814884
0.128398,0.131722,0.262899,0.268982,-0.000633228,0.000281874,-0.00128924
0.13273,0.133812,0.263004,0.26401,-0.000625602,-0.000558069,-0.000113509
0.132805,0.133039,0.259937,0.260631,0.000430642,-0.000609405,-0.000584299
0.134755,0.134862,0.264346,0.259568,-0.000357165,6.84477e-05,0.000593812
0.131826,0.133778,0.262952,0.255745,-0.00023811,4.56318e-05,0.000870592
0.130299,0.135624,0.261756,0.25188,0.000722879,-0.000206938,0.000343036
0.13159,0.13467,0.264112,0.255564,-0.0003997,-0.000137958,0.000228691
0.130912,0.135158,0.256678,0.253837,-6.30159e-05,-0.000804049,0.00015246
0.133146,0.13379,0.257117,0.254301,0.000398799,-0.00128202,-0.000610437
0.132054,0.134042,0.259964,0.260281,-0.000174944,-0.00061732,-0.00115294
0.131246,0.130852,0.261763,0.257811,-0.00032008,-0.000648905,-0.00053127
0.130338,0.128743,0.262618,0.252635,0.000871683,-0.000432604,-0.000591539
0.1315,0.128664,0.265086,0.254862,0.000140313,-0.000525761,0.000826344
0.129292,0.127245,0.26043,0.250362,-0.000347268,-0.000350508,0.000788255
0.129102,0.124212,0.258137,0.248925,5.84711e-06,0.000241046,0.00100022
0.12814,0.125073,0.256346,0.249051,3.89808e-06,-0.000788738,-4.52627e-05
0.129185,0.125266,0.255703,0.250207,-0.000641661,-0.000288467,-3.01751e-05
0.126963,0.12676,0.255759,0.24652,-2.08731e-05,-0.000192311,0.000217242
0.12759,0.127801,0.261301,0.249952,-1.39154e-05,-0.000128207,-0.00032989
0.128244,0.123756,0.259324,0.254684,-0.000212727,0.000389246,-0.000965912
0.126557,0.124163,0.252195,0.250698,0.000502442,-0.00021522,-0.000643941
0.127811,0.12329,0.254198,0.247763,0.00101313,-0.00014348,0.00126613
0.128936,0.123352,0.259074,0.251711,0.00023461,0.000887691,-0.000851336
0.127248,0.127742,0.259788,0.250049,0.000597216,0.000591794,0.000415787
0.128786,0.125733,0.260937,0.247624,0.000398144,-0.000588815,0.000989268
0.126514,0.128797,0.253929,0.250278,-0.00017538,0.000590801,-5.25649e-05
0.128596,0.128473,0.256125,0.246957,8.65305e-05,-0.000114759,0.000439675
0.131249,0.128213,0.253808,0.243675,0.000498496,-7.6506e-05,5.57575e-05
0.130939,0.126461,0.255637,0.242686,-0.000549288,0.000694981,0.000274531
0.125827,0.124415,0.25512,0.244118,-0.000366192,0.00070068,0.00018302
0.126519,0.123679,0.255882,0.244968,0.00043404,0.00046712,-0.000115345
0.125597,0.121749,0.257222,0.243711,5.20013e-05,7.40543e-05,-0.00102633
0.123785,0.120107,0.250337,0.246723,-0.000406142,0.000286728,-0.00143021
0.123037,0.118896,0.24383,0.244364,0.000407407,-0.000283566,0.000267232
0.124577,0.11744,0.247035,0.243732,-0.000169205,0.000760392,-0.000567831
0.122724,0.118219,0.245138,0.242965,-0.000553613,0.000269569,0.00060479
0.122015,0.120308,0.243671,0.250379,7.17344e-05,0.000417072,0.000877911
0.120781,0.121697,0.241582,0.249384,4.78229e-05,4.06888e-05,0.00133126
0.119873,0.122227,0.240119,0.245062,-0.000646286,2.71259e-05,-9.58378e-05
0.120295,0.123049,0.23889,0.24608,9.95183e-06,1.80839e-05,-0.00053861
0.117401,0.124857,0.237807,0.244643,6.63455e-06,1.2056e-05,-0.000121714
0.116764,0.120624,0.244125,0.240219,-0.000639837,-0.000229322,-8.11428e-05
0.119204,0.124134,0.242632,0.246151,-0.000223107,-0.000152881,-0.00151216
0.118169,0.125826,0.239416,0.244367,-0.000352189,0.000135438,-0.0010081
0.11945,0.123286,0.239393,0.243498,-0.000438243,0.000327651,7.39153e-05
0.11983,0.120777,0.241617,0.242648,-0.000732972,0.000218434,-0.00022199
0.116286,0.120733,0.239001,0.245993,0.000155612,0.000382982,0.00107271
0.119146,0.118002,0.231901,0.240332,-0.000337068,-0.000219397,0.000952499
0.11803,0.119846,0.235334,0.241504,1.2647e-05,-0.000146265,-7.70778e-05
0.116646,0.116921,0.236819,0.240705,0.000415332,0.000139849,0.00140668
0.117805,0.115303,0.235215,0.241157,0.000955057,0.000330592,0.000191799
0.119752,0.115999,0.232466,0.237782,0.000195895,0.000729021,-0.00105893
0.11905,0.117649,0.230292,0.236983,0.000130597,0.000248655,-0.00121458
0.119846,0.117476,0.232918,0.23634,0.000731324,-0.000342856,-6.37338e-05
0.11866,0.115563,0.230643,0.239782,4.67401e-05,-0.000228571,-0.00126319
0.119143,0.117725,0.231204,0.2376,-0.000409649,-0.000152381,0.000378575
0.116166,0.120984,0.227443,0.238481,0.000845878,-0.000101587,0.00096446
0.117104,0.12285,0.227451,0.235111,0.000563919,-0.000305084,0.000642973
0.118065,0.121674,0.229015,0.233477,-0.000302222,3.39698e-05,0.000428649
0.111715,0.119398,0.231454,0.236934,0.000239328,-0.00068943,0.000523125
0.109051,0.114924,0.224339,0.235729,-4.38987e-05,-0.000222261,0.000111391
0.111833,0.116793,0.22668,0.231712,-0.000910885,8.91848e-05,0.00031162
0.111618,0.113502,0.226299,0.235131,-0.00125152,-0.000415261,-0.000979048
0.112152,0.112244,0.223573,0.234614,-0.000630894,-0.00102283,-0.00116133
0.111651,0.115204,0.221847,0.232749,-0.000183237,-0.000444525,-0.000536858
0.114869,0.118579,0.218781,0.231383,-0.000122158,0.000212276,-8.66379e-05
0.113808,0.117094,0.223757,0.232122,-8.14386e-05,-9.58415e-05,-5.77586e-05
0.11247,0.115273,0.219313,0.231436,0.000149158,-0.00104724,0.000436212
0.110152,0.110809,0.21742,0.228174,0.000302889,-0.000223441,0.000765526
0.106792,0.111915,0.218614,0.228933,0.000201926,-0.000148961,0.00125634
0.111847,0.110458,0.219542,0.230289,0.000371976,-0.00155737,-0.000145787
0.112791,0.110662,0.214691,0.226206,0.000247984,-5.4902e-05,0.000140168
0.111637,0.111981,0.214384,0.233926,0.000165323,0.000675476,-0.000855991
0.108256,0.114999,0.218761,0.234702,-0.000771404,-0.00026176,0.000141416
0.108664,0.116768,0.221176,0.232774,-7.34597e-05,-0.000411865,-0.00112643
0.110326,0.116308,0.215833,0.22959,-0.000693233,0.000200141,-4.96511e-06
0.111064,0.113617,0.21562,0.228343,-0.000902965,0.000133427,-0.000986654
0.11045,0.11123,0.220052,0.232409,4.22834e-05,0.00032631,-0.000183052
0.110458,0.11173,0.219061,0.228534,2.81889e-05,0.000454899,0.000149233
0.112167,0.112776,0.218432,0.223972,1.87926e-05,0.000574534,0.000574207
0.111859,0.110814,0.218455,0.222276,0.000249887,0.00133246,0.000857522
0.112286,0.112471,0.21718,0.224757,-7.07674e-05,0.000176229,9.69636e-05
0.110211,0.109846,0.215855,0.223506,0.000393631,0.000117486,0.00101408
0.107402,0.10727,0.211932,0.221787,0.000906681,0.000315683,0.000201334
0.108286,0.107999,0.214226,0.225633,0.000604454,0.000210455,0.000134223
0.109527,0.108054,0.216916,0.228627,0.000199519,0.000377662,-0.000385236
0.110717,0.109263,0.214525,0.224604,0.000133012,0.00123512,-0.00100281
0.110954,0.108955,0.211404,0.222546,8.8675e-05,0.000823413,-0.000905898
0.107875,0.107991,0.214871,0.220522,-0.00102595,0.000786301,0.000142053
0.108058,0.107155,0.213409,0.218058,-0.000480518,0.000286842,-0.000888642
0.104334,0.105298,0.211554,0.216523,-0.000320345,0.000191228,0.00110299
0.102257,0.103334,0.20924,0.215088,2.37954e-05,0.000127485,0.00121005
0.100995,0.107721,0.21499,0.215627,-0.000662305,0.000797067,9.46208e-05
0.103824,0.109962,0.213523,0.212352,0.000236632,0.000531378,6.30805e-05
0.103251,0.111338,0.211413,0.210794,0.000157755,0.000354252,0.000516772
0.105813,0.113569,0.214498,0.215476,-0.000132189,-0.00023855,-0.000367562
0.105856,0.113661,0.214793,0.213174,-0.000528936,-0.000633751,-0.00122839
0.105002,0.110958,0.214288,0.207312,-0.000115265,-0.000931127,-7.29386e-05
0.099621,0.106971,0.214273,0.207324,0.000363966,-0.000383392,-0.00103197
0.103792,0.107775,0.21208,0.211119,-0.000198165,-0.000492954,-0.000450621
0.102806,0.109719,0.212501,0.21026,7.13403e-05,-9.1277e-05,0.00115765
0.102475,0.106146,0.212399,0.206022,0.00069182,-6.08513e-05,5.96885e-05
0.103325,0.107281,0.212064,0.206694,0.000461213,-4.05676e-05,0.000751869
0.105083,0.106684,0.21071,0.213515,-0.000540235,-0.000501763,0.000501246
0.103088,0.107856,0.210965,0.210512,-0.00103832,-0.000571868,9.68051e-05
0.10332,0.106428,0.206743,0.207342,-1.40482e-05,-0.000855963,-0.000410181
0.102701,0.101876,0.207422,0.204655,0.000634894,0.000141435,-0.000273454
0.106679,0.100458,0.207715,0.205904,0.000219812,-0.000143069,-0.000690929
0.108113,0.10018,0.207048,0.203138,0.000146542,-0.000332738,-0.000697978
0.100838,0.102034,0.207635,0.20148,0.000741954,-0.000221826,-0.000940037
0.102455,0.106546,0.208362,0.198341,0.000494636,8.94753e-05,0.000831371
0.102535,0.105953,0.207039,0.198921,-0.000314502,5.96502e-05,0.00102897
0.103083,0.105726,0.210501,0.196023,-6.21779e-06,-0.000706218,0.000923336
0.0985608,0.106468,0.20821,0.192333,-4.14519e-06,-0.000470812,0.000378198
0.0993399,0.104398,0.204197,0.190422,0.000641497,-4.26075e-05,0.000489491
0.101393,0.104916,0.206387,0.194818,0.000224214,0.000446313,-0.00113173
0.101035,0.104025,0.204831,0.194088,-0.000494784,-0.000177176,-0.000483222
0.104207,0.105534,0.206997,0.194127,7.7045e-05,-0.000118117,-0.00130549
0.106664,0.104842,0.2043,0.191005,-0.000152087,-0.000587371,-0.000158251
0.106275,0.104867,0.201279,0.19051,-0.000745651,-0.000154222,0.000640484
0.105159,0.101803,0.200043,0.190932,-5.62915e-05,-0.00105225,0.000426989
0.103922,0.0991763,0.199731,0.190889,0.000606732,-0.00117622,-0.000698685
0.101033,0.0977776,0.198275,0.189189,0.00104875,-0.00105541,0.00146699
0.101158,0.0969797,0.202505,0.186648,-0.000385904,-0.000194982,0.000740635
0.100289,0.0999085,0.205337,0.186567,0.0008278,-0.000367347,0.000256397
0.101778,0.100707,0.202554,0.187458,0.000348416,-0.000244898,0.000170932
0.101538,0.102468,0.201451,0.186407,-5.08146e-06,-0.000163265,0.000113954
0.102947,0.0979292,0.203833,0.186749,-3.38764e-06,-0.000380111,-0.00138209
0.101337,0.0961751,0.204166,0.188605,-0.000205709,1.78601e-05,-0.000921395
0.101731,0.0973347,0.203746,0.189192,-0.000374498,0.000249266,0.000369081
0.0995832,0.0969303,0.200181,0.184999,0.000191144,0.000166177,-0.000499931
0.0998444,0.0967907,0.199909,0.186037,-0.00031338,0.000822862,0.000412698
0.10064,0.0978146,0.202408,0.191634,-0.000412371,0.000311215,-0.000199586
0.0975537,0.0985646,0.203342,0.192826,0.000369346,0.000207477,0.000579019
0.101556,0.100357,0.200881,0.191058,0.000246231,-9.9041e-05,-8.87049e-05
0.102148,0.101337,0.198708,0.189862,-3.92966e-05,-0.000303386,0.000890299
0.103323,0.0973471,0.202195,0.187254,0.000177253,-0.000710884,0.000830892
0.0994278,0.0938116,0.195267,0.189254,0.000355527,0.000272063,-0.000158149
0.0978909,0.0900409,0.197003,0.186889,0.000677828,0.000418734,-0.000105433
0.100747,0.0936187,0.196346,0.189122,0.000214526,0.000753874,-0.000307647
0.0994858,0.0952593,0.195899,0.19001,0.000143017,0.000502583,-0.00166316
0.100232,0.094547,0.196208,0.192887,0.000332704,0.000843681,-0.000634056
0.101736,0.0955278,0.194481,0.1929,0.000221803,-0.00042089,8.59225e-05
0.100191,0.0992045,0.190073,0.191774,-0.000292941,-0.000280593,5.72817e-05
0.0956966,0.0975066,0.192186,0.190586,-0.000432653,5.02968e-05,0.00122498
0.0966222,0.0939241,0.192268,0.187296,-5.10764e-05,0.000508249,0.000816655
0.0935406,0.0939734,0.191553,0.188396,-3.40509e-05,0.000338833,0.000781796
0.0942234,0.0914518,0.188921,0.182023,0.000418109,0.000225888,-0.00019088
0.0964553,0.0914329,0.187243,0.17899,0.000278739,0.00042186,-0.000364612
0.093302,0.0917701,0.191432,0.177919,0.000389277,9.97242e-06,0.000231643
0.0911499,0.0906744,0.189382,0.179961,0.000259518,0.000752634,-0.000320289
0.0936574,0.0912078,0.186196,0.180214,-3.04387e-05,-0.00024423,-0.000213526
0.0936332,0.0897199,0.185251,0.182941,-0.000257651,-0.00016282,-0.000142351
0.0922649,0.0896224,0.187059,0.179557,-0.000171768,-0.000345905,-0.00107824
0.093218,0.0899683,0.187831,0.179571,-0.000317962,6.75533e-06,0.000501873
0.0890517,0.0878357,0.182528,0.182119,-0.000211975,4.50356e-06,0.000571941
0.090723,0.0886657,0.183215,0.176318,-0.000819485,0.000986347,0.000143935
0.0908104,0.0863087,0.18187,0.177633,-0.000308964,0.000657564,0.000333316
0.0878673,0.0918627,0.179141,0.180592,-1.68381e-06,-2.42278e-05,-0.000722176
0.0880252,0.0896348,0.173317,0.179298,-1.12254e-06,-1.61518e-05,-0.000481451
0.0854231,0.0892847,0.173761,0.176334,0.000236611,0.000226591,-8.36081e-05
0.0861703,0.0870722,0.177992,0.174817,0.00015774,-0.000594925,-0.000801724
0.0832425,0.085878,0.178847,0.17696,0.00074942,-0.000125349,-0.0010092
0.0817152,0.0872115,0.176829,0.179322,0.000499613,-0.000354833,0.000785262
0.0828799,0.0875522,0.172952,0.178444,-0.000107734,0.00050943,4.87899e-05
0.0835475,0.0877517,0.170901,0.174533,-7.18225e-05,0.00921099,0.000269886
0.0845981,0.0890809,0.169596,0.170509,-4.78817e-05,0.00664823,0.000654642
0.0860802,0.0881161,0.169827,0.172619,-0.000676181,0.00552491,0.00118241
0.0877332,0.084949,0.169848,0.172963,-0.000891597,0.00388401,-0.000432428
0.0875545,0.0813694,0.165345,0.174013,-0.000797848,0.00291791,-0.000288285
0.084544,0.0812283,0.167809,0.171109,0.000315812,0.00168308,-0.000666908
0.0843259,0.0831136,0.169885,0.172151,0.000210541,0.00154423,-0.00119059
0.0819964,0.0801646,0.167283,0.176724,0.00058117,0.00143937,-0.000319009
0.0792196,0.0785958,0.164146,0.177129,0.000387447,0.00153826,0.000295954
0.078842,0.0785281,0.165155,0.180072,0.000258298,0.000628763,0.000909379
0.0817061,0.0808169,0.166371,0.172341,-3.1252e-05,0.000206387,0.000606253
0.0811522,0.0840037,0.168232,0.170239,0.000182616,0.000452718,0.000404169
0.0846606,0.0851213,0.164418,0.170918,-0.000319066,0.000572065,0.000744164
0.0817704,0.081057,0.163105,0.173666,-0.000416161,0.000406048,2.13912e-05
0.0804124,0.0798672,0.165143,0.169077,-0.000277441,5.18426e-05,-0.000460457
0.0819019,0.0804854,0.16746,0.168665,0.000255849,4.84391e-05,0.000642464
0.0805195,0.0824459,0.167899,0.163622,-6.67929e-05,-0.000228567,-0.00126711
0.0815424,0.0805893,0.166416,0.162848,0.000396281,0.000601413,-0.000844741
0.0780508,0.0753679,0.165023,0.161586,0.000501546,0.000406797,0.000420184
0.0779534,0.0754301,0.161663,0.16372,9.70052e-05,0.000275589,-0.000940581
0.0792992,0.0742773,0.160525,0.162941,-0.00013878,0.000187019,-0.000627054
0.0738596,0.074757,0.159981,0.163875,-9.25203e-05,-0.00011021,0.00104003
0.0738283,0.0737735,0.158187,0.168005,-0.000299039,-7.16208e-05,0.000693351
0.0770023,0.0754457,0.155396,0.164523,-0.00040281,-0.000283717,0.000462234
0.0819962,0.0759314,0.153254,0.160953,-6.50894e-05,-0.00117145,0.000545515
0.0798494,0.0757308,0.152179,0.159766,-4.3393e-05,-0.00149226,-0.000111041
0.0781132,0.0761092,0.153899,0.157112,-2.89286e-05,-0.000519536,-0.00105737
0.0760349,0.0753324,0.152913,0.16362,-0.000222736,0.000874785,-0.000196288
0.0758398,0.0746353,0.149119,0.160417,-0.00038585,0.000820879,-0.0011142
0.0763654,0.0750135,0.148633,0.157864,-0.000257233,0.000310141,-0.000268084
0.0777373,0.0745197,0.149711,0.158175,-0.000171489,-0.00030168,0.0015167
0.0759219,0.0753808,0.148579,0.15751,0.000326484,-0.000675699,0.000536414
0.0749014,0.0780118,0.154816,0.15946,0.000217656,-0.000213003,0.000594968
0.0746737,0.0809542,0.150815,0.161053,-5.83467e-05,0.000332794,0.000634005
0.0773214,0.0790738,0.146696,0.159209,-0.000276257,0.000221922,-0.000526766
0.0776981,0.0749677,0.14872,0.160627,0.000256638,-0.0010388,-0.000588536
0.0764399,0.0780972,0.144647,0.157954,0.000408451,0.000256933,-0.00161306
0.0747627,0.0786033,0.145916,0.158124,-0.000168509,0.00067994,-0.000600656
0.0692088,0.0733367,0.149702,0.157599,9.11114e-05,0.00116539,0.000820266
0.0701937,0.0750632,0.147688,0.157259,-0.00014271,0.00077694,7.2126e-05
0.0732045,0.0730779,0.144429,0.157627,0.000108311,4.32524e-05,0.00123488
0.0731521,0.0696684,0.145329,0.160666,-0.000131243,2.88428e-05,0.000348535
0.0741996,0.0679102,0.147486,0.164087,0.000115955,0.000256593,-5.00254e-06
0.0747415,0.070309,0.147778,0.160173,-0.000126147,0.000171067,0.000980009
0.0736231,0.0697308,0.145472,0.156006,-8.40981e-05,-0.000123311,-0.000804723
0.0735465,0.0687648,0.146461,0.150702,-5.60654e-05,-8.2205e-05,-0.00151983
0.0767797,0.0713776,0.146324,0.149189,0.000403433,-0.00029216,-0.000267232
0.0754783,0.0730817,0.146003,0.147211,0.000268955,0.000517305,-0.000449422
0.0750573,0.0747297,0.146392,0.150658,-0.000261506,0.00058223,-2.83473e-05
0.0722416,0.0708766,0.144898,0.150426,-0.000411696,0.00089678,0.000693179
0.0692779,0.0694843,0.144308,0.150615,0.000403704,0.000597854,0.000936837
0.0699134,0.0719316,0.14132,0.148094,3.17772e-05,-0.000110056,0.00014984
0.0704349,0.0703311,0.142423,0.148903,2.11848e-05,-0.000548089,0.00108324
0.0709697,0.0711207,0.144262,0.144326,0.000251482,0.000109326,-2.38269e-05
0.0671096,0.0716357,0.14471,0.146447,-0.000510514,0.00058151,-0.00123659
0.0641586,0.0726456,0.144359,0.142421,-0.000102983,0.000387674,-7.84066e-05
0.0646363,0.069051,0.139891,0.141885,0.000134795,-1.28181e-05,-0.00103562
0.0718194,0.0720059,0.138339,0.139445,-0.000350946,-0.000483263,-0.00069041
0.073936,0.070798,0.140346,0.137886,3.39479e-06,0.000152542,4.83529e-05
0.0694705,0.0692088,0.143022,0.136301,-0.000641997,0.00084768,-0.000476391
0.0696717,0.0711983,0.149718,0.136802,-2.10968e-05,0.000327761,0.000428391
0.069781,0.0684267,0.14282,0.13668,-0.000217515,-0.000290119,0.000522953
0.0711342,0.0706934,0.138772,0.133171,0.000940059,-0.00114285,0.00129807
0.0714645,0.0712825,0.137666,0.131581,0.00106752,-0.00052454,0.000865381
0.0685859,0.0739742,0.13635,0.128888,0.000508227,-0.000112334,0.000102203
0.0650813,0.0707822,0.138013,0.129208,-0.000101992,0.000162469,0.000542853
0.0643003,0.0720671,0.138329,0.134466,-6.79945e-05,-0.000129046,-0.000824893
0.0671622,0.0698152,0.137358,0.133587,-0.000486139,-0.000560749,-0.00200799
0.0693837,0.0713334,0.137971,0.130439,-0.000120642,-0.000136473,-0.000626584
0.0680981,0.0715628,0.133872,0.130539,-0.000283879,-0.000328341,9.09039e-05
0.0696804,0.0692771,0.132944,0.124697,1.41981e-05,0.000493183,0.000772679
0.0636529,0.0657144,0.131144,0.121954,9.46538e-06,0.000566147,-0.000705583
0.0641555,0.0661994,0.129838,0.124748,6.31026e-06,0.000140073,0.000987673
0.0636589,0.0640988,0.129423,0.125104,-0.000199244,-0.000143977,0.000895808
0.0619964,0.0651007,0.128162,0.126654,0.00030798,-0.000570703,0.000359846
0.0625842,0.0644745,0.12845,0.126104,0.000408771,-0.000380468,0.000714615
0.0621833,0.0640401,0.129805,0.127911,6.90633e-05,-1.62867e-05,-0.000473026
0.0616546,0.0636297,0.130298,0.124186,0.000486852,-0.000485576,-0.000552709
0.0644635,0.0636045,0.131578,0.125961,-0.000116242,0.000151001,-0.000605832
0.065015,0.0642689,0.130743,0.127775,-7.74945e-05,-0.000136692,-0.000166529
0.0632733,0.0646263,0.125705,0.127125,0.000151788,-9.11278e-05,-0.000857005
0.0643905,0.0642211,0.126335,0.124352,0.000338551,-0.00128146,-6.27101e-05
0.0646102,0.0649748,0.125686,0.125881,-0.000215109,-0.000616944,0.00114499
0.0639194,0.0627241,0.126317,0.123579,-0.000380765,0.000809407,5.12485e-05
0.0600442,0.0627626,0.129431,0.119782,-0.000694653,0.000302246,0.000508884
0.0613988,0.061607,0.131257,0.120128,-0.000463102,0.000676215,0.000813974
0.0621707,0.0638078,0.125846,0.121627,-7.13756e-05,-0.000261267,-0.000644146
0.0636372,0.0623166,0.126225,0.124507,-0.000691844,-0.000682804,4.52875e-05
0.063949,0.063584,0.123666,0.120616,0.00062384,-0.000929921,-0.000207167
0.0591769,0.0644895,0.123492,0.119496,0.000619344,-0.000857306,-0.00135881
0.0575404,0.0614217,0.120569,0.117104,0.000853705,-0.000571537,-0.000905876
0.0575779,0.0606321,0.116872,0.115439,0.000365686,0.000568411,-0.0001292
0.0556676,0.0608295,0.117436,0.117425,0.000243791,-9.57773e-05,0.000659852
0.0581691,0.0620296,0.1165,0.117935,-7.48316e-05,-0.00030121,0.000439901
0.0564463,0.0623173,0.116584,0.116659,0.000187471,-0.000200807,0.00100534
0.0566545,0.0610015,0.118303,0.116818,-0.000315829,-0.000133871,0.00067023
0.0591508,0.0581893,0.118536,0.11679,0.000230257,0.00038547,-0.000265257
0.0614387,0.0604656,0.120774,0.111935,-0.000287305,0.00025698,0.00029788
0.0624383,0.059091,0.117881,0.112037,-0.000869705,0.000917305,-0.000750849
0.0595965,0.0594291,0.120518,0.111804,-0.000579803,-0.000371807,-2.58483e-05
0.0578432,0.0571262,0.117714,0.115261,-0.000386536,-0.000247872,-0.00049195
0.0558278,0.0551514,0.113287,0.117487,0.000420478,0.000818097,-0.000836593
0.0583485,0.0551367,0.112379,0.114983,0.000924579,0.000308039,-4.91024e-05
0.0587954,0.0563808,0.11042,0.115583,0.000853745,-0.000303267,0.000204624
0.0608619,0.0568053,0.111555,0.114752,0.000976064,-0.000202178,0.000848493
0.0593437,0.0546746,0.111554,0.114213,6.44948e-06,0.000373841,0.00104038
0.0571334,0.0530224,0.112017,0.113479,4.29965e-06,-0.000259399,0.000218869
0.0572351,0.0524203,0.109727,0.113996,2.86644e-06,-0.000410292,0.000145912
0.0597534,0.0525749,0.107418,0.1123,-0.000642349,0.00020119,-0.000852161
0.0623442,0.0568936,0.10577,0.109324,1.25768e-05,0.000405394,-0.00131409
0.060552,0.0600094,0.106766,0.107454,-0.000432425,0.000507622,0.000107283
0.0566652,0.0555544,0.102049,0.10602,-0.000525642,0.00105049,-0.00114918
0.0547891,0.0573497,0.107264,0.107468,-0.000553879,0.000700328,0.000454582
0.0542586,0.0548136,0.10447,0.105801,-0.000165802,0.000229526,0.00148985
0.0519639,0.0531598,0.104605,0.109626,0.000126824,-8.43416e-05,0.000993233
0.0525755,0.0537331,0.101269,0.110544,0.000966168,-0.000802213,0.000187437
0.0525361,0.0532937,0.100649,0.108607,0.000406753,-0.000263541,0.000124958
0.0506387,0.0530471,0.104094,0.103445,0.000915429,6.16648e-05,8.33055e-05
0.0479517,0.0504087,0.102187,0.0984508,-0.000237425,4.11098e-05,-0.00065654
0.0473225,0.0483847,0.102401,0.094478,4.51675e-05,-0.000209952,-0.000675052
0.0473695,0.0479349,0.101956,0.094393,-0.000614148,9.73907e-05,-0.000212676
0.0488306,0.0498065,0.102294,0.0986997,-0.0014945,-0.000172432,-0.000379143
0.048583,0.0511936,0.103023,0.101884,-0.00143714,-0.000114955,0.000221956
0.0497743,0.0520255,0.102112,0.101012,-0.000754645,-0.000347904,-8.93883e-05
0.0505506,0.0537765,0.103913,0.101948,0.000141163,-0.000231936,0.0011272
0.052842,0.0526186,0.10061,0.100534,9.41087e-05,-0.000391983,0.00027675
0.0527128,0.0523781,0.098978,0.10107,6.27391e-05,-2.39629e-05,0.0001845
0.0518263,0.0498244,0.0962685,0.100241,0.000482636,-0.000253334,0.000123
0.0520035,0.0494138,0.0972309,0.0959155,0.00120338,6.84695e-05,-0.000630077
0.0525908,0.0459914,0.0976453,0.0939434,0.000802251,4.56463e-05,-0.000928677
0.052218,0.0465299,0.0963042,0.0965303,0.000772193,0.000539057,-0.000856477
0.0519672,0.0492375,0.0940901,0.097769,0.000921696,-0.000149255,-0.000808344
0.0508595,0.0491754,0.0946417,0.0982932,0.000851823,-0.00081158,0.000681807
0.0504498,0.0512455,0.094948,0.0949287,-7.63779e-05,-0.00125313,0.000929256
0.0503473,0.0489861,0.0915532,0.0935996,-0.000288278,-0.00083542,0.00109422
0.053877,0.0438552,0.0944356,0.0865451,-0.000632995,-0.000319588,0.000729481
0.0490699,0.0455326,0.08875,0.083927,-0.00194788,2.43004e-05,0.000248962
0.0493801,0.0465666,0.0894577,0.0879626,-0.00129858,0.000490918,-0.000546102
0.0462005,0.0487708,0.0899831,0.0873593,-0.000865722,0.000327279,-0.00134741
0.0435121,0.0508142,0.0870322,0.0886111,6.71118e-05,0.000455545,-0.00015229
0.0458214,0.0479372,0.0893277,0.0914763,0.0002821,6.63376e-05,-0.00108487
0.0469476,0.0489419,0.0867941,0.0908583,0.00106969,-0.000667852,0.000260097
0.0496077,0.0478931,0.0881762,0.0892329,0.000713124,-0.000207876,0.000648116
0.0511845,0.0478223,0.0899073,0.0887754,0.000916225,0.000336134,0.000432077
0.0469719,0.0452839,0.0892759,0.0878955,0.000610817,0.000698807,0.000762769
0.0450681,0.0454661,0.085789,0.0865859,0.000407211,0.000228513,0.000745872
0.0460524,0.047365,0.0837565,0.0894549,-0.000169335,-8.50172e-05,-0.000926906
0.0439582,0.0486304,0.0838075,0.0886614,9.05603e-05,-0.000294037,9.41397e-05
0.0420683,0.0465009,0.0885893,0.0926928,0.000501183,4.13342e-05,-0.00115794
0.0397972,0.0472603,0.0872741,0.0907012,-0.000106687,-0.000209803,-0.00100932
0.0393662,0.043379,0.0829599,0.0908267,-7.1125e-05,9.74904e-05,0.000310463
0.0393062,0.0414583,0.080221,0.0899794,-0.000488226,6.49936e-05,0.000206976
0.0438704,0.0399337,0.0785541,0.0856444,-0.0012071,4.33291e-05,0.000850061
0.0403887,0.0389431,0.0819155,0.0873312,-0.00121164,0.000266245,0.000804066
0.0369798,0.0380945,0.0828937,0.0868052,-0.000807758,0.000923482,0.000773403
0.0371747,0.0391958,0.08147,0.0869107,-0.000131604,0.000378296,4.08841e-05
0.0390655,0.041954,0.0805784,0.0845484,-8.7736e-05,-1.90703e-05,2.7256e-05
0.0388987,0.0397186,0.0779048,0.0815522,0.000619678,-1.27135e-05,-0.000693906
0.038651,0.0424378,0.0794848,0.0794138,0.00129474,-0.000957911,-0.00097123
0.0400803,0.0418458,0.0789679,0.0816214,-1.84606e-05,-0.00016389,-0.00037622
0.0426362,0.0439666,0.0782308,0.0816783,0.000428502,-0.00010926,-0.000250813
0.0425744,0.0392598,0.076124,0.0783346,0.000285668,-0.000310199,0.000307509
0.0424219,0.0388281,0.0766856,0.0782357,-0.000250364,3.05597e-05,-0.00125306
0.0403971,0.0397229,0.074573,0.0753973,-0.000404268,0.000495091,0.000622691
0.0387352,0.0373798,0.0729016,0.0754053,-0.000472963,0.000330061,0.00136456
0.0385515,0.0386542,0.0720346,0.0725763,-0.000111858,0.000966026,0.000434991
0.0392884,0.0403961,0.0723257,0.0693974,-7.4572e-05,0.000644017,5.26351e-05
0.0393806,0.0384989,0.0712422,0.070195,0.000187644,-0.00031664,0.000747167
0.0381641,0.0388064,0.0715286,0.0725138,0.000328547,-0.000211094,0.000498111
0.0409666,0.0348604,0.0726209,0.0723578,-0.000221778,0.000130538,-0.00136335
0.0408537,0.0312713,0.0745361,0.0768098,-0.000588662,-0.000421601,-0.00114626
0.0399559,0.0347752,0.0747214,0.0720586,-0.000155082,-0.000518426,-0.000526812
0.0411342,0.0312002,0.0701476,0.0735567,0.000100062,-0.000345617,-7.99408e-05
0.0395326,0.0308468,0.0678476,0.0700913,6.67083e-05,0.000244306,0.000896142
0.0353647,0.0313937,0.0680618,0.0728348,0.000485282,0.000162871,0.00012271
0.0345456,0.031784,0.0685265,0.0690035,0.00056088,0.000379848,8.18067e-05
0.0328329,0.0302526,0.0672005,0.0685992,0.000136561,0.000490591,0.000291897
0.034061,0.0327222,0.0669601,0.0657525,-0.00011241,8.97017e-05,0.000906675
0.0312946,0.033464,0.0671375,0.0667958,-0.000515749,-0.000211466,-0.000107627
0.0305653,0.0351569,0.0677099,0.0678574,-0.000343833,-0.000140978,-0.000546469
0.02958,0.0343652,0.0647977,0.0677465,-0.000466581,-0.000806062,0.000110405
0.0315246,0.0339161,0.0663633,0.0675134,-0.000311054,-6.26567e-05,7.36034e-05
0.0295596,0.0310827,0.0638582,0.0670832,-0.00041082,-4.17711e-05,-0.000934275
0.0328752,0.028455,0.0618184,0.0628426,0.00081119,-0.000265206,-0.00062285
0.0323037,0.0309266,0.0596209,0.0601286,0.000981603,0.000297914,-0.000652592
0.0303386,0.0326476,0.0588662,0.0613712,0.000654402,0.000198609,-0.000672421
0.028225,0.0344322,0.0577602,0.0575752,0.000436268,0.000132406,0.00100978
0.0308326,0.0332906,0.0592529,0.0567973,-0.000149964,0.000359538,0.00019847
0.0336914,0.030475,0.0629488,0.0581869,-0.000303427,-3.15753e-05,0.000369672
0.0296548,0.0317181,0.0598935,0.0591523,-0.000202284,-0.000495768,0.000483807
0.0306858,0.0331825,0.0602662,0.0568583,6.85942e-05,-9.31531e-05,0.000559897
0.0305709,0.0349368,0.0586705,0.0543341,-0.000157721,-6.21021e-05,0.000610624
0.0294991,0.0312419,0.0612421,0.0570067,-0.000105147,-4.14014e-05,-0.000542353
0.0284838,0.0292114,0.0570863,0.0577315,-0.000307457,-0.00026496,-0.000598928
0.025026,0.0282902,0.056461,0.0571551,-0.000408422,6.0719e-05,-0.00114527
0.0236065,0.0287602,0.0536586,0.0575222,-0.000272281,0.000277838,-0.000526155
0.0253013,0.0246549,0.0536405,0.0555294,-0.00041888,0.000456493,-0.000588129
0.0257756,0.0259596,0.0547466,0.0575136,-0.000279253,3.30612e-05,0.00130334
0.0247341,0.026834,0.0538866,0.0567878,0.000254641,2.20408e-05,0.000394172
0.0285993,0.0253502,0.0512821,0.0513058,0.000407119,1.46939e-05,2.54225e-05
0.0272843,0.0242112,0.0520586,0.0522837,0.000474863,0.000518422,0.000966384
0.0256611,0.0240972,0.053078,0.0515457,-0.000124234,-0.00040037,-6.78207e-05
0.0267066,0.0238738,0.0504131,0.0497914,-0.000286273,-2.95547e-05,-0.000282573
0.0261291,0.0242709,0.0508379,0.0503496,1.26018e-05,-1.97031e-05,0.00126968
0.02585,0.0293008,0.0501345,0.050002,-0.000432408,0.000495491,-0.00112023
0.0256986,0.0281817,0.0489354,0.0492914,-0.000491723,-0.000178299,-0.0014589
0.025007,0.0280279,0.0484926,0.0501806,-0.000124365,0.000152401,1.07441e-05
0.0250488,0.0272052,0.0470722,0.0502465,0.000154449,-0.000644384,-0.000264105
0.0244502,0.02349,0.0466099,0.0478243,0.000306417,-0.000192231,-0.000888147
0.0247044,0.0244354,0.0468408,0.0445701,0.000441637,0.000109205,0.00157804
0.0238842,0.0239947,0.0462212,0.0464636,5.70655e-05,-0.000164555,0.000814669
0.025545,0.0248111,0.0463829,0.0474435,-0.000402766,0.000636282,0.000543112
0.0222762,0.0260422,0.0500619,0.0475095,-0.000471961,-8.44386e-05,0.000362075
0.0247457,0.0238939,0.0453484,0.0450228,-0.000314641,0.000214975,-0.000233335
0.0246923,0.0253627,0.0451334,0.0437414,-0.00020976,0.000143317,-0.00161362
0.022756,0.0241346,0.0454931,0.044931,0.000300969,0.000332903,0.000144957
0.0188496,0.0237173,0.0446879,0.046866,0.000404097,-1.54234e-05,9.66383e-05
0.0222052,0.0221767,0.0448497,0.0476683,0.000710207,-0.000518909,-0.00068156
0.0214369,0.0185244,0.0438815,0.0445421,0.000473471,0.000162687,0.000291612
0.0197873,0.0226773,0.0393116,0.0428653,0.000553007,-0.000162809,0.000906485
0.0210439,0.0224842,0.0411239,0.0409017,0.000368671,-0.000108539,-0.000107754
0.0220062,0.0224878,0.0415685,0.0432486,0.000449231,0.000436267,0.000402882
0.0190354,0.0230087,0.0408211,0.0424913,-0.000141322,0.000290844,0.000743306
0.0180325,0.0241029,0.0409285,0.0412027,-9.42147e-05,0.000193896,0.000258178
0.0192435,0.0211712,0.0402425,0.0366779,-0.00070707,-0.000108095,-0.000539958
0.0187728,0.019606,0.0380284,0.0375501,-0.00047138,-7.20632e-05,-0.000597331
0.0161181,0.0197106,0.0363767,0.0364229,-0.000314253,-4.80421e-05,-0.000906847
0.0146167,0.0191869,0.0374962,0.0359955,-0.000209502,0.000205331,-0.00131664
0.0181931,0.0180483,0.0379749,0.0394762,-0.000783928,-0.000609098,7.16748e-05
0.0192677,0.0179257,0.0341117,0.0341209,0.000121641,-0.000880783,0.000793768
0.0202072,0.017218,0.036211,0.0345122,-0.000359715,0.000124888,0.0010039
0.0219522,0.0154983,0.0385182,0.03228,0.00040445,-0.0001541,-0.00102616
0.0202642,0.0148358,0.0379172,0.0305999,0.000710443,0.000405893,0.00124868
0.0188664,0.0142735,0.0360421,0.0299075,0.000914438,0.000270595,0.000595091
0.016793,0.0150134,0.0333056,0.029304,0.000168816,-0.00032823,-0.000823975
0.0150437,0.0131077,0.0327827,0.026334,0.000112544,-0.00021882,0.000671386
0.0146054,0.0135618,0.033733,0.0266372,7.50292e-05,-0.000383239,0.000210232
0.0130319,0.0127631,0.0340949,0.0282415,-0.00059424,0.000490493,-0.00108055
0.0147555,0.0133078,0.0298602,0.0287442,-0.000633519,5.57278e-05,-0.000211739
0.0129493,0.0125164,0.0280768,0.0284092,-0.000422346,3.71519e-05,-0.000649786
0.0128896,0.0160841,0.027399,0.0274985,-0.000485015,2.47679e-05,-0.000433191
0.0134228,0.0114806,0.0269622,0.0270182,-0.000119893,0.000287779,0.00069455
0.0126314,0.012998,0.0277799,0.0238324,-0.000283379,-0.000316773,0.00117511
0.0120803,0.0115972,0.0257527,0.0216174,0.00089615,2.61767e-05,0.000308689
0.0116191,0.0118938,0.0237938,0.0216669,0.000393983,-0.000219908,0.00118914
0.0131461,0.0126774,0.0242397,0.0213067,-0.000178154,9.07537e-05,4.67727e-05
0.0086186,0.00836868,0.0237623,0.0198128,0.000525491,-0.000176856,-0.000680895
0.00970321,0.0106164,0.0239751,0.021191,0.000146877,-0.000592622,2.07879e-05
0.0110493,0.00791992,0.0230567,0.0205658,0.000301368,0.000588263,-0.000698218
0.0107221,0.0109126,0.0229512,0.0237786,-0.000443348,-0.000116451,-0.000974105
0.0118733,0.0111702,0.0240313,0.0234192,-0.000295565,0.000159725,-0.000412044
0.0125321,0.010226,0.0227594,0.0201949,-0.000637853,0.00061511,-3.42896e-06
0.01188,0.00824974,0.0214706,0.0183672,-0.000628686,0.000172714,0.000235073
0.00947035,0.00989742,0.0242578,0.0163956,-0.000215673,-0.000156125,0.000868792
0.0131982,0.0104809,0.0242293,0.0188213,5.96683e-05,-0.000104083,0.000816554
0.0130005,0.00716127,0.0241816,0.0178825,0.000277138,-0.000306748,0.000544369
0.0102877,0.00852807,0.0222818,0.0153623,0.000184759,-0.000204498,-0.000349164
0.0102297,0.00892382,0.0189941,0.0192755,0.000326623,0.000101027,4.5829e-06
0.0107701,0.0134166,0.0176181,0.0162233,0.000895917,6.73511e-05,-0.00121765
0.0112158,0.0118165,0.0164863,0.0197691,0.00103809,4.49007e-05,-0.000303139
0.0121078,0.00759561,0.0139932,0.0190328,1.38899e-05,2.99338e-05,3.52663e-05
0.0121131,0.00937794,0.0167393,0.0123767,-0.000194191,1.99559e-05,-0.000213848
0.0128447,0.00887155,0.0165227,0.0118457,-0.00012946,1.33039e-05,0.000332153
0.00891003,0.00987965,0.0166402,0.0133079,-0.000323666,0.000280137,0.000696153
0.00926184,0.012359,0.0186138,0.012597,-0.000419228,-0.000321869,0.000701461
0.0101665,0.00803777,0.0201756,0.0119778,-0.000720295,0.000294047,0.000467641
0.0107938,0.00659938,0.0172454,0.0135338,-0.000276746,-0.000549954,7.44014e-05
0.0111789,0.00861055,0.0157191,0.0120565,-0.000184497,0.000379349,0.000524319
0.0109977,0.00462367,0.0139779,0.0122443,0.000317811,-1.83677e-05,-0.000837249
0.0137751,0.00672166,0.0138688,0.0122715,8.42367e-06,0.000259022,-0.00106679
0.0115447,0.0082169,0.0132697,0.0110713,0.000446425,-9.85859e-05,-0.000711195
0.0117733,0.0104855,0.0122207,0.00962926,-0.000143193,-0.000303083,-0.000711489
0.012581,0.0103443,0.0104123,0.0108988,-9.54618e-05,-0.000439414,-0.000474326
0.0114491,0.00831412,0.00652913,0.00810604,-6.36412e-05,0.000181775,0.00114184
0.00801185,0.00935652,0.00823689,0.00799317,0.000161023,-0.000116176,0.000523871
0.0104504,0.00953847,0.00893957,0.0080217,-0.000333461,-7.74504e-05,0.000111888
0.0109304,0.00913964,0.00839649,0.0098478,0.000455861,-5.16336e-05,0.00054931
0.0057641,0.00752908,0.00855736,0.00883621,-0.000136902,-3.44224e-05,0.000603566
0.00761954,0.00632838,0.00773686,0.00801509,-9.1268e-05,-0.000260307,-0.000784418
0.00648905,0.0078203,0.00800698,0.00917869,-0.000501655,6.38208e-05,0.000426491
0.00610226,0.0107329,0.0071482,0.00810409,-0.000334437,4.25472e-05,0.000284327
0.00384592,0.00844496,0.00627645,0.00533701,0.000421302,-0.000446353,-0.00126851